note_id,type,title,desc,video_url,time,last_update_time,user_id,nickname,avatar,liked_count,collected_count,comment_count,share_count,ip_location,image_list,tag_list,last_modify_ts,note_url,source_keyword,xsec_token
685d9ac20000000023004203,normal,两个月拿下考研政治75+经验分享！,"我24考研政治76，25考研政治78
✨肖老师说近十年最难的一届，我反而提升了两分嘻嘻
✨我的政治备考经历可能会让很多人大跌眼镜，我没有像网上铺天盖地的经验贴说的暑假开始，也没有什么按部就班的一轮二轮三轮，更没有看过一秒钟什么徐涛腿姐的课，我本人也是极度反对政治一开始复习就看网课，我是等肖老出了背诵手册才开始学的，每天一两个小时，进度完全来得及。
✨而且我是理科生，上一次学政治可以追溯到八年前初三的时候，所以我是一个彻彻底底的政治学科的素人，我的经验和做法绝对适合绝大部分人，特别是像我们医学类的专业课占据大部分精力和时间的专业，两个月时间能够帮你以最少的时间换取最高的分数，当然前提是这两个月你得百分百用心去学，不能再以一种放松的心态去学政治。
✨具体的安排和常见问题可以看图片咯～希望这个经验贴可以帮助到大家，觉得对自己有用的各取所需就好了，有其他问题也可以评论区留言，我会回复的哦[飞吻R]
#考研政治[话题]# #考研上岸经验[话题]# #考研经验分享[话题]#",,1750975236000,1750964931000,5d22cc4b0000000012029011,杨玄礼,https://sns-avatar-qc.xhscdn.com/avatar/1040g2jo31iqsorg21g605n92ph5kl40hh32m4d8,1.8万,2.6万,494,2744,,"http://sns-webpic-qc.xhscdn.com/202512062137/2d5bded9183a8bb2b0e46cb3bba4fda5/1040g2sg31j73cahu2o6g5n92ph5kl40ho468fc8!nd_dft_wlteh_webp_3,http://sns-webpic-qc.xhscdn.com/202512062137/95a0260dd5184854eb1d2f12084110c9/1040g2sg31j73cahu2o605n92ph5kl40h62m8io0!nd_dft_wlteh_webp_3,http://sns-webpic-qc.xhscdn.com/202512062137/1b1a73b53e1f3d9628a2d01a0b0f90ba/1040g2sg31j73cahu2o4g5n92ph5kl40hjqmuego!nd_dft_wlteh_webp_3,http://sns-webpic-qc.xhscdn.com/202512062137/4173a77dd4ab5a7d31165a09712ce4d2/1040g2sg31j73cahu2o405n92ph5kl40hqvp9vbg!nd_dft_wgth_webp_3,http://sns-webpic-qc.xhscdn.com/202512062137/45de0388a09f6837ea2eac80d1f6cb71/1040g2sg31j73cahu2o2g5n92ph5kl40hfs5vcrg!nd_dft_wlteh_webp_3,http://sns-webpic-qc.xhscdn.com/202512062137/366c97bc734404e31f6b16717683e9b4/1040g2sg31j73cahu2o205n92ph5kl40h1h19jjg!nd_dft_wlteh_webp_3,http://sns-webpic-qc.xhscdn.com/202512062137/6e367058cc428909f93dd4a200aa787f/1040g2sg31j73cahu2o5g5n92ph5kl40h4tg0f58!nd_dft_wlteh_webp_3,http://sns-webpic-qc.xhscdn.com/202512062137/72775ff5a27be8d853060fd4bde27b78/1040g2sg31j73cahu2o1g5n92ph5kl40hfurpij0!nd_dft_wlteh_webp_3,http://sns-webpic-qc.xhscdn.com/202512062137/6911f5c210f0c5478a4482b25457bc81/1040g2sg31j73cahu2o0g5n92ph5kl40htglv330!nd_dft_wlteh_webp_3","考研政治,考研上岸经验,考研经验分享",1765028290295,https://www.xiaohongshu.com/explore/685d9ac20000000023004203?xsec_token=AB23Rp4JINw08RcThJ-TCmLjcvMaue0LxeqViatO4p6os=&xsec_source=pc_search,考研,AB23Rp4JINw08RcThJ-TCmLjcvMaue0LxeqViatO4p6os=
68c2a04d000000001b03c558,normal,大三开学开始备考研究生，可以参考我的节奏,"个人情况介绍
我是个普普的二本院校，家里没啥背景，在学校，成绩中规中矩，没啥特长，但我知道自己想要什么，就是想通过考研改变现状。备考时，学校里各种声音都有，有的同学觉得考研太难，有的觉得竞争太激烈，但只要努力，就有机会。
#我的考研[话题]# #考研经验分享[话题]#",,1757585485000,1757585485000,687612d0000000001b018938,KIKO猫,https://sns-avatar-qc.xhscdn.com/avatar/1040g2jo31ltogik75e6g5q3m2b86r29of810dro,1.7万,1.7万,259,1115,,"http://sns-webpic-qc.xhscdn.com/202512062137/938495ad7856d5870641d64eec199f9c/notes_pre_post/1040g3k831m9o9viulidg5q3m2b86r29oao1nttg!nd_dft_wlteh_webp_3,http://sns-webpic-qc.xhscdn.com/202512062137/6b2253da202cc7a4c32db2c3e1a25055/notes_pre_post/1040g3k831m9o9viulicg5q3m2b86r29okul1tqg!nd_dft_wlteh_webp_3,http://sns-webpic-qc.xhscdn.com/202512062137/78d4bfdaf95420e1e58ffd28a5c570b4/notes_pre_post/1040g3k831m9o9viulib05q3m2b86r29oks706l0!nd_dft_wlteh_webp_3,http://sns-webpic-qc.xhscdn.com/202512062137/48928945d5891eadde79193f2dd4c18c/notes_pre_post/1040g3k831m9o9viulibg5q3m2b86r29oj82o4l0!nd_dft_wlteh_webp_3,http://sns-webpic-qc.xhscdn.com/202512062137/16b944c0fec6a03047a0375a4bd9af22/notes_pre_post/1040g3k831m9o9viulid05q3m2b86r29od3a9s6o!nd_dft_wlteh_webp_3,http://sns-webpic-qc.xhscdn.com/202512062137/fcd85d92a839c5c30c886ef89dd5297b/notes_pre_post/1040g3k831m9o9viulic05q3m2b86r29o86nubo8!nd_dft_wlteh_webp_3","我的考研,考研经验分享",1765028290300,https://www.xiaohongshu.com/explore/68c2a04d000000001b03c558?xsec_token=AB3cZIkJAdm2OOcJxnvxYsmfi61FACAWrnVZ35AvnmHoQ=&xsec_source=pc_search,考研,AB3cZIkJAdm2OOcJxnvxYsmfi61FACAWrnVZ35AvnmHoQ=
65a8ec65000000002b001492,normal,妈呀！评论区算是把考研择校给说明白了！,"择校基本思路是;
✔第一：先确定专业
1、是继续本专业，还是要跨专业？是结合未来就业前景，还是选择自己喜欢的专业？
2、要去跨考有数学的专业，数学真的难
-
✔第二：你得知道，哪些学校招该专业？
登录：【中国研究生招生信息网】→硕士目录→限定省市+学科+专业等，一一查询
-
✔第三步：看已筛选出的学校是什么水平？
登录：考研的难度除了和院校层次有关，跟院校的专业排名也有关。→查看“全国第四轮学科评估结果”进行分析，给学校分个类，大致可以分为6级：
第1级：清北（c9）
第2级：二线985
第3级：985/北上广深211
第4级：二线211/北上广深一本
第5级：其它211
第6级：其它院校
-
✔第四步：筛选地区，缩小范围
这一步，学校基本已经到个位数了！
一线城市资源广，新一线二线发展潜力大，就业机会多。一线二线城市考研竞争也大，学会取舍、综合考虑
-
第五步：“选三所学校，两个备胎”
无论你考什么专业，最后都可以在确定好3个档位的学校，各挑一所学校，也就是：冲一、保一、稳一，一定要把这三个学校拉开差距！！
-
✔还有一些备考经验：
1、吃学习的苦，要比吃生活的苦好受
考研的红利你考上之后就会明白，总有很大一部分人宁愿吃生活的苦，也不愿吃学习的苦。
2、英语需要做模拟题吗?
不需要！英语只需吃透真题！真题书很多人用的考研真相，“四轮” 复习法基础弱用着贼踏实：研真题、补基础、学方法、记考点，一步一步去攻克！逐词逐句册，用图示解析的方式把真题文章每一句都做了拆解，不怕看不懂！根据目标院校和基础选版本，过四级就用已过四级版！
3、专业课跨考需要早点复习吗?
如果跨考且大跨或者是很好的院校，建议提前备考！尤其是如果专业比较热门，竞争力还会很大，所以在初试一定要把分数提高。
4、正确评估自身实力和学习能力，再确定报考院校!
现在很多人鼓吹3个月逆袭985，2个月考研英语80分，其实都是不现实的，典型的幸存者偏差！
5、不要沉迷于视频网课
听课学习效率低，能靠看书和做题学会的，就尽量别听课，有3种情况建议听课:
①努力看也看不懂（比如数学）
②做题的方法书上讲不清楚(比如英语阅读)
③不听课理解起来很困难(比如马原，政治建议倍速或者直，接看强化课，基础课可略)
6、少摸手机，别有杂念
学的时候，放下手机，尽量别用手机APP学习，放下杂念，别去抱怨一些无法改变的现实，做好能做的事即可！
#考研[话题]#  #25考研[话题]#  #考研择校[话题]#  #考研择校择专业[话题]#",,1705569381000,1705569860000,63062b4500000000150148a9,嗖的一下就上岸,https://sns-avatar-qc.xhscdn.com/avatar/636866b2c0275ac2fa6a7206.jpg,1.5万,1.6万,113,905,,"http://sns-webpic-qc.xhscdn.com/202512062137/f06f666f433ed21c56f6670982f791d3/1040g00830u2l5o4bl42g5oo65d2lai592hjoft8!nd_dft_wlteh_webp_3,http://sns-webpic-qc.xhscdn.com/202512062137/3c5b321fa410bf7c02d39ef02b53936b/1040g00830u2l5o4bl4205oo65d2lai59cd2pcu8!nd_dft_wlteh_webp_3,http://sns-webpic-qc.xhscdn.com/202512062137/0f2329c56e94420bff9f622d87c73d74/1040g00830u2l5o4bl41g5oo65d2lai59lk1s7fo!nd_dft_wlteh_webp_3,http://sns-webpic-qc.xhscdn.com/202512062137/f8bc0b50f58185951648021a69514f91/1040g00830u2l5o4bl4305oo65d2lai59eosj6g8!nd_dft_wlteh_webp_3,http://sns-webpic-qc.xhscdn.com/202512062137/846bab09207d098822046234f0a8e8c9/1040g00830u2l5o4bl40g5oo65d2lai595ipq40o!nd_dft_wlteh_webp_3,http://sns-webpic-qc.xhscdn.com/202512062137/8aa9126f8a9a68e5359d29291a200148/1040g00830u2l5o4bl4005oo65d2lai596urqgbo!nd_dft_wlteh_webp_3","考研,25考研,考研择校,考研择校择专业",1765028290303,https://www.xiaohongshu.com/explore/65a8ec65000000002b001492?xsec_token=ABtcWb1ZqfsgPln-6z_KmSNQ4NZjySgAPjii-rfnz3X20=&xsec_source=pc_search,考研,ABtcWb1ZqfsgPln-6z_KmSNQ4NZjySgAPjii-rfnz3X20=
67bc67be000000000603ac91,normal,三无人员考研复试中英文自我介绍‼️,"✅考研复试英文口语问答流程：
1️⃣ 进入考场，礼貌问候👋(面带微笑😊仪态大方)
👉英文版： Good morning/afternoon, dear professors! I am XXX.
👉中文版：尊敬的各位老师早上好!我是XXX。
	
2️⃣ 老师提问
👉老师：Ok, please introduce yourself briefly.
🔺中文版：好的，请先做个自我介绍。
👉你：Thank you, now I will introduce myself. I am XXX and I come from XXX....
🔺中文版：谢谢老师，现在我开始我的自我介绍。我叫XXX，来自……
	
3️⃣ 抽题
👉老师：OK, now here are three envelopes, which one do you choose?
🔺中文版：这里有三个信封，你选择哪一个?（信封里面有题目）
👉你：Thank you. I want to pick the first one.
🔺中文版：谢谢，我选择第一个信封。
	
4️⃣ 进入正式提问环节
👉老师：Ok, now please pay attention to the following questions:
✔️No.1 Why do you plan to make master's degree?
✔️No.2 Please introduce your hometown.
✔️No.3 What do you do in your spare time?
That's all, now you can start answering.
	
👉中文版：好的，请仔细听以下几个问题：
✔️一、你为什么要读研？
✔️二、请介绍一下你的家乡。
✔️三、在空闲时间你都做些什么？
就以上这三个问题，现在你可以开始回答了。
	
5️⃣ 回答问题
👉你： Thank you for your questions.
For the first question, ......
For the second question, .......
For the last question, .......
That's all my answers to these three questions, thank you very much.
	
6️⃣ 结束语
🔺回答完问题之后，老师大概率不会再问你别的啦，所以通常情况下，你回答完，就可以感谢老师，退出复试系统了~
👉你：Thank you professors!（鞠躬!）
	
⚠️❶如果没听懂问题，或者中途忘记题目，不要慌乱，再问一遍不会有啥影响，话术如下：
🔺你：I'm sorry, professor. Would you please repeat the second question?
	
⚠️❷如果问题做不到马上回答，或者需要思考时间，也不要慌张，给自己争取时间，话术如下：
🔺你：I'm sorry, professor. Please hold on. I mayneed a moment to think about it.
#人生无限自习室[话题]# #红薯自习室[话题]# #考研上岸日记[话题]# #考研复试下一站[话题]# #考研复试[话题]# #25考研[话题]# #25考研复试[话题]#  #考研复试自我介绍[话题]# #考研过来人的避坑法则[话题]#",,1740400574000,1740400574000,5e7989b400000000010065d2,七七Clara,https://sns-avatar-qc.xhscdn.com/avatar/5e907418e0187d0001b35974.jpg,1.3万,1.3万,164,1747,,"http://sns-webpic-qc.xhscdn.com/202512062137/352abc0eadc88f7a97491f39990b11a6/1040g00831e9lt1kagk6g5njph6q08peii0ag4ng!nd_dft_wlteh_webp_3,http://sns-webpic-qc.xhscdn.com/202512062137/02e8dc3426fd0c7baed7f4841d417565/1040g00831e9lt1kagk5g5njph6q08peiotikid8!nd_dft_wlteh_webp_3,http://sns-webpic-qc.xhscdn.com/202512062137/d6b27e5b751c6284c04573db4a56ff12/1040g00831e9lt1kagk505njph6q08pei1cu9o6o!nd_dft_wlteh_webp_3","人生无限自习室,红薯自习室,考研上岸日记,考研复试下一站,考研复试,25考研,25考研复试,考研复试自我介绍,考研过来人的避坑法则",1765028290307,https://www.xiaohongshu.com/explore/67bc67be000000000603ac91?xsec_token=AB7iqb_8yfPvb7cmbV8lQNLPZrBOdpmqqQlsU9UavhOL8=&xsec_source=pc_search,考研,AB7iqb_8yfPvb7cmbV8lQNLPZrBOdpmqqQlsU9UavhOL8=
687f62130000000017033c0b,normal,考研建议(穷人版),"因为没钱💰，研究了一些考研省钱野路子。贫民窟女孩考研，主打一个不多花一分钱💰！
✨我的一些小建议：
1️⃣参考书、课本这类读物，选二手的就行，不必非得买全新的，省下的钱能多买份习题。
2️⃣考研前期的课程，除了政治，用去年的完全够用，内容差异很小。报不报班全看自己需求，别盲目跟风。
3️⃣真题第一遍做，选详解版能吃透考点；二刷时直接挑最便宜的套卷，哪怕没答案也不影响，重点是练手感。
4️⃣笔记本不用买太多，多备几包A4纸更实用。打草稿、记笔记都能用，写完用夹子一夹，带着轻便还灵活。
5️⃣文具方面别追求贵价款，该投入的地方不省，能简化的就简化。可别为了省钱少买资料，耽误了复习进度，损失的时间可比省下的钱珍贵多了。
#大学生活分享篇[话题]##考研过来人的避坑法则[话题]##苏州大学[话题]##苏州大学考研[话题]##考研备考攻略[话题]##考研规划[话题]##考研上岸经验[话题]##穷人考研的方式[话题]#",,1753178643000,1753178643000,6546369d0000000030032d06,NGC2237号玫瑰,https://sns-avatar-qc.xhscdn.com/avatar/1040g2jo317iqid0m44605pa66qes6b86naldbl8,1.3万,1.3万,744,730,,"http://sns-webpic-qc.xhscdn.com/202512062137/7ab577726a0fdfedca73373c0e363e8b/notes_pre_post/1040g3k831k82q9ih329g5pa66qes6b866u0bkn8!nd_dft_wlteh_webp_3,http://sns-webpic-qc.xhscdn.com/202512062137/21614833baff8168ff8fc009a0df8bb3/notes_pre_post/1040g3k831k82utl62udg5pa66qes6b86u4h5cc8!nd_dft_wlteh_webp_3,http://sns-webpic-qc.xhscdn.com/202512062137/53cde7d615470ab0bd8ab1262fa1b932/notes_pre_post/1040g3k831k82q9ih327g5pa66qes6b860k0qjdg!nd_dft_wlteh_webp_3,http://sns-webpic-qc.xhscdn.com/202512062137/199278e8f361533330b5a865e872233f/notes_pre_post/1040g3k831k82q9ih32dg5pa66qes6b86p1m5uho!nd_dft_wlteh_webp_3,http://sns-webpic-qc.xhscdn.com/202512062137/7e0cd69537d746a652413d98bfbd46c6/notes_pre_post/1040g3k831k82q9ih328g5pa66qes6b86fral8ro!nd_dft_wlteh_webp_3,http://sns-webpic-qc.xhscdn.com/202512062137/a1b5b6efe4b3749d187690e56976702a/notes_pre_post/1040g3k831k82q9ih32705pa66qes6b86jjnng0o!nd_dft_wlteh_webp_3,http://sns-webpic-qc.xhscdn.com/202512062137/2e280debbce032ec3edba1b3bf1b124f/notes_pre_post/1040g3k831k82q9ih32905pa66qes6b867llnvso!nd_dft_wlteh_webp_3","大学生活分享篇,考研过来人的避坑法则,苏州大学,苏州大学考研,考研备考攻略,考研规划,考研上岸经验,穷人考研的方式",1765028290310,https://www.xiaohongshu.com/explore/687f62130000000017033c0b?xsec_token=ABi7VYqROgIFP2-2w3fb-stIRdL3xNAsLOx3pUbWS4hDk=&xsec_source=pc_search,考研,ABi7VYqROgIFP2-2w3fb-stIRdL3xNAsLOx3pUbWS4hDk=
68b0260e000000001c0325ea,normal,8月底开始考研，觉得来不及的可以参考下我,"我是 25 考研总分412的兔然卷，说出来不怕大家笑话，我去年上半年基本在摆烂和焦虑里反复横跳 —— 三月说要开始背单词，结果 APP 下了就吃灰，书翻了两页就扔在一边；五月想着听专业课基础课，却总以 “今天太累”“明天再学” 搪塞过去；七月暑假本该是备考黄金期，我又跟着朋友出去玩了好几趟，回来看着别人的进度表，整夜整夜睡不着，满脑子都是 “完了，肯定考不上了”。​
但现在回头看，我其实是典型的不到最后关头，根本提不起劲的超级低精力P人。直到八月底，看着倒计时只剩 120 多天，才终于狠下心把手机里的游戏、短视频 APP 全删了，每天雷打不动坐在书桌前。最后能上岸靠的当然不是天赋，而是我真的鼓起劲来逼了自己一把。如果你现在也慌得不行，总觉得开始太晚了，听我的，别纠结了，看完这份计划就立刻行动 ——100 多天足够改变结果，关键是你能不能从现在起，把焦虑变成做题的时间。
#26考研[话题]# #考研上岸经验[话题]# #考研经验分享[话题]# #一战成硕[话题]# #考研规划[话题]# #考研[话题]# #考研备考攻略[话题]# #考研复习[话题]#",,1756374542000,1756432172000,684bdd05000000001e005539,兔然卷,https://sns-avatar-qc.xhscdn.com/avatar/1040g2jo31nvmoqeo066g5q2brk2ngl9p30h4mvg,1.2万,1.2万,131,860,,"http://sns-webpic-qc.xhscdn.com/202512062137/d9f9b0ff6522c849718fb490bffb8bc5/1040g2sg31lnijqnr5odg5q2brk2ngl9p17tmqcg!nd_dft_wlteh_webp_3,http://sns-webpic-qc.xhscdn.com/202512062137/cc189b0ea704cdd1af35227747086678/notes_pre_post/1040g3k031lnms9tpli605q2brk2ngl9p1ob1mhg!nd_dft_wlteh_webp_3,http://sns-webpic-qc.xhscdn.com/202512062137/e1dda9303b704be0ed699f3e21448927/notes_pre_post/1040g3k031lnms9v4lm305q2brk2ngl9potj3ds8!nd_dft_wlteh_webp_3,http://sns-webpic-qc.xhscdn.com/202512062137/62e16a3975c18fe5c8e128245dc7c1db/notes_pre_post/1040g3k031lnms9v4lm0g5q2brk2ngl9p7rgj33g!nd_dft_wlteh_webp_3,http://sns-webpic-qc.xhscdn.com/202512062137/59a3906c6a4e6e58adb2d5801ffe5602/1040g2sg31lnijqnr5od05q2brk2ngl9p523sg30!nd_dft_wlteh_webp_3,http://sns-webpic-qc.xhscdn.com/202512062137/a66fd17b8b358f1c41284b95399b05fa/notes_pre_post/1040g3k031lnms9v4lm5g5q2brk2ngl9pni2p0l0!nd_dft_wlteh_webp_3,http://sns-webpic-qc.xhscdn.com/202512062137/db5dbd617343079f67e18032dc0c76a0/notes_pre_post/1040g3k031lnms9v4lm3g5q2brk2ngl9pbb6i028!nd_dft_wlteh_webp_3,http://sns-webpic-qc.xhscdn.com/202512062137/6dc821b35468bac2d7f8ca0184da8dfd/notes_pre_post/1040g3k031lnms9v4lm505q2brk2ngl9p0l05gko!nd_dft_wlteh_webp_3,http://sns-webpic-qc.xhscdn.com/202512062137/778ad93bc016fad886e66adb77a6fb58/notes_pre_post/1040g3k031lnms9v4lm605q2brk2ngl9par2pup0!nd_dft_wlteh_webp_3,http://sns-webpic-qc.xhscdn.com/202512062137/8e31190546aef69798f2e5afff6d53c8/notes_pre_post/1040g3k031lnms9v4lm6g5q2brk2ngl9pp62geho!nd_dft_wlteh_webp_3","26考研,考研上岸经验,考研经验分享,一战成硕,考研规划,考研,考研备考攻略,考研复习",1765028290313,https://www.xiaohongshu.com/explore/68b0260e000000001c0325ea?xsec_token=AB78MqSoVe1ZuFS8rf_bORdZEH0Ym3ixWPjjIpOyT2YE4=&xsec_source=pc_search,考研,AB78MqSoVe1ZuFS8rf_bORdZEH0Ym3ixWPjjIpOyT2YE4=
68b6f82b000000001d003155,normal,"今年考研大热点就在明天，大家到时候可以一边观看一边思考，也可以随时过来交流。感觉材料分析题和选择题都会涉及。。。
#26考研[话题]# #我的考研[话题]# #考研政治[话题]##热点预测[话题]# #时事热点[话题]# #考研人的心理状态[话题]# #考研是留给有准备的人[话题]#  #中公考研真题[话题]# #学习打卡[话题]##下一步上岸[话题]#","今年考研大热点就在明天，大家到时候可以一边观看一边思考，也可以随时过来交流。感觉材料分析题和选择题都会涉及。。。
#26考研[话题]# #我的考研[话题]# #考研政治[话题]##热点预测[话题]# #时事热点[话题]# #考研人的心理状态[话题]# #考研是留给有准备的人[话题]#  #中公考研真题[话题]# #学习打卡[话题]##下一步上岸[话题]#",,1756821547000,1756821547000,67ccd72900000000070001ab,sky,https://sns-avatar-qc.xhscdn.com/avatar/645b7eecf82b98b5c9349913.jpg,1.2万,8996,1582,1171,,http://sns-webpic-qc.xhscdn.com/202512062137/d2fd240ce9b9e26dc670fa3aea3c411c/1040g00831lu945fs52605pucqskho0dbt441g8g!nd_dft_wlteh_webp_3,"26考研,我的考研,考研政治,热点预测,考研人的心理状态,考研是留给有准备的人,中公考研真题,学习打卡,下一步上岸,时事热点",1765028290316,https://www.xiaohongshu.com/explore/68b6f82b000000001d003155?xsec_token=ABoJt2avHtqibbAjIykSzg-8uSVmhUVg2b-qqcRMDFpWE=&xsec_source=pc_search,考研,ABoJt2avHtqibbAjIykSzg-8uSVmhUVg2b-qqcRMDFpWE=
68e857c100000000030233ce,normal,考研英语｜完形填空技巧,"完型填空属于考研英语的第一部分，共20小题，每题0.5分，共10分。
#完形填空[话题]# #26考研[话题]##27考研[话题]# #考研经验[话题]# #易煕人[话题]#   #完型填空[话题]# #考研英语完型[话题]# #考研英语完型填空做题技巧总结[话题]# ￼#考研英语一[话题]# #考研打卡[话题]#",,1760057281000,1760057282000,650a32b80000000012007d0c,小医精明,https://sns-avatar-qc.xhscdn.com/avatar/1040g2jo311366acv6m6g5p8a6as4gv8c155nktg,1.1万,1.2万,118,1624,,"http://sns-webpic-qc.xhscdn.com/202512062137/1634de6d95bbf5532c575703bf7a9575/notes_pre_post/1040g3k831neismag587g5p8a6as4gv8c94e7558!nd_dft_wlteh_webp_3,http://sns-webpic-qc.xhscdn.com/202512062137/6218f1a4cb74f8968e07a97156dc9f87/notes_pre_post/1040g3k831neismag58805p8a6as4gv8ccbfg010!nd_dft_wlteh_webp_3,http://sns-webpic-qc.xhscdn.com/202512062137/7e77d977c34dd8dad397e5538d5bc88c/notes_pre_post/1040g3k831neismag58705p8a6as4gv8c73jpkho!nd_dft_wlteh_webp_3,http://sns-webpic-qc.xhscdn.com/202512062137/09800380de40ee7b2970e98c2f1d3455/notes_pre_post/1040g3k831neismag588g5p8a6as4gv8cabumbq0!nd_dft_wlteh_webp_3,http://sns-webpic-qc.xhscdn.com/202512062137/8f7179a7ceb6de70fecc6c3da64a8680/notes_pre_post/1040g3k831neismag58905p8a6as4gv8cu9310l0!nd_dft_wlteh_webp_3,http://sns-webpic-qc.xhscdn.com/202512062137/160c2a6c46580cd22d8e49a80440231a/notes_pre_post/1040g3k831neismag589g5p8a6as4gv8cp9is1co!nd_dft_wlteh_webp_3","完形填空,26考研,27考研,考研经验,易煕人,完型填空,考研英语完型,考研英语完型填空做题技巧总结,考研英语一,考研打卡",1765028290319,https://www.xiaohongshu.com/explore/68e857c100000000030233ce?xsec_token=ABPotx9KXJnNY6lSsWIoe3N6gjE-a79IR5ydtH3Ymvpj8=&xsec_source=pc_search,考研,ABPotx9KXJnNY6lSsWIoe3N6gjE-a79IR5ydtH3Ymvpj8=
68d3f484000000001201c9f2,normal,不儿谁把考研政治知识点编成歌了！真绝了！！！,"这不是唱着唱着就记住了嘛~ 除了图上这几首，还有一些我也给大家列出来啦！快快加入歌单[派对R]
	
古代史（刘杏华）
近代史下（刘杏华）
现代史上（刘杏华）
现代史下（刘杏华）
鸦片战争助记歌（肖朝予）
上岸（唱歌的大先生）
史纲大事件（唱歌的大先生）
史纲人物及著作（唱歌的大先生）
	
#26考研[话题]# #考研[话题]# #考研政治[话题]# #考研政治徐涛[话题]# #史纲[话题]# #上岸[话题]# #考研歌单[话题]#",,1758721156000,1758721157000,67eb98b4000000000e012431,大象（上岸啦）,https://sns-avatar-qc.xhscdn.com/avatar/1040g2jo31i2cqkspms005pvbj2q3i91h3d33l10,9083,7041,149,2231,,"http://sns-webpic-qc.xhscdn.com/202512062137/37b858cfacf10fa9c2d0192a2fd97845/1040g00831mqlqpuq52005pvbj2q3i91hf1qbu4o!nd_dft_wgth_webp_3,http://sns-webpic-qc.xhscdn.com/202512062137/7f155a01e58567f96fc98c2ffdc980a3/1040g00831mqlqpuq520g5pvbj2q3i91hrnno2vo!nd_dft_wgth_webp_3,http://sns-webpic-qc.xhscdn.com/202512062137/768fa4c5c3992f5b43c51aaae4cb856e/1040g00831mqlqpuq52105pvbj2q3i91h6bgd0uo!nd_dft_wgth_webp_3,http://sns-webpic-qc.xhscdn.com/202512062137/74cded6d03791df11c512b2296feb53e/1040g00831mqlqpuq521g5pvbj2q3i91hdkcepcg!nd_dft_wgth_webp_3,http://sns-webpic-qc.xhscdn.com/202512062137/9be32c25e7cfe94cca96c0afda02fa91/1040g00831mqlqpuq52205pvbj2q3i91h3oql558!nd_dft_wgth_webp_3,http://sns-webpic-qc.xhscdn.com/202512062137/653804270d0ac4e86be5600f92f2fe93/1040g00831mqlqpuq522g5pvbj2q3i91hf6m5m80!nd_dft_wgth_webp_3","26考研,考研,考研政治,考研政治徐涛,史纲,上岸,考研歌单",1765028290322,https://www.xiaohongshu.com/explore/68d3f484000000001201c9f2?xsec_token=AB0ee8ce8WJNdHraMzxnuYxmAxscgoAtC712bgHWN_YD4=&xsec_source=pc_search,考研,AB0ee8ce8WJNdHraMzxnuYxmAxscgoAtC712bgHWN_YD4=
692f2504000000001e02fe8d,normal,考研翻译中认识但翻不对的词,#考研[话题]# #考研英语二[话题]#  #翻译[话题]# #考研英语[话题]# #考研英语单词[话题]#  #每天学习一点点[话题]# #英语学习打卡[话题]# #英语[话题]# #考研英语阅读[话题]#  #考研英语一[话题]#,,1764697348000,1764697348000,5f953096000000000101ced5,语静🤔,https://sns-avatar-qc.xhscdn.com/avatar/1040g2jo31otegqsuha6g5nsl62b0bjml7t9osi8,9062,8903,227,1270,北京,"http://sns-webpic-qc.xhscdn.com/202512062137/9b260b4cc38ff651ade7edca806dfa2b/1040g2sg31pjnbo38kadg5nsl62b0bjmlau87000!nd_dft_wlteh_webp_3,http://sns-webpic-qc.xhscdn.com/202512062137/4ce2d81a84270b25eaea589890cd67c3/1040g2sg31pjnbo38ka8g5nsl62b0bjmlq30hjd8!nd_dft_wlteh_webp_3,http://sns-webpic-qc.xhscdn.com/202512062137/930d352a1ac0a8c33ed1c11ff60c2025/1040g2sg31pjnbo38kad05nsl62b0bjmln8sfl00!nd_dft_wlteh_webp_3,http://sns-webpic-qc.xhscdn.com/202512062137/28732d59935c2e2b21ac17ec42768819/1040g2sg31pjnbo38ka705nsl62b0bjmlvfifo3g!nd_dft_wlteh_webp_3,http://sns-webpic-qc.xhscdn.com/202512062137/f880ec44fc868ff34893bfda49322b59/1040g2sg31pjnbo38kaa05nsl62b0bjmlh8km4a8!nd_dft_wlteh_webp_3,http://sns-webpic-qc.xhscdn.com/202512062137/66268940b885be86fcdf1d9a4dc21cbe/1040g2sg31pjnbo38kaag5nsl62b0bjmlkklclio!nd_dft_wlteh_webp_3,http://sns-webpic-qc.xhscdn.com/202512062137/b4ab6ce45fd09987188e0055c0698921/1040g2sg31pjnbo38kab05nsl62b0bjmlc4uhd2g!nd_dft_wlteh_webp_3,http://sns-webpic-qc.xhscdn.com/202512062137/7f2b35e7371e5dcc295b842ca43a4e7d/1040g2sg31pjnbo38ka9g5nsl62b0bjmludsrg9g!nd_dft_wlteh_webp_3,http://sns-webpic-qc.xhscdn.com/202512062137/f0531ed4901e4424e5cd1435e56b2abd/1040g2sg31pjnbo38ka805nsl62b0bjmloca0hso!nd_dft_wlteh_webp_3,http://sns-webpic-qc.xhscdn.com/202512062137/01e54cca9dfc3e129191b932906d24c7/1040g2sg31pjnbo38kabg5nsl62b0bjmlgvujqt8!nd_dft_wlteh_webp_3,http://sns-webpic-qc.xhscdn.com/202512062137/3676473b7417b4d1099eff595e669c0d/1040g2sg31pjnbo38kac05nsl62b0bjml694rpeg!nd_dft_wlteh_webp_3,http://sns-webpic-qc.xhscdn.com/202512062137/e2e27706861f6043729f0b4b9a74c208/1040g2sg31pjnbo38kacg5nsl62b0bjmloa1s168!nd_dft_wlteh_webp_3","考研,考研英语二,翻译,考研英语,考研英语单词,每天学习一点点,英语学习打卡,英语,考研英语阅读,考研英语一",1765028290325,https://www.xiaohongshu.com/explore/692f2504000000001e02fe8d?xsec_token=ABdxrvuGA19he87I-O_idpkYKg5gIJyhXp1PZ-IqJCUVw=&xsec_source=pc_search,考研,ABdxrvuGA19he87I-O_idpkYKg5gIJyhXp1PZ-IqJCUVw=
69212d2c00000000190267f7,normal,"11.22
今天是我准备考研的第一天，当然距离考研只剩27天，能否创造奇迹，如果有一个月上岸的学长学姐也麻烦给我提供一下经验
我是考农学，科目是315、414
今天准备一天拿下肖1000，明天开始看专业课","11.22
今天是我准备考研的第一天，当然距离考研只剩27天，能否创造奇迹，如果有一个月上岸的学长学姐也麻烦给我提供一下经验
我是考农学，科目是315、414
今天准备一天拿下肖1000，明天开始看专业课",,1763781932000,1763781932000,613bf1d9000000001f03bb3a,泡芙,https://sns-avatar-qc.xhscdn.com/avatar/1040g2jo31o2en6226m6g5o9ru7cnvepq85p8lc8,8351,5830,361,629,山西,http://sns-webpic-qc.xhscdn.com/202512062137/489e2be3876047c60a9af1e324859d21/1040g00831p62ueqtis6g5o9ru7cnvepq20u2460!nd_dft_wlteh_webp_3,,1765028290328,https://www.xiaohongshu.com/explore/69212d2c00000000190267f7?xsec_token=ABK_vj_HyMCctf0Q6I11ykYAk1-MF3L0UdD3u9WrhKUhQ=&xsec_source=pc_search,考研,ABK_vj_HyMCctf0Q6I11ykYAk1-MF3L0UdD3u9WrhKUhQ=
691b246f000000000700e60d,normal,提醒一下，下个月参加考研的人（救命版）,#考研英语[话题]# #考研[话题]# #考研人[话题]# #26考研[话题]# #考研政治[话题]# #考研规划[话题]# #考研上岸经验[话题]# #考研政治资料[话题]# #考研经验[话题]#,,1763386479000,1763386480000,668f8701000000000f036278,风霁月a,https://sns-avatar-qc.xhscdn.com/avatar/66d7c675b43446000174c9ee.jpg,8104,6522,1155,633,广东,"http://sns-webpic-qc.xhscdn.com/202512062137/9714c984eec6f2e6c47856d936dc78b2/notes_pre_post/1040g3k031p06d24ti8005pkfgs0juojokqev240!nd_dft_wlteh_webp_3,http://sns-webpic-qc.xhscdn.com/202512062137/c1530ed75f32d795cadbb9e8facb7340/notes_pre_post/1040g3k031p06d2ce24005pkfgs0juojolghkmgo!nd_dft_wlteh_webp_3,http://sns-webpic-qc.xhscdn.com/202512062137/1cc0ffa67c8b2238885f6a99b6d525af/notes_pre_post/1040g3k031p06d3q32c005pkfgs0juojouu2rqk0!nd_dft_wlteh_webp_3,http://sns-webpic-qc.xhscdn.com/202512062137/52feec90d86f5206acf14e31efe95a3d/notes_pre_post/1040g3k031p06d3kqic005pkfgs0juojof3ikb7g!nd_dft_wlteh_webp_3,http://sns-webpic-qc.xhscdn.com/202512062137/6890101b005d733be77483c3b66155ea/notes_pre_post/1040g3k031p06d3fe260g5pkfgs0juojo46u09pg!nd_dft_wlteh_webp_3,http://sns-webpic-qc.xhscdn.com/202512062137/7b8e477c0d9e8d456446df1d51f168d2/notes_pre_post/1040g3k031p06d3ai2a005pkfgs0juojo63nasn8!nd_dft_wlteh_webp_3,http://sns-webpic-qc.xhscdn.com/202512062137/2e8275f9dd6c1e11f161ad84f38059dc/notes_pre_post/1040g3k031p06d36524005pkfgs0juojor28qa78!nd_dft_wlteh_webp_3,http://sns-webpic-qc.xhscdn.com/202512062137/d0a5c3d1f742d54042ead630aecf69fc/notes_pre_post/1040g3k031p06d31726005pkfgs0juojonkvebu8!nd_dft_wlteh_webp_3,http://sns-webpic-qc.xhscdn.com/202512062137/b548b4adddcdcbf2c8ae25268d58e12b/notes_pre_post/1040g3k031p06d2shi8005pkfgs0juojorfu5un0!nd_dft_wlteh_webp_3,http://sns-webpic-qc.xhscdn.com/202512062137/2fa9d43c7ee346ed9ee7d57e894e3b55/notes_pre_post/1040g3k031p06d2nci6005pkfgs0juojo0ic1v5g!nd_dft_wlteh_webp_3,http://sns-webpic-qc.xhscdn.com/202512062137/79db1259f8d5e30726a5861e41d81f67/notes_pre_post/1040g3k031p06d2ipic005pkfgs0juojovelt2c0!nd_dft_wlteh_webp_3","考研英语,考研,考研人,26考研,考研政治,考研规划,考研上岸经验,考研政治资料,考研经验",1765028290331,https://www.xiaohongshu.com/explore/691b246f000000000700e60d?xsec_token=ABf9a9FUXt_Eg0dPg2OH1XrpOAgPylm3DiNX5bYKExV7w=&xsec_source=pc_search,考研,ABf9a9FUXt_Eg0dPg2OH1XrpOAgPylm3DiNX5bYKExV7w=
67d02f640000000029034cdb,normal,家人们谁懂啊！被女朋友的考研规划惊艳到,今天必须来跟大家分享一下我女朋友超绝清晰的考研规划，说不定能给正在迷茫的考研er一些启发！#考研规划[话题]# #考研辅导[话题]# #考研上岸经验[话题]# #考研是留给有准备的人[话题]# #考研打卡[话题]# #考研日记[话题]# #考研备考攻略[话题]#,,1741696868000,1741696868000,67b81043000000000d00bba2,疯狂学日语版,https://sns-avatar-qc.xhscdn.com/avatar/1040g2jo31e9kj2fs0c6g5pto211j9et24m3npq8,7637,5107,253,331,,"http://sns-webpic-qc.xhscdn.com/202512062137/ef7a871fe055468c3ed5dac24efd22e9/1040g00831et00tuk606g5pto211j9et2hn190po!nd_dft_wlteh_webp_3,http://sns-webpic-qc.xhscdn.com/202512062137/737d5c4b53dd8b271710736a8f57cefb/1040g00831et00tun5s605pto211j9et2lu3bf4g!nd_dft_wlteh_webp_3,http://sns-webpic-qc.xhscdn.com/202512062137/1f7327fce1538ab962be6789dc0676b1/1040g00831et00tuk6m605pto211j9et259csnm0!nd_dft_wlteh_webp_3","考研规划,考研辅导,考研上岸经验,考研是留给有准备的人,考研打卡,考研日记,考研备考攻略",1765028290334,https://www.xiaohongshu.com/explore/67d02f640000000029034cdb?xsec_token=ABpUMkYLIXGxOJh4hkp-jevazIVAWT87frTBFCbWy-zp4=&xsec_source=pc_search,考研,ABpUMkYLIXGxOJh4hkp-jevazIVAWT87frTBFCbWy-zp4=
690c410d00000000070367e5,normal,考研那天我穿成这样做题行吗？？,"穿羽绒服太累赘了，单穿卫衣又不暖和，只能是搞成这种藏式穿搭还好点，写字也方便，但是感觉太不体面了啊啊啊。。
跪求一个又暖和又体面的穿搭啊啊啊！！！
#考研[话题]# #冬季穿搭[话题]##保暖穿搭[话题]# #考研倒计时[话题]##考研党[话题]##考研穿搭[话题]##考研人的精神状态[话题]# #26考研[话题]#",,1762410765000,1762410765000,5d3d12ff00000000120036e7,⭐️,https://sns-avatar-qc.xhscdn.com/avatar/1040g2jo31nqufehi4s6g5n9t2bvkgdn7ib4vej8,6844,1043,2133,2040,,http://sns-webpic-qc.xhscdn.com/202512062137/7448420618bf107fe9954aabf758a43c/notes_pre_post/1040g3k831ohl5t65l0d05n9t2bvkgdn7qoe8368!nd_dft_wgth_webp_3,"考研,冬季穿搭,保暖穿搭,考研倒计时,考研党,考研穿搭,考研人的精神状态,26考研",1765028290337,https://www.xiaohongshu.com/explore/690c410d00000000070367e5?xsec_token=ABXQdCQA40G6NE88uvcapWHjKnqdnowKNMQQMP_NXwkXQ=&xsec_source=pc_search,考研,ABXQdCQA40G6NE88uvcapWHjKnqdnowKNMQQMP_NXwkXQ=
6919a5570000000005033f28,normal,亲爱的宝宝！恭喜！恭喜你走到倒计时三十天！,"我有好多好多话想和你说，但是此刻我只想说一句
	
恭喜，你真的好了不起。
	
因为你离成功更近，更因为这一路的风雨 你都一步一步踏实地走过来了。
	
最近应该很累吧，甚至会不会有些麻木？辛苦你了宝贝。不过请相信！这恰恰是破晓前最深的黑暗，我们在经历一场漫长的跋涉，而终点已经在地平线上微微发亮
	
还记得这一切刚开始的时候吗？现在翻看最初的笔记，会发现原来已经积累了这么多。那些曾经觉得永远无法理解的公式，那些背了又忘忘了又背的篇章，如今是否都在你心里留下了印记呢？你当然不是那时候的你，因为你比那时更坚韧，更丰盈
	
如果偶尔感到焦虑，那是正常的。如果偶尔想要流泪，那当然也是被允许的！这些情绪不是你不够坚强的证明，而是你在乎的证明。请不要怪自己，轻轻接纳它们，然后继续前行。我们的目标不是成为别人，而是成为全力以赴的自己
	
这三十多天会过得很快，多年后回首，你可能会忘记具体做了哪套题，背了哪个知识点，但你会记得那个在疾书的夜晚，那个即使疲惫也不曾放弃的你。无论结果如何，这段全心全意、心无旁骛的时光，已经是你生命中不可复制的宝贵财富
	
亲爱的宝宝，你做得已经足够好。现在只需带着这份好，平静地走向终点。我们不为创造奇迹，只为给这段倾尽全力的旅程，画上一个无愧于心的句号
	
最后，恭喜你走到这里。那个从春天走到冬天的你，早已比出发时更强大了。
#考研[话题]# #耕耘与收获[话题]# #女性成长[话题]# #考研倒计时[话题]# #你一定可以[话题]# #上岸[话题]# #一切都会好起来的[话题]#",,1763288407000,1763345778000,5d386e850000000010009065,不学习就滚,https://sns-avatar-qc.xhscdn.com/avatar/1040g2jo31a04nfdonc005n9odq2k1435bksgs48,6725,587,395,491,河南,http://sns-webpic-qc.xhscdn.com/202512062137/9fe30355d146f5422acdf8c744e5e926/1040g2sg31ounlmeghoe05n9odq2k1435d3pl6d8!nd_dft_wgth_webp_3,"考研,耕耘与收获,女性成长,考研倒计时,你一定可以,上岸,一切都会好起来的",1765028290339,https://www.xiaohongshu.com/explore/6919a5570000000005033f28?xsec_token=ABRVcy1Noqx5Tm6gwcLOqiRq74zTIP9bVQvY6zaT1hacY=&xsec_source=pc_search,考研,ABRVcy1Noqx5Tm6gwcLOqiRq74zTIP9bVQvY6zaT1hacY=
68ad81c2000000001b0338d6,normal,九月开始考研的基本已成定局,"大家好，我是从双非上岸985的卷卷，主打一个疯狗式学习，考不上不罢休！总分是405，去年英一81，考研政治80。今天是8月26日，距离考研还有116天。收到很多宝的信息，说暑假还有一周，整个暑假都是玩过来的，想给自己大嘴巴子，非常后悔，现在开始还来得及吗。我想说，接下来的日子里，只要对自己足够狠，那时间完全够用的。如果还死性不改，就别浪费时间在学习上了，不如痛快玩。而对于一心想上岸的同学，一定要逼自己一把。今天给大家分享一下从9月开始备考的计划。
#考研[话题]# #26考研[话题]# #考研上岸经验[话题]# #考研备考攻略[话题]# #考研备考[话题]# #考研经验分享[话题]# #考研经验[话题]# #考研备考攻略[话题]# #考研规划[话题]#",,1756201410000,1756201411000,668d09780000000003033312,小红薯6905E6A8,https://sns-avatar-qc.xhscdn.com/avatar/645b7f6e338379fac1893093.jpg,6248,6156,142,400,,"http://sns-webpic-qc.xhscdn.com/202512062137/bcf8ebc17fc34bd8eac5d2cf025fba60/1040g2sg31ll4aisk5ek05pkd15s0ucoieep8p7g!nd_dft_wlteh_webp_3,http://sns-webpic-qc.xhscdn.com/202512062137/9312980a6f8de8489a83c1a48368a122/1040g2sg31ll4aisk5ekg5pkd15s0ucoioht383o!nd_dft_wlteh_webp_3,http://sns-webpic-qc.xhscdn.com/202512062137/3d546e57170fac14047d15751340930a/1040g2sg31ll4aisk5ejg5pkd15s0ucoi2o165f0!nd_dft_wlteh_webp_3,http://sns-webpic-qc.xhscdn.com/202512062137/7c42b5cd3cd58c7e0e956de3b40cb995/1040g2sg31ll4aisk5eig5pkd15s0ucoil6er2e0!nd_dft_wlteh_webp_3,http://sns-webpic-qc.xhscdn.com/202512062137/131b317b3e70c89e5b6a35a5bafe0b5b/1040g2sg31ll4aisk5ei05pkd15s0ucoim8eaoe8!nd_dft_wlteh_webp_3,http://sns-webpic-qc.xhscdn.com/202512062137/430023fe93e91059aa7d35dc2284306a/1040g2sg31ll4aisk5eh05pkd15s0ucoi907g0ao!nd_dft_wlteh_webp_3,http://sns-webpic-qc.xhscdn.com/202512062137/2aa233ce3b1cfc8f55d9b4c0431efe11/1040g2sg31ll4aisk5egg5pkd15s0ucoiaru17e8!nd_dft_wlteh_webp_3,http://sns-webpic-qc.xhscdn.com/202512062137/9e79632595d99cac3d709d59dd8e4aab/1040g2sg31ll4aisk5eg05pkd15s0ucoi2vk4rh0!nd_dft_wlteh_webp_3,http://sns-webpic-qc.xhscdn.com/202512062137/f1b323b75c9f772cca44742fbe7398fd/1040g2sg31ll4aisk5ef05pkd15s0ucoiost1vng!nd_dft_wlteh_webp_3,http://sns-webpic-qc.xhscdn.com/202512062137/61a28df3088f336f9f152d4347b2b804/1040g2sg31ll4aisk5eeg5pkd15s0ucoihrbihog!nd_dft_wlteh_webp_3,http://sns-webpic-qc.xhscdn.com/202512062137/00c7e57989e3527b7636c92184e2d7cf/1040g2sg31ll4aisk5efg5pkd15s0ucoic97oimg!nd_dft_wlteh_webp_3,http://sns-webpic-qc.xhscdn.com/202512062137/4cf29fd8288d1368c3bca85cc8789863/1040g2sg31ll4aisk5ee05pkd15s0ucoi2ok9180!nd_dft_wlteh_webp_3,http://sns-webpic-qc.xhscdn.com/202512062137/9c5d8e638f33c5c06bc79e197ee60ade/1040g2sg31ll4aisk5ej05pkd15s0ucoi4pvbnao!nd_dft_wlteh_webp_3,http://sns-webpic-qc.xhscdn.com/202512062137/d69d148719ad3211e9404c0979b2834a/1040g2sg31ll4aisk5ehg5pkd15s0ucoioltf778!nd_dft_wlteh_webp_3,http://sns-webpic-qc.xhscdn.com/202512062137/1418720e8fe8492835bab9a616283e17/1040g2sg31ll4am5u5i6g5pkd15s0ucoip9pmj38!nd_dft_wlteh_webp_3,http://sns-webpic-qc.xhscdn.com/202512062137/449e017a9fe7d2682a05a487ed79c48e/1040g2sg31ll4am5u5i505pkd15s0ucoitevtg60!nd_dft_wlteh_webp_3,http://sns-webpic-qc.xhscdn.com/202512062137/ed5d1a6371ee48346b825e0a62a7c5f3/1040g2sg31ll4am5u5i3g5pkd15s0ucoi85k1agg!nd_dft_wlteh_webp_3","考研,26考研,考研上岸经验,考研备考攻略,考研备考,考研经验分享,考研经验,考研规划",1765028290345,https://www.xiaohongshu.com/explore/68ad81c2000000001b0338d6?xsec_token=ABMpdam_flnkQnuI2TFkTCe6JhrGdxIz11qzX9s3zw8MY=&xsec_source=pc_search,考研,ABMpdam_flnkQnuI2TFkTCe6JhrGdxIz11qzX9s3zw8MY=
680df904000000000d014256,normal,给大家普及一下5月考研要达到的强度,"大家好，最近刷到好多考研上岸的规划帖和疑问帖，我也来分享一下我的经历吧。
我本科就读于一所普通的双非院校，本科期间成绩并不出众，实践经历也不多，正因为是这样的情况，所以我咬着牙疯狂学习，最后考研总分400+，成功一战上岸985。
虽然我当时很早就开始准备考研了，但由于一些学校里的事情，正式进入学习状态差不多也要五月了，所以，五月才开始的宝子们也不用着急哦。给大家分享一下我的学习规划，希望能给大家带来一些启发，祝大家都能成功上岸！
#考研[话题]# #26考研[话题]# #考研经验分享[话题]# #考研时间安排[话题]# #考研强度[话题]#",,1745746180000,1745746181000,65d56114000000000401c7a6,柴可秃斯基,https://sns-avatar-qc.xhscdn.com/avatar/65d5c3cf8ed7627613f4c90b.jpg,5999,4650,87,253,,"http://sns-webpic-qc.xhscdn.com/202512062137/e81edcf97d1fed8663a836f4efe0a4cd/notes_pre_post/1040g3k831gpasdii3i005pelc4a13ht67e9et3g!nd_dft_wlteh_webp_3,http://sns-webpic-qc.xhscdn.com/202512062137/7ede3beeccea571af995ca9d1d5060f6/notes_pre_post/1040g3k831gpasdii3i0g5pelc4a13ht6kvikh9g!nd_dft_wlteh_webp_3,http://sns-webpic-qc.xhscdn.com/202512062137/357d29493e20d40ad1176c4a49d8adf3/notes_pre_post/1040g3k831gpasdii3i105pelc4a13ht6acgo6do!nd_dft_wlteh_webp_3,http://sns-webpic-qc.xhscdn.com/202512062137/ed43c364c89e58945af295827dea240e/notes_pre_post/1040g3k831gpasdii3i1g5pelc4a13ht6maalob8!nd_dft_wlteh_webp_3,http://sns-webpic-qc.xhscdn.com/202512062137/ea2bf09f304bef7a699ffb7d971eaebd/notes_pre_post/1040g3k831gpasdii3i205pelc4a13ht6dd2htkg!nd_dft_wlteh_webp_3,http://sns-webpic-qc.xhscdn.com/202512062137/4e2b0dfe8886632cca3dc4a04fd04596/notes_pre_post/1040g3k831gpasdii3i2g5pelc4a13ht6e0rnbhg!nd_dft_wlteh_webp_3,http://sns-webpic-qc.xhscdn.com/202512062137/b4206dca64bf36907bdf21c24dc4429d/notes_pre_post/1040g3k831gpasdii3i305pelc4a13ht6b9mkj3g!nd_dft_wlteh_webp_3","考研,26考研,考研经验分享,考研时间安排,考研强度",1765028290350,https://www.xiaohongshu.com/explore/680df904000000000d014256?xsec_token=ABEFMc0M4Or6230J8VuVV1fSYOn3-cavUWlKqqVmlB7cA=&xsec_source=pc_search,考研,ABEFMc0M4Or6230J8VuVV1fSYOn3-cavUWlKqqVmlB7cA=
68de9207000000000402aec7,normal,10月3日了，考研觉得来不及的参考下去年我,#26考研[话题]# #考研经验分享[话题]# #考研政治[话题]# #考研英语[话题]# #考研英语单词[话题]# #考研倒计时[话题]# #极限考研[话题]# #考研备考攻略[话题]# #考研上岸经验[话题]# #考研人[话题]#,,1759416839000,1759416840000,67230800000000001d02cf65,云中岄a,https://sns-avatar-qc.xhscdn.com/avatar/672891540dd65500017cd3f1.jpg,5914,5405,580,378,,"http://sns-webpic-qc.xhscdn.com/202512062138/ce418fc04d1a093fd4bbbaf09bd87e87/1040g00831n51fi4a5i6g5pp31007djr5hjc9710!nd_dft_wlteh_webp_3,http://sns-webpic-qc.xhscdn.com/202512062138/457a7a1b657c492c2752ab3b12ff28f9/1040g00831n51fi4a5i5g5pp31007djr523c4qkg!nd_dft_wlteh_webp_3,http://sns-webpic-qc.xhscdn.com/202512062138/2a950ca0aa3d4e811bac85ef5065655e/1040g00831n51fi4a5i105pp31007djr577g6k88!nd_dft_wlteh_webp_3,http://sns-webpic-qc.xhscdn.com/202512062138/4f8f921f2aa67c306c97514a9aad5336/1040g00831n51fi4a5i4g5pp31007djr5kfmo9cg!nd_dft_wlteh_webp_3,http://sns-webpic-qc.xhscdn.com/202512062138/5e83a1c1a4ba9d6824a7ce9790186c25/1040g00831n51fi4a5i205pp31007djr5fj9pu88!nd_dft_wlteh_webp_3,http://sns-webpic-qc.xhscdn.com/202512062138/b22fd8740bfb34ae44b93f854d46e886/1040g00831n51fi4a5i605pp31007djr569id4c8!nd_dft_wlteh_webp_3,http://sns-webpic-qc.xhscdn.com/202512062138/0b953f63f004a0ccf8c3eca8cb6b3782/1040g00831n51fi4a5i0g5pp31007djr53b1sm28!nd_dft_wlteh_webp_3,http://sns-webpic-qc.xhscdn.com/202512062138/55bb3f27824232097d9273ea07d811bb/1040g00831n51fi4a5i2g5pp31007djr5o36hjio!nd_dft_wlteh_webp_3,http://sns-webpic-qc.xhscdn.com/202512062138/73ddd05da04d8b101f52ac42bf45dafd/1040g00831n51fi4a5i305pp31007djr5p52fph0!nd_dft_wlteh_webp_3,http://sns-webpic-qc.xhscdn.com/202512062138/76cb35ac2f2166a2bb5835ed6975388e/1040g00831n51fi4a5i3g5pp31007djr5n1ljheo!nd_dft_wlteh_webp_3,http://sns-webpic-qc.xhscdn.com/202512062138/57e28a04d7c96d8806552c510f0dd622/1040g00831n51fi4a5i405pp31007djr5igfbph0!nd_dft_wlteh_webp_3,http://sns-webpic-qc.xhscdn.com/202512062138/97e991948bac8681249c9ef5a645ba9f/1040g00831n51fi4a5i1g5pp31007djr5hasl698!nd_dft_wlteh_webp_3,http://sns-webpic-qc.xhscdn.com/202512062138/c6f3d64e249ebeb4bc87aa5ffa17ece8/1040g00831n51fi4a5i505pp31007djr59mqj1vo!nd_dft_wlteh_webp_3","26考研,考研经验分享,考研政治,考研英语,考研英语单词,考研倒计时,极限考研,考研备考攻略,考研上岸经验,考研人",1765028290355,https://www.xiaohongshu.com/explore/68de9207000000000402aec7?xsec_token=ABQhvDJwMIjl568wkK2NWHfa_rVJKtloC1Z_UVo-7Yass=&xsec_source=pc_search,考研,ABQhvDJwMIjl568wkK2NWHfa_rVJKtloC1Z_UVo-7Yass=
6717a9c90000000021009ddd,normal,两个月极限考研，一战成硕！,"2023年10月底，也就是去年的这几天，我正式下定了决心考研。
1. 我为什么会突然有勇气极限考研？2023年6月我本科毕业了，7月我入职了一家私企，我不喜欢这份工作，没几天就辞了职，我躺在没有阳光的出租屋，经常想起以往的人和事而大半夜流泪，浑浑噩噩到国庆回家，想着国庆结束再回广州或深圳继续找工作，但国庆结束后，家人朋友陆续离开，剩我一人待在家里迟迟不愿回广州或深圳找工作。就在10月中下旬某一天，我爸带我看望了病情严重的家人，我看着家人因为化疗而掉光了头发，我站在他家楼下，刚好阴天下着小雨，看到附近的学校放学了，堂妹妹背着书包回家，那一刻我很绝望也很羡慕，我家人生病我很绝望，我妹妹上学下课(因为我没有学上了）我很羡慕。那晚我回到家中，躺在床上一晚上都在反反复复发抖和干呕，蜷缩在被子里！第二天阳光从窗户照进来，我醒得早，突然脑子出来一个想法，现在还能考研报名吗？要不去考研吧？来得及吗？我从床上跳下来打开电脑，十几分钟就报完了名，接着联系了广州的一家寄宿机构订了位置，买了次日回广州的高铁，当我站在高铁站台那一刻上就在想，真的要这样做吗？两个月真的能成功吗？好在我的朋友们都支持我给我打气[可怜R]！于是到了寄宿正式开启了考研！
2. 我是如何计划两个月内备考的？我首先是已经买好了资料。我自我审视了一遍:
①我本科是学英语的，外加自己每天都记单词没怎么断过，所以词汇量高，有英语基础;
②我本身是文科生，短时间学好政治应该也可以;
③我跨考的科目没有数学，算是理学类的文科，不算热门，专业课的书也不多，难度在于没学过，零基础。
3.然后我开启了我的考研:
①每天上午背专业课一，下午背专业课二。能理解的理解性背诵，来不及的摸索真题挑重点背，理解不了的硬背，每天反反复复直到考场。
②每天晚上只学英语+政治。英语每晚只做一篇阅读，然后分析选项找到解题逻辑，政治就不断地看那本小书刷选择题，后期刷几轮肖八肖四选择题，大题背下了肖四所有大题(网上有老师总结的精简版)
③就这样，坚持着“完成大于完美”的信念，因为这次不考，往后但凡在社会上遇到点事情就总想着考研逃避现实，这次考研必须硬扛！
④最后，我很努力也很幸运，擦着线进了复试，擦着线被录取，横跨大半个中国，一路逆袭，一战成硕！现在我在学校躺着码完了这些字，不由感叹，人生轨迹变了！
	
#考研[话题]# #极限考研[话题]# #两个月考研[话题]# #两个月考研上岸[话题]##越努力越幸运[话题]#",,1729604041000,1729606311000,5e985eba0000000001008c38,ohoh,https://sns-avatar-qc.xhscdn.com/avatar/5e985f46c1f7fa00014fa5ac.jpg,5863,3304,212,329,,"http://sns-webpic-qc.xhscdn.com/202512062138/c47cf59028e91541a2f31ca94ffa5f6a/1040g2sg3198pmijrkidg5nkobqt0931oucqm97g!nd_dft_wlteh_webp_3,http://sns-webpic-qc.xhscdn.com/202512062138/48911605826f728c9a4b26a88a0a6477/1040g2sg3198pmijrki7g5nkobqt0931ocdhn5pg!nd_dft_wlteh_webp_3,http://sns-webpic-qc.xhscdn.com/202512062138/6b2f2675f95fbd06409e02c048109f34/1040g2sg3198pmijrkib05nkobqt0931ole36vng!nd_dft_wlteh_webp_3,http://sns-webpic-qc.xhscdn.com/202512062138/d91ba95e7f308d5a04a79b828b67e00e/1040g2sg3198pmijrkibg5nkobqt0931ok1v86b8!nd_dft_wlteh_webp_3,http://sns-webpic-qc.xhscdn.com/202512062138/ce84236dbf09b4702582924a87f779dd/1040g2sg3198pmijrkiag5nkobqt0931o3hifjlo!nd_dft_wlteh_webp_3,http://sns-webpic-qc.xhscdn.com/202512062138/52dec2283e1eaabc288a8aeb6278e37d/1040g2sg3198pmijrkia05nkobqt0931okk8o9q8!nd_dft_wlteh_webp_3,http://sns-webpic-qc.xhscdn.com/202512062138/54b2746b0191588343e0c3e2cc965a1d/1040g2sg3198pmijrki905nkobqt0931o88t6qb8!nd_dft_wlteh_webp_3,http://sns-webpic-qc.xhscdn.com/202512062138/00742f833e7e013d96676b8569e22990/1040g2sg3198pmijrkicg5nkobqt0931octiqfeg!nd_dft_wlteh_webp_3,http://sns-webpic-qc.xhscdn.com/202512062138/9ffc56d4dd96f43f1e26987a563977de/1040g2sg3198pmtk74k905nkobqt0931oasahu08!nd_dft_wlteh_webp_3,http://sns-webpic-qc.xhscdn.com/202512062138/167d345f7ddd7e9aebd06ea4a1038ce7/1040g2sg3198pmijrkic05nkobqt0931oioup0hg!nd_dft_wgth_webp_3,http://sns-webpic-qc.xhscdn.com/202512062138/9f2e61c53c419c33002a42ab91a830f7/1040g2sg3198pmijrki705nkobqt0931o77b7u0g!nd_dft_wgth_webp_3,http://sns-webpic-qc.xhscdn.com/202512062138/4aebb78e1eb0213edab2884a6a7ef66b/1040g2sg3198pmijrki9g5nkobqt0931o8prb4lg!nd_dft_wgth_webp_3,http://sns-webpic-qc.xhscdn.com/202512062138/8d40d37a9c618e13ef1276311d212da1/1040g2sg3198pmijrki8g5nkobqt0931o8vbt108!nd_dft_wlteh_webp_3,http://sns-webpic-qc.xhscdn.com/202512062138/b961899c2990023d89531bea301b8062/1040g2sg3198pmijrkid05nkobqt0931omba92v8!nd_dft_wlteh_webp_3,http://sns-webpic-qc.xhscdn.com/202512062138/21b51806764a3ad31e056945c4bb47f0/1040g2sg3198pmtk74kdg5nkobqt0931o23k627g!nd_dft_wlteh_webp_3,http://sns-webpic-qc.xhscdn.com/202512062138/afef9124c3e35d3db2defd2263193508/1040g2sg3198pmtk74kd05nkobqt0931obeu42k0!nd_dft_wlteh_webp_3,http://sns-webpic-qc.xhscdn.com/202512062138/0ede96f34268f5fa38936fa150981e7b/1040g2sg3198pmtk74kbg5nkobqt0931oci8d2a0!nd_dft_wgth_webp_3,http://sns-webpic-qc.xhscdn.com/202512062138/2576207ae32cdb7c28e86440d62fe7cd/1040g2sg3198pmtk74kb05nkobqt0931ofrf8ee8!nd_dft_wlteh_webp_3","考研,极限考研,两个月考研,两个月考研上岸,越努力越幸运",1765028290358,https://www.xiaohongshu.com/explore/6717a9c90000000021009ddd?xsec_token=ABjOjeBHgJLlGM2NRxnmxUg7tm1ujxKOUhtddru1GH2cc=&xsec_source=pc_search,考研,ABjOjeBHgJLlGM2NRxnmxUg7tm1ujxKOUhtddru1GH2cc=
6931515e000000001e0373c2,video,四六级考研祈福，上岸！,#刘晓艳[话题]# #学丞[话题]# #热点[话题]# #四六级[话题]# #考研[话题]#,http://sns-video-bd.xhscdn.com/1040g00g31poi5bqp526g5o03t6008febsf36rq0,1764839774000,1765021739000,6003e9800000000001003dcb,学丞,https://sns-avatar-qc.xhscdn.com/avatar/8042bde2-029a-3133-a22b-db68b03aa478,5873,256,729,64,山东,http://sns-webpic-qc.xhscdn.com/202512062138/e901857c40993f82cae6d44074cc74bc/1040g2sg31poi5bqq4ud05o03t6008feb5drhobg!nd_dft_wlteh_webp_3,"刘晓艳,学丞,热点,四六级,考研",1765028290362,https://www.xiaohongshu.com/explore/6931515e000000001e0373c2?xsec_token=AB31GMfckohqs4qcL1_RmZKegXSKL-bhNqO4fpJ3TAK74=&xsec_source=pc_search,考研,AB31GMfckohqs4qcL1_RmZKegXSKL-bhNqO4fpJ3TAK74=
68bfd82e000000001c03371c,normal,考研英语小作文模板,"这个是我25考研写的小作文模板。但是模板可能比较灵活，有一些思路在模版上写不清楚，如果要借鉴我的模板，请一并看我的实操，如何更好地用这个模板且不出错。（部分示例是直接copy的公众号作文，当时作参考，侵删）
	
#考研英语作文[话题]# #英语作文模板[话题]#",,1757403182000,1763280622000,5dbc455c000000000100897f,oran,https://sns-avatar-qc.xhscdn.com/avatar/1000g2jo2k3l0risii0605nds8le092bvngqo828,6265,7215,87,968,浙江,"http://sns-webpic-qc.xhscdn.com/202512062142/054eac584aaacf83384e6f12d4530c90/spectrum/1040g0k031oujurtgh4005nds8le092bve8gkm80!nd_dft_wlteh_webp_3,http://sns-webpic-qc.xhscdn.com/202512062142/8e6c2635f0a93a71bb74576350ef75ea/spectrum/1040g0k031osg7455h0005nds8le092bvahhpip8!nd_dft_wlteh_webp_3,http://sns-webpic-qc.xhscdn.com/202512062142/fa4280be1f4b30f411e48cb5b13c868d/spectrum/1040g34o31osg788bh4105nds8le092bvtjeli88!nd_dft_wlteh_webp_3,http://sns-webpic-qc.xhscdn.com/202512062142/4d3f9ebd0d6b124c64796803ed3d6404/spectrum/1040g34o31osg7aet14105nds8le092bv0iftosg!nd_dft_wlteh_webp_3,http://sns-webpic-qc.xhscdn.com/202512062142/e7c435d704692bae6ab64b9620fd4c6d/spectrum/1040g0k031osg7bm8h0705nds8le092bvdstnk10!nd_dft_wlteh_webp_3,http://sns-webpic-qc.xhscdn.com/202512062142/b1db33387d9a819d2df4c048b4d1fff3/spectrum/1040g34o31osg7e15gu105nds8le092bvsvr8mlo!nd_dft_wlteh_webp_3,http://sns-webpic-qc.xhscdn.com/202512062142/c72d29fb1b626d1db62de890bf8386d8/spectrum/1040g34o31osg7fongu105nds8le092bvclo356o!nd_dft_wlteh_webp_3,http://sns-webpic-qc.xhscdn.com/202512062142/3755aa475d3f7fd92cca50c1c95a1ef6/spectrum/1040g0k031m71lofcks005nds8le092bvq73s9vo!nd_dft_wlteh_webp_3,http://sns-webpic-qc.xhscdn.com/202512062142/6562acf91fa6b5fe58fe069359fea969/spectrum/1040g0k031m71n2b052005nds8le092bv4oqq7bo!nd_dft_wlteh_webp_3,http://sns-webpic-qc.xhscdn.com/202512062142/6ad7de19c4dc75dab2268de6944006cb/spectrum/1040g0k031m71n3gdl2005nds8le092bvjcdn6l0!nd_dft_wlteh_webp_3","考研英语作文,英语作文模板",1765028635187,https://www.xiaohongshu.com/explore/68bfd82e000000001c03371c?xsec_token=ABWEv1K4kA5CObkk4wuN9faMLge-z7xe-WpM1RtpoW3IA=&xsec_source=pc_search,考研,ABWEv1K4kA5CObkk4wuN9faMLge-z7xe-WpM1RtpoW3IA=
688a038a0000000002002a18,normal,总共十项,"1.确定专业
根据个人兴趣以及专业前景确定专业。
	
2确定院校
在“中国学位与研究生教育信息网”和“中国科教评价网”查询对应专业院校排名，选择几个意向院校，进入意向院校研究生院官网查询历年报录取数据确定考研难度。根据院校排名考研难度、个人爱好确定目标考研院校。
	
3.确定学硕or专硕
如果想继续读博建议选择学硕，否则建议专硕，还得综合考虑目标院校历年学硕专硕招生情况。
	
4.确定考试科目
进入目标院校研究生院官网，查询考试科目。查询方式：“XX大学研究生院”—硕士招生—硕士研究生招生专业目录—考试科目。
	
5.制定复习计划
根据考试科目制定适合自己的复习计划。如果还没确定考试科目，先进行英语的学习，毕竟所有专业都要考英语。
	
6.招生简章发布
8月底—9月初，院校公布招生简章，这时进入院校官网查询招生要求、招生专业、招生人数等信息。
	
7.考试大纲发布
9月中旬，教育部发布考试大纲，这时可查询考试内容变动情况，除政治外，其他考试科目变化较小，所以建议考试大纲公布后再进行政治中时事政策的学习。
	
8.网上咨询活动
9月底，目标院校会开启咨询活动，可以直接向目标院校咨询你想问的考研相关问题。
	
9.预报名
9月最后一周，了解报名流程，这时可修改自己的志愿。
	
10.正式报名
10月中旬—10月末，最终确定自己的目标院校和专业。
#考研规划[话题]# #考研复习[话题]# #考研时间安排[话题]# #二本考研[话题]# #考研是留给有准备的人[话题]# #考研不是唯一的出路[话题]# #考研上岸经验[话题]# #考研留给先准备的[话题]# #考研人[话题]# #考研备考攻略[话题]#",,1753875338000,1753875338000,60f7efbf00000000010034ec,三月的春风,https://sns-avatar-qc.xhscdn.com/avatar/60f7efbf00000000010034ec.jpg,5689,5927,38,371,,http://sns-webpic-qc.xhscdn.com/202512062142/036f64b702dba1789bb0ae30c9f9eda7/1040g2sg31kieq2p334i05o7ntuvg8d7c6ubmpb0!nd_dft_wlteh_webp_3,"考研规划,考研复习,考研时间安排,二本考研,考研是留给有准备的人,考研不是唯一的出路,考研上岸经验,考研留给先准备的,考研人,考研备考攻略",1765028635191,https://www.xiaohongshu.com/explore/688a038a0000000002002a18?xsec_token=AB35KdVEFIXyZmQDudW4UMLxnyuDcXb6Rkrm9kjC6vBKA=&xsec_source=pc_search,考研,AB35KdVEFIXyZmQDudW4UMLxnyuDcXb6Rkrm9kjC6vBKA=
68da54fd0000000012033270,normal,考研数二 抓大头 保底(120+）,"来了来了，数二的来了，终于梳理完了，同样道理，个人经验建议，最后两个多月复习数二，不要想着什么眉毛胡子一把抓，对着难题猛攻到凌晨，这是最低效的，考研数学目标想冲120+，不用硬磕难题或冷门，把高数和线代的高频分攥牢，就能避免分数拖后腿。
	
#26考研[话题]# #考研数学[话题]# #考研[话题]# #考研经验分享[话题]# #武忠祥高数[话题]# #考研数学武忠祥[话题]# #李永乐线代[话题]# #考研加油[话题]# #考研人[话题]# #考研人加油[话题]#",,1759139069000,1759139069000,6785e2ee000000000801cc58,苹果派,https://sns-avatar-qc.xhscdn.com/avatar/1040g2jo31f0bj6romq005ps5sbn23j2oshftdbg,5569,7116,27,561,,"http://sns-webpic-qc.xhscdn.com/202512062142/21d5c3932a07b823e286dc48f5e06ac1/1040g00831mvpnq7nkq505ps5sbn23j2oj2vce50!nd_dft_wlteh_webp_3,http://sns-webpic-qc.xhscdn.com/202512062142/370c7dd4307efa122f074f08133731a6/1040g00831mvpnq7nkq5g5ps5sbn23j2omb1bej8!nd_dft_wlteh_webp_3,http://sns-webpic-qc.xhscdn.com/202512062142/153640ceb260b66a08313850333578f3/1040g00831mvpnq7nkq605ps5sbn23j2oa8bbcs0!nd_dft_wlteh_webp_3,http://sns-webpic-qc.xhscdn.com/202512062142/93581fd91e8969fc4353228781253d81/1040g00831mvpnq7nkq6g5ps5sbn23j2osu5va5o!nd_dft_wlteh_webp_3,http://sns-webpic-qc.xhscdn.com/202512062142/22564926195c1523b9127a0c0eb56559/1040g00831n0t3n1r50005ps5sbn23j2ots59fq8!nd_dft_wlteh_webp_3,http://sns-webpic-qc.xhscdn.com/202512062142/d973dad355245c6a481e66b8243b9370/1040g00831n0t3n1r500g5ps5sbn23j2oi12d9j0!nd_dft_wlteh_webp_3,http://sns-webpic-qc.xhscdn.com/202512062142/dedd4a337de2e8a5765211167bb9387e/1040g00831n0t3n1r50105ps5sbn23j2ou4bl3go!nd_dft_wlteh_webp_3","26考研,考研数学,考研,考研经验分享,武忠祥高数,考研数学武忠祥,李永乐线代,考研加油,考研人,考研人加油",1765028635195,https://www.xiaohongshu.com/explore/68da54fd0000000012033270?xsec_token=AB_5x1KIxU7-lNLW5Crv-4XLp-j1fxtHWxko7opBs3flk=&xsec_source=pc_search,考研,AB_5x1KIxU7-lNLW5Crv-4XLp-j1fxtHWxko7opBs3flk=
68c45f3f000000001d02799e,normal,聪明的人已经发现今年的考研不对劲了,#26考研[话题]# #研究生考试[话题]# #考研复习[话题]# #考研备考攻略[话题]# #考研过来人的避坑法则[话题]# #考研是留给有准备的人[话题]# #考研时间安排[话题]# #考研初试[话题]# #考研经验分享[话题]# #考研规划[话题]#,,1757699903000,1757699904000,68ad5b70000000001a02735e,月倾浅,https://sns-avatar-qc.xhscdn.com/avatar/87afe09f-6c57-324f-8198-678fcda4100a,5291,4282,429,349,,"http://sns-webpic-qc.xhscdn.com/202512062142/b0149bbe1c3af44ab730939e0c1b2a73/notes_pre_post/1040g3k031mbejnla5m505q5dbdo6ksqud431s2o!nd_dft_wlteh_webp_3,http://sns-webpic-qc.xhscdn.com/202512062142/a15fce74a9dd3826607c283018734391/notes_pre_post/1040g3k031mbejnla5m605q5dbdo6ksqudi05lio!nd_dft_wlteh_webp_3,http://sns-webpic-qc.xhscdn.com/202512062142/87d15a32e88aec039dbd2ba8eb20b32c/notes_pre_post/1040g3k031mbejnla5m5g5q5dbdo6ksqudld17ho!nd_dft_wlteh_webp_3,http://sns-webpic-qc.xhscdn.com/202512062142/b33f68635df3c10564b722d4ec8a47d8/notes_pre_post/1040g3k031mbejnla5m005q5dbdo6ksquunbar28!nd_dft_wlteh_webp_3,http://sns-webpic-qc.xhscdn.com/202512062142/0b48f335fab73eaaafdae8aeaa60b13d/notes_pre_post/1040g3k031mbejnla5m1g5q5dbdo6ksqudvoqsro!nd_dft_wlteh_webp_3,http://sns-webpic-qc.xhscdn.com/202512062142/e85a64461268e7a365877c07605dbaca/notes_pre_post/1040g3k031mbejnla5m0g5q5dbdo6ksqujr9afd0!nd_dft_wlteh_webp_3,http://sns-webpic-qc.xhscdn.com/202512062142/eb5bfe427c8c6a1dec42df2c81424c5c/notes_pre_post/1040g3k031mbejnla5m2g5q5dbdo6ksquf55iqmo!nd_dft_wlteh_webp_3,http://sns-webpic-qc.xhscdn.com/202512062142/10e2ebc4b2f7df3d953fdf98fa94fe2a/notes_pre_post/1040g3k031mbejnla5m4g5q5dbdo6ksqud86vtcg!nd_dft_wlteh_webp_3,http://sns-webpic-qc.xhscdn.com/202512062142/3f28415704221e79685cde4ab6d531ef/notes_pre_post/1040g3k031mbejnla5m105q5dbdo6ksqu16os5m8!nd_dft_wlteh_webp_3,http://sns-webpic-qc.xhscdn.com/202512062142/63d0a5ad5af3b7375c120ce89087e8f9/notes_pre_post/1040g3k031mbejnla5m205q5dbdo6ksqul8hieg8!nd_dft_wlteh_webp_3,http://sns-webpic-qc.xhscdn.com/202512062142/82e125a271640712ec51909dd0f6659b/notes_pre_post/1040g3k031mbejnla5m305q5dbdo6ksqu1lu7a70!nd_dft_wlteh_webp_3,http://sns-webpic-qc.xhscdn.com/202512062142/6d32d7a80f18b658e40b7c2e31d89b3e/notes_pre_post/1040g3k031mbejnla5m3g5q5dbdo6ksquuueo4ho!nd_dft_wlteh_webp_3,http://sns-webpic-qc.xhscdn.com/202512062142/e52833dd862de241700d798ebb64d975/notes_pre_post/1040g3k031mbejnla5m405q5dbdo6ksquqpcqj3g!nd_dft_wlteh_webp_3","26考研,研究生考试,考研复习,考研备考攻略,考研过来人的避坑法则,考研是留给有准备的人,考研时间安排,考研初试,考研经验分享,考研规划",1765028635198,https://www.xiaohongshu.com/explore/68c45f3f000000001d02799e?xsec_token=AB1JvJETIbm91o0irdpJdM5Afcbfed5Ke2lFnOTyknILM=&xsec_source=pc_search,考研,AB1JvJETIbm91o0irdpJdM5Afcbfed5Ke2lFnOTyknILM=
678cc2c500000000190004ce,video,考研要不要找学习搭子﻿#考研[话题]#﻿ ﻿#学习搭子[话题]#﻿,考研要不要找学习搭子﻿#考研[话题]#﻿ ﻿#学习搭子[话题]#﻿,http://sns-video-bd.xhscdn.com/spectrum/1040g0jg31cr4i97t08005oqv59e654fjmcf2p58,1737278149000,1737278149000,635f2a5c00000000180291f3,晓艳英语四六级,https://sns-avatar-qc.xhscdn.com/avatar/638370a5c6f33706866ff62f.jpg,5210,1603,132,424,,http://sns-webpic-qc.xhscdn.com/202512062143/2d1b89d7376f7ac1fc432ea50228c228/spectrum/1040g34o31cr4inlah2bg5oqv59e654fjkvv945g!nd_dft_wlteh_webp_3,"考研,学习搭子",1765028635202,https://www.xiaohongshu.com/explore/678cc2c500000000190004ce?xsec_token=AB-y5Asq9f6b8QsaNoPk7OBIc7Aj7IU-_RBTo2-kllp1s=&xsec_source=pc_search,考研,AB-y5Asq9f6b8QsaNoPk7OBIc7Aj7IU-_RBTo2-kllp1s=
693316bf000000001e02db1b,normal,今天是考前最后一晚..,"恭喜又成功复活了到考前的两周
哈哈哈哈哈我重生了！！我一定会好好珍惜！！
#极限考研[话题]# #考研[话题]# #考研打卡[话题]# #考研倒计时[话题]#",,1764955839000,1764955839000,687fbce6000000000d03d813,冲刺50天上岸985,https://sns-avatar-qc.xhscdn.com/avatar/1040g2jo31phj9bfc2u005q3vnjj3fm0j661cva0,5229,786,786,814,广东,http://sns-webpic-qc.xhscdn.com/202512062143/5b2ea110e21c7aad375d6df6b92acd98/1040g2sg31pniiv01l2705q3vnjj3fm0jmirq3n0!nd_dft_wlteh_webp_3,"极限考研,考研,考研打卡,考研倒计时",1765028635206,https://www.xiaohongshu.com/explore/693316bf000000001e02db1b?xsec_token=AB2AUeGXldiGlyYp_QdjkU0zBSK9OaH0FjdD9FNlqpGC8=&xsec_source=pc_search,考研,AB2AUeGXldiGlyYp_QdjkU0zBSK9OaH0FjdD9FNlqpGC8=
68bf9068000000001b01db5d,normal,考研失败，我重生在了2025年九月九日的早晨,"闹钟响第三遍时，我盯着手机屏幕上的日期——9月9日，猛地从床上弹了起来。
	
不是查完成绩后那个哭到头痛的深夜，不是看着朋友圈里别人晒录取通知的黄昏，而是夏末秋初，阳光刚好能透过窗帘缝隙，在书桌上投下一道金边的早晨。
	
我下意识摸了摸枕头下的手机，没有那条“很遗憾，您未进入复试”的短信。书桌上堆着半旧的专业课教材，扉页上还没有被我画得乱七八糟的重点，英语真题集崭新得能闻到油墨味。
	
缓过神来的我用力打了自己一巴掌，火辣辣的痛感让我清醒。我靠…我靠…这原来真的不是梦，我带着去年的狼狈和遗憾，重生回了备考最关键的起点。
	
今天又是9月9日，阳光和去年那天应该一样好吧，不过我好像从来没有在意。那时候我总觉得时间还多，一玩就是一下午，复杂的专业课知识点，习惯性地逃避，最后堆成了压垮自己的大山。
	
我站起来走向书桌，看着书桌上密密麻麻的笔记，突然想起一句话：“所谓重生，不是拥有了改写过去的能力，而是获得了把握现在的勇气。”
	
想起去年复试线出来那天，我躲在房间里，听着爸妈在门外小心翼翼讨论“唉，孩子压力也大，她也不容易。但是我们要不要问问她打不打算二战”的声音，那种无力感比任何挫折都让我难受。所以现在再难，我也要坚持下去。
	
“我真的没有别的机会了。”
	
亲爱的朋友，听说你也正在备考。或许此刻的你正迷茫，正焦虑，正怀疑自己是不是在做无用功。那我想和你说，只要你拼尽全力问心无愧，时间终会给你满意的答案。（千万千万不要像去年的我一样啊˃̵ ֊ ˂̵꧞不过，等着瞧！这次我一定会努力！）
	
亲爱的朋友！请一定一定不要让自己后悔，希望我们未来顶峰相见！
#考研[话题]# #考研人[话题]# #考编[话题]# #考研党[话题]# #创飞所有人[话题]# #考研人精神[话题]# #学不下去一点[话题]# #我的考研[话题]# #26考研[话题]# #重启自己的人生[话题]#",,1757384808000,1757484567000,5d386e850000000010009065,不学习就滚,https://sns-avatar-qc.xhscdn.com/avatar/1040g2jo31a04nfdonc005n9odq2k1435bksgs48,4610,1225,147,244,,http://sns-webpic-qc.xhscdn.com/202512062143/bde8be82e00284181e74f991616d509d/notes_pre_post/1040g3k831m885jfdm8705n9odq2k1435p9pka20!nd_dft_wgth_webp_3,"考研,考研人,考编,考研党,创飞所有人,考研人精神,学不下去一点,我的考研,26考研,重启自己的人生",1765028635212,https://www.xiaohongshu.com/explore/68bf9068000000001b01db5d?xsec_token=ABWEv1K4kA5CObkk4wuN9faCMiq9jN2N1CHGpy-L5sLJs=&xsec_source=pc_search,考研,ABWEv1K4kA5CObkk4wuN9faCMiq9jN2N1CHGpy-L5sLJs=
692581d2000000000d03c734,normal,"考研政治大牙老师是哪个学校毕业的[呃R][呃R][呃R]
#不懂就问有问必答[话题]# #万能的小红书[话题]#","考研政治大牙老师是哪个学校毕业的[呃R][呃R][呃R]
#不懂就问有问必答[话题]# #万能的小红书[话题]#",,1764065746000,1764065747000,65e87749000000000500cf5c,小丫.,https://sns-avatar-qc.xhscdn.com/avatar/1040g2jo315ekmvsa0u0g5pf8et4h9jqs8imo7vg,4739,2744,1190,339,湖北,http://sns-webpic-qc.xhscdn.com/202512062143/d14cd4800fade5db12ae20cb69676a7f/1040g2sg31paaa2tr2o005pf8et4h9jqs81o65ko!nd_dft_wlteh_webp_3,"不懂就问有问必答,万能的小红书",1765028635215,https://www.xiaohongshu.com/explore/692581d2000000000d03c734?xsec_token=ABBFpdTrEgyOSi8Lg36zJrdJQDtzX5G3rNB1OqYrhGtCw=&xsec_source=pc_search,考研,ABBFpdTrEgyOSi8Lg36zJrdJQDtzX5G3rNB1OqYrhGtCw=
6862360600000000100258b9,normal,一个笨蛋纯自学考研上岸的自述,"也不知道有没有人看🥹🥹
如果有帮助到别人的话
那我很开心😊
后面也会多更新几篇
分享一些自己的感悟吧~
#考研[话题]# #广外考研[话题]# #新闻与传播[话题]# #考研上岸经验[话题]# #学习经验[话题]# #考研经验分享[话题]# #考研辅导[话题]# #宝厂[话题]##广外[话题]#",,1751266822000,1751266822000,622ef792000000001000ed4a,小小,https://sns-avatar-qc.xhscdn.com/avatar/1040g2jo30pqar8pqmq505oheuu941raalonqfjo,4612,3351,200,238,,"http://sns-webpic-qc.xhscdn.com/202512062143/f4dbcbbb6f694929d1d35fb1d34d0831/notes_pre_post/1040g3k831jbj8c0o2icg5oheuu941raatc2mqao!nd_dft_wlteh_webp_3,http://sns-webpic-qc.xhscdn.com/202512062143/cfca95ec83faf5e92bb66591c33f5b52/notes_pre_post/1040g3k831jbj8c0o2ib05oheuu941raa7hhmepo!nd_dft_wlteh_webp_3,http://sns-webpic-qc.xhscdn.com/202512062143/0b425ad32356bb8915ff770e79d08bb9/notes_pre_post/1040g3k831jbj8c0o2ic05oheuu941raa33184p0!nd_dft_wlteh_webp_3,http://sns-webpic-qc.xhscdn.com/202512062143/547985601de8adc5f15bbe7778f38e20/notes_pre_post/1040g3k831jbj8c0o2i805oheuu941raaea7b6q0!nd_dft_wlteh_webp_3,http://sns-webpic-qc.xhscdn.com/202512062143/ec758d3f2bcd93407d008d4f3d42b835/notes_pre_post/1040g3k831jbj8c0o2i9g5oheuu941raagpk38ug!nd_dft_wgth_webp_3,http://sns-webpic-qc.xhscdn.com/202512062143/c7a429a1bed21cc22fa86fabfbd19f28/notes_pre_post/1040g3k831jbj8c0o2ia05oheuu941raa3lirurg!nd_dft_wlteh_webp_3,http://sns-webpic-qc.xhscdn.com/202512062143/292bc8832cb56d14921992840c7fe5d0/notes_pre_post/1040g3k831jbj8c0o2iag5oheuu941raas3d4qlg!nd_dft_wlteh_webp_3","考研,广外考研,新闻与传播,考研上岸经验,学习经验,考研经验分享,考研辅导,宝厂,广外",1765028635219,https://www.xiaohongshu.com/explore/6862360600000000100258b9?xsec_token=ABqZcBmfPHwX-PhTZO6BWDKOgoZ_o5uqEhWa47TKqIe54=&xsec_source=pc_search,考研,ABqZcBmfPHwX-PhTZO6BWDKOgoZ_o5uqEhWa47TKqIe54=
687308950000000017035f13,normal,考研全流程一张图秒懂！！,"一次上岸！！！考研流程保姆级详述✨
大二下→大四下时间轴一次看懂！
规划→备考→复试→录取
少走10条弯路！
#考研备考攻略[话题]#  #考研上岸经验[话题]# #考研过来人的避坑法则[话题]#  #考研时间安排[话题]# #考研规划[话题]# #考研经验分享[话题]#",,1752369301000,1752373400000,639d108d000000002702b332,羊村小蛋糕【研0版】,https://sns-avatar-qc.xhscdn.com/avatar/1040g2jo31jr4g9auiu6g5ost226ptcpir5oji18,4570,4874,39,483,,"http://sns-webpic-qc.xhscdn.com/202512062143/8ed906477b4578be6f16ca494b930f16/1040g2sg31js11ba932kg5ost226ptcpibm20l1g!nd_dft_wlteh_webp_3,http://sns-webpic-qc.xhscdn.com/202512062143/a55862accafd0e5073619530cd088f74/1040g00831js11bc2346g5ost226ptcpi2p6jrb8!nd_dft_wlteh_webp_3,http://sns-webpic-qc.xhscdn.com/202512062143/c3a9d0a8972a13123d85f58a1fd28b43/1040g00831js11bc234605ost226ptcpio3df6ug!nd_dft_wlteh_webp_3","考研备考攻略,考研上岸经验,考研过来人的避坑法则,考研时间安排,考研规划,考研经验分享",1765028635222,https://www.xiaohongshu.com/explore/687308950000000017035f13?xsec_token=ABfEjIgYnWTZD11xjent7OHfCUWjKbcSZdHUNo-NIxJy8=&xsec_source=pc_search,考研,ABfEjIgYnWTZD11xjent7OHfCUWjKbcSZdHUNo-NIxJy8=
6895c5b900000000230234ca,normal,姐就是这样拼命考上研究生的（8月极限版）,"大家好，我是从双非一战考研上岸985的卷卷，主打一个疯狗式学习法，考不上不罢休！很多小宝问我，假如从8月份开始备考，还剩5个月，可以来得及吗？会不会因为落后别人一大截进度而考不上？我想说，当然来得及！当然能追上！当然能考上！我去年备考时长差不多五个多月，最后总分400+，并且英一在公认难的情况下也取得了81分。大家这刚开始备考肯定会出现题一做就错很多、书一背就忘的情况，这时候不要太焦虑，从现在开始给自己制定清晰的学习计划，然后一步步来！我给大家分享一下从8月开始备考的学习计划。
#考研[话题]# #26考研[话题]# #考研上岸经验[话题]# #考研备考攻略[话题]# #考研经验[话题]# #考研备考[话题]# #考研经验[话题]# #考研经验分享[话题]# #考研规划考研备考攻略[话题]#",,1754645945000,1754645946000,668d09780000000003033312,小红薯6905E6A8,https://sns-avatar-qc.xhscdn.com/avatar/645b7f6e338379fac1893093.jpg,4477,3925,64,298,,"http://sns-webpic-qc.xhscdn.com/202512062143/d37cf314d23cb456507fde582de3cbfe/1040g2sg31ktuk4a2j25g5pkd15s0ucoi02qli18!nd_dft_wlteh_webp_3,http://sns-webpic-qc.xhscdn.com/202512062143/3d5209905d49451904908cfad061b0a8/1040g2sg31ktuk4a2j2405pkd15s0ucoivc3lhs8!nd_dft_wlteh_webp_3,http://sns-webpic-qc.xhscdn.com/202512062143/737806767f8cba725044fdb45e10c456/1040g2sg31ktuk4a2j22g5pkd15s0ucoijkkf2l0!nd_dft_wlteh_webp_3,http://sns-webpic-qc.xhscdn.com/202512062143/40014d36055ba568ec6a8b668a20224b/1040g2sg31ktuk4a2j23g5pkd15s0ucoia1fngtg!nd_dft_wlteh_webp_3,http://sns-webpic-qc.xhscdn.com/202512062143/db7b7c35655048875b2386c837b6b98a/1040g2sg31ktuk4a2j26g5pkd15s0ucoi9hvj17o!nd_dft_wlteh_webp_3,http://sns-webpic-qc.xhscdn.com/202512062143/4fbc545af02adeb3225978cb7e23ef15/1040g2sg31ktuk4a2j2205pkd15s0ucoiv6nguqg!nd_dft_wlteh_webp_3,http://sns-webpic-qc.xhscdn.com/202512062143/9f942e7edc1440d5de4c59be98384c6e/1040g2sg31ktuk4a2j2105pkd15s0ucoisiut3fg!nd_dft_wlteh_webp_3,http://sns-webpic-qc.xhscdn.com/202512062143/745599df222d722969083c4947219b4b/1040g2sg31ktuk4a2j2605pkd15s0ucoiov0ch30!nd_dft_wlteh_webp_3,http://sns-webpic-qc.xhscdn.com/202512062143/b14b17d307d98f19612263fb70ecfb40/1040g2sg31ktuk4a2j2005pkd15s0ucoick85g38!nd_dft_wlteh_webp_3,http://sns-webpic-qc.xhscdn.com/202512062143/0b75f813729502a2dabae2f741dbe654/1040g2sg31ktuk4a2j24g5pkd15s0ucoip6v7im8!nd_dft_wlteh_webp_3","考研,26考研,考研上岸经验,考研备考攻略,考研经验,考研备考,考研经验分享,考研规划考研备考攻略",1765028635225,https://www.xiaohongshu.com/explore/6895c5b900000000230234ca?xsec_token=AB_N8vqZjjnzzQItczclRM0vxPF2yJ-SiCx2NhY-lw3fo=&xsec_source=pc_search,考研,AB_N8vqZjjnzzQItczclRM0vxPF2yJ-SiCx2NhY-lw3fo=
68cd1a79000000001300fb0e,normal,26考研|假如你从9月20日开始准备考研英语,"距离26考研还有92天，现在开始备考考研英语也是来得及的，如果你从9月20日开始备考，可以参考以下的计划
① 9月20日——10月7日（18days）
1、每天背100个单词+每天背2~3篇真题单词
2、每天翻译2~3个句子
3、每周一节作文课+每周背写2篇作文
4、每周2~3篇阅读
✨Stella～为了做阅读没有那么多阻碍且想尽快开始做阅读的，可以先把核心单词背了；真题单词需要自己整理，真题单词包括该篇真题的重点词汇和自己不会的生词难词（选项和文章里面的单词）
② 10月8日——10月26日（19days）
1、每天背50~100个单词（完整词书）+每天一篇真题单词
2、每天翻译2个句子
3、每周1节作文课+每周背写两篇作文
4、每天1篇阅读（看课的时候不做阅读）
5、每周两篇完型和新题型
✨Stella～因为25年英语一考了英语二的图表作文，24年考了图表+图画，所以无论考英语一还是英语二，都把图表和图画的作文课看一看
③ 10月27日——11月7日（12days）
1、每天背50~100个单词+每天至少一篇真题单词+每周背一种作文主题词
2、每天翻译2个句子——每周做两篇翻译
3、每周背写/练写大小作文各一篇+每周整理3篇作文模板
4、每天1篇阅读→12天完成10篇阅读
5、每周两篇完型和新题型
✨Stella～作文模板大概是开头和结尾不一样，中间几乎是一样的，所以模板整理起来不是那么困难
④ 11月8日——11月30日（23days）
1、单词如上
2、每周背写/练写两篇作文+每周整理2篇作文模板
3、每天1篇阅读+每周挑一天做四篇阅读（控制做题速度）
4、每周两篇完型、两篇新题型和两篇翻译
5、每周六模考一次
Stella～如果这时候完成一刷了，那么不要因为担心记得答案，就刷其他模拟题，还是刷真题（只要你能说清楚每个选项的出处和错因，那么这道题你就是对的；否则，就算答案是对的，你也是不会做这道题）
⑤ 12月1日——12月19日（19days）
1、单词如上
2、每周背写/练写大小作文各一篇
3、每周2~3篇阅读
每周两篇完型、两篇新题型和两篇翻译
✨ Stella~考研政治的备考时间是逐渐递增的，所以需要自己控制一下考研英语的时间
#26考研[话题]##二战考研[话题]##考研规划[话题]##考研英语[话题]##考研英语一[话题]##考研英语二[话题]#",,1758272121000,1758272121000,622b49f10000000010008aa6,要努力读研的Stella✨,https://sns-avatar-qc.xhscdn.com/avatar/6436d3d7a8699be3295374e4.jpg,4404,4515,91,388,,"http://sns-webpic-qc.xhscdn.com/202512062143/09ab297b112d71b35bb8172a1ce5cd02/notes_pre_post/1040g3k031mjvm1dc5i005ohb97ok12l6lmiado0!nd_dft_wlteh_webp_3,http://sns-webpic-qc.xhscdn.com/202512062143/101e53cbf0c9b4cebc43a9d120169a09/notes_pre_post/1040g3k031mjvm1dc5i1g5ohb97ok12l60le3fv8!nd_dft_wlteh_webp_3,http://sns-webpic-qc.xhscdn.com/202512062143/e000da91a6b5cae8ec51ea205a35c09a/notes_pre_post/1040g3k031mjvm1dc5i0g5ohb97ok12l61jnd3ao!nd_dft_wlteh_webp_3,http://sns-webpic-qc.xhscdn.com/202512062143/96db3f1f5df2f0e44e2cd5b95fdc6b44/notes_pre_post/1040g3k031mjvm1dc5i205ohb97ok12l6n06bm58!nd_dft_wlteh_webp_3,http://sns-webpic-qc.xhscdn.com/202512062143/6000b07c22b3e06cc23a7cdac77c0463/notes_pre_post/1040g3k031mjvm1dc5i2g5ohb97ok12l6s0jpi68!nd_dft_wlteh_webp_3,http://sns-webpic-qc.xhscdn.com/202512062143/26ccf18da7f143db7c349bc7c4d79027/notes_pre_post/1040g3k031mjvm1dc5i305ohb97ok12l6p8tn3n8!nd_dft_wlteh_webp_3,http://sns-webpic-qc.xhscdn.com/202512062143/5d130ebd7273e0618bd1750ecd1fc233/notes_pre_post/1040g3k031mjvm1dc5i3g5ohb97ok12l66p0u04g!nd_dft_wlteh_webp_3,http://sns-webpic-qc.xhscdn.com/202512062143/9152bb4ca448e21e2d3c28de5302a6ff/notes_pre_post/1040g3k031mjvm1dc5i105ohb97ok12l6c2u116g!nd_dft_wlteh_webp_3,http://sns-webpic-qc.xhscdn.com/202512062143/0917ffc394a3a6d4f7672d03c1e7ce97/notes_pre_post/1040g3k031mjvm1dc5i405ohb97ok12l6bepad40!nd_dft_wlteh_webp_3","26考研,二战考研,考研规划,考研英语,考研英语一,考研英语二",1765028635230,https://www.xiaohongshu.com/explore/68cd1a79000000001300fb0e?xsec_token=ABB17hs_fF259nZLCaYAwWHER6kEmBMmqwmP-rWoiQv7Y=&xsec_source=pc_search,考研,ABB17hs_fF259nZLCaYAwWHER6kEmBMmqwmP-rWoiQv7Y=
68fb444c000000000503111b,normal,个人认为笨b考研英语进步最快的方式,"大家好，我是哭也没用。去年英语85美美上岸了，所以想多分享一些英语的做题心得。之前分享的笔记，很多小宝反馈说很实用，但实操起来还是有些迷茫，希望我能出一期手把手的教程。
今天，我就结合 20 年真题，给大家带来英语阅读和翻译的保姆级教程。现在距离考试不到 60 天，英语提分还有机会！阅读占 40 分，只要我们保证每篇保底对 3 道，光阅读就能拿下 24 分，完全能再搏一把！
	
#26考研[话题]# #考研经验分享[话题]# #考研英语一[话题]# #英语一[话题]# #考研[话题]# #考研英语阅读[话题]# #极限考研[话题]#",,1761297484000,1761297484000,688047ce000000001e002f7c,哭也没用（985研,https://sns-avatar-qc.xhscdn.com/avatar/1040g2jo31k91arc3325g5q408v77gbrsncvjin8,4399,3974,53,313,,"http://sns-webpic-qc.xhscdn.com/202512062143/393f36e778e9ab7aeb2a47bcc5506f17/1040g2sg31o10u98o5mdg5q408v77gbrs325vjb0!nd_dft_wlteh_webp_3,http://sns-webpic-qc.xhscdn.com/202512062143/288c38eaae1ff82dddadd90de38b970a/1040g2sg31o10u98o5ma05q408v77gbrsmuplqdg!nd_dft_wlteh_webp_3,http://sns-webpic-qc.xhscdn.com/202512062143/e39986cff27b5c119e18768fb8ca1c57/1040g2sg31o10u98o5mbg5q408v77gbrs2ffuhfg!nd_dft_wlteh_webp_3,http://sns-webpic-qc.xhscdn.com/202512062143/1e54452f6134be1f24a9b555476749ab/1040g2sg31o10u98o5mag5q408v77gbrs3rlhqa0!nd_dft_wlteh_webp_3,http://sns-webpic-qc.xhscdn.com/202512062143/3a93d7ac9a9ba4e5721cd5d0d6f2924e/1040g2sg31o10u98o5m7g5q408v77gbrslbqlhg8!nd_dft_wgth_webp_3,http://sns-webpic-qc.xhscdn.com/202512062143/4bcaced670d7e5e0abc9b8c0a032624e/1040g2sg31o10u98o5md05q408v77gbrsf15kes0!nd_dft_wlteh_webp_3,http://sns-webpic-qc.xhscdn.com/202512062143/6719dbda1f20fbb5dc10df88f3b137c4/1040g2sg31o10u98o5mb05q408v77gbrsq6gct6o!nd_dft_wlteh_webp_3,http://sns-webpic-qc.xhscdn.com/202512062143/a18fb0d4d79bdf211850f74268c7748a/1040g2sg31o10u98o5m8g5q408v77gbrssk9edbo!nd_dft_wlteh_webp_3,http://sns-webpic-qc.xhscdn.com/202512062143/d5af5abb968957edb5b829e46faa2c8a/1040g2sg31o10u98o5mcg5q408v77gbrsq8p9dmo!nd_dft_wlteh_webp_3,http://sns-webpic-qc.xhscdn.com/202512062143/4fb18c5d9229fd679b8153fd0d2d9b06/1040g2sg31o10u98o5mc05q408v77gbrs1485gso!nd_dft_wlteh_webp_3","26考研,考研经验分享,考研英语一,英语一,考研,考研英语阅读,极限考研",1765028635235,https://www.xiaohongshu.com/explore/68fb444c000000000503111b?xsec_token=ABjVdmJuhxwA0QNUF4S6fkty_SfUyqah3w3OoWKgfnXc0=&xsec_source=pc_search,考研,ABjVdmJuhxwA0QNUF4S6fkty_SfUyqah3w3OoWKgfnXc0=
692309fa000000001b033c17,normal,提醒一下12.20去参加考研的人(差生版),#考研[话题]# #考研人[话题]# #考研党[话题]# #考研打卡[话题]# #考研初试[话题]# #研究生[话题]# #考研数学[话题]# #考研备考[话题]# #考研政治[话题]# #考研英语[话题]#,,1763903994000,1763903995000,68f7321300000000370022d4,秋亦染,https://sns-avatar-qc.xhscdn.com/avatar/fae9435d-994c-3ded-ae70-bfded22111e8,4392,4042,593,437,广东,"http://sns-webpic-qc.xhscdn.com/202512062143/4c1d8ae29aaab53ea7938107cbe5b6de/notes_pre_post/1040g3k031p7t6bfpio4g5q7n689to8mkfo0h9fo!nd_dft_wlteh_webp_3,http://sns-webpic-qc.xhscdn.com/202512062143/003028541817ffcb47fe67ce939bb176/notes_pre_post/1040g3k031p7t6bfpio2g5q7n689to8mkg7d6hoo!nd_dft_wlteh_webp_3,http://sns-webpic-qc.xhscdn.com/202512062143/8374c57cd8dbc9f54ddd44aca6c502ed/notes_pre_post/1040g3k031p7t6q0pig005q7n689to8mkuklkrrg!nd_dft_wlteh_webp_3,http://sns-webpic-qc.xhscdn.com/202512062143/db0615778cc579a0e1c162dcc7820250/notes_pre_post/1040g3k031p7t6nfb2o005q7n689to8mkq5scbjg!nd_dft_wlteh_webp_3,http://sns-webpic-qc.xhscdn.com/202512062143/0f79e91c92fbd2f19fb9e4887395e254/notes_pre_post/1040g3k031p7t6mql2u005q7n689to8mk7i4dp4o!nd_dft_wlteh_webp_3,http://sns-webpic-qc.xhscdn.com/202512062143/3ac92a06329974e77eb199d8e2d62610/notes_pre_post/1040g3k031p7t6ko0io005q7n689to8mkvpht11g!nd_dft_wlteh_webp_3,http://sns-webpic-qc.xhscdn.com/202512062143/0f9e36183bd56bf63d5d77768ecfa1a4/notes_pre_post/1040g3k031p7t6i8t3c005q7n689to8mkfai4oco!nd_dft_wlteh_webp_3,http://sns-webpic-qc.xhscdn.com/202512062143/d7aa862d20b9a0fe1cfd321937a9a30c/notes_pre_post/1040g3k031p7t6fd83c005q7n689to8mkv2r68fg!nd_dft_wlteh_webp_3,http://sns-webpic-qc.xhscdn.com/202512062143/eb7622044a8c224fe5f1afc183010940/notes_pre_post/1040g3k031p7t6eba3ce05q7n689to8mkp0830fo!nd_dft_wlteh_webp_3,http://sns-webpic-qc.xhscdn.com/202512062143/a466ca800209f42c882177dbe4334d4b/notes_pre_post/1040g3k031p7t6cpbiu005q7n689to8mkdotaajg!nd_dft_wlteh_webp_3,http://sns-webpic-qc.xhscdn.com/202512062143/ab8944fd5286be745799cac64ae90c8a/notes_pre_post/1040g3k031p7t6c2i2u005q7n689to8mkcsouo20!nd_dft_wlteh_webp_3,http://sns-webpic-qc.xhscdn.com/202512062143/e7fa32058c036ab2c9e9fa6aa4d92d12/notes_pre_post/1040g3k031p7t6bqp2u005q7n689to8mksign6j8!nd_dft_wlteh_webp_3","考研,考研人,考研党,考研打卡,考研初试,研究生,考研数学,考研备考,考研政治,考研英语",1765028635238,https://www.xiaohongshu.com/explore/692309fa000000001b033c17?xsec_token=AB--T1To4I7sRuDoAazL7GzOT03ixxYOfUqDl7iQ_RVWI=&xsec_source=pc_search,考研,AB--T1To4I7sRuDoAazL7GzOT03ixxYOfUqDl7iQ_RVWI=
6917e116000000000402a322,normal,考研作文连续4年第一篇命中！,2026考研英语作文加油！作文必胜！20天拿下7+16#考研英语[话题]# #考研英语作文[话题]# #作文押题[话题]#,,1763172630000,1763172648000,6333b26c000000002303e211,刘减疫考研英语押题王,https://sns-avatar-qc.xhscdn.com/avatar/1040g2jo31b3rr2kd7g6g5opjm9m8voghdubk81o,4243,2173,2747,86,山东,"http://sns-webpic-qc.xhscdn.com/202512062143/6454330329d6a91731e2ee2ad52d3216/notes_pre_post/1040g3k031ot0d8og1a6g5opjm9m8voghbiute30!nd_dft_wlteh_webp_3,http://sns-webpic-qc.xhscdn.com/202512062143/5a37e58be93d53b43952258234e4b986/notes_pre_post/1040g3k031ot0d8og1a605opjm9m8vogh612mko8!nd_dft_wlteh_webp_3","考研英语,考研英语作文,作文押题",1765028635243,https://www.xiaohongshu.com/explore/6917e116000000000402a322?xsec_token=ABmxOLF8rkxWGI1v-y9LqhU4K6A0AN7_0i1HYnXZ9H9gM=&xsec_source=pc_search,考研,ABmxOLF8rkxWGI1v-y9LqhU4K6A0AN7_0i1HYnXZ9H9gM=
692948cc0000000019027ec3,normal,腿姐时政7页纸和大题9页纸出了,#考研政治[话题]#,,1764313292000,1764688122000,65ab3735000000001001dc33,春天可以,https://sns-avatar-qc.xhscdn.com/avatar/1040g2jo31pgr6i7qiu105pdb6sqk3n1j7bqis20,4209,3542,2726,127,河南,http://sns-webpic-qc.xhscdn.com/202512062143/459f6463bd52f8fff7a7144895e99b71/note_pre_post_uhdr/1040g3r031pe082tb2u105pdb6sqk3n1j9001odo!nd_dft_wlteh_webp_3,考研政治,1765028635246,https://www.xiaohongshu.com/explore/692948cc0000000019027ec3?xsec_token=ABaY3SbIb3HkJpjitPATEut5HQ9L0o2KLTR-YRm4V0QSo=&xsec_source=pc_search,考研,ABaY3SbIb3HkJpjitPATEut5HQ9L0o2KLTR-YRm4V0QSo=
6901e6710000000004011d77,normal,4-4-3-11，真的可以50天考研质变,"大家好，我是乌冬面👋考研就剩最后50天了，大家一定在纠结究竟是保效率还是保时长，今天我就来分享一下我考研这个时期的作息计划，这个作息大概是11h的学习时长。我当时是按照三个时间段安排了确定的学习时间，上午四小时、下午四小时、晚上三小时，一周会休息一天。但是如果我上午没有学满四小时，我会自动延后，比如9点才开始学，那我就会学到下午一点再去吃饭。
我觉得这套作息比较容易坚持，在此之前我也试过早上六点多起床学习，除了学的比较辛苦外，心里也总是想着拖延。但是八点半开始学的话，就能保证我有一个幸福的睡眠啦~
	
#26考研[话题]# #考研时间安排[话题]# #我的考研[话题]# #极限考研[话题]# #考研作息[话题]#",,1761732209000,1761732209000,6698c8f9000000000d02493d,努力读研的乌冬面,https://sns-avatar-qc.xhscdn.com/avatar/1040g2jo315boq02ghe405pb6ku5v08d4d50dnmg,4195,2970,61,339,,"http://sns-webpic-qc.xhscdn.com/202512062143/61cb30f56187bca4ca866a4efdec7049/notes_pre_post/1040g3k031o7hjvbimm6g5pkop3sjci9t8ojcli8!nd_dft_wlteh_webp_3,http://sns-webpic-qc.xhscdn.com/202512062143/b310b93bbe7988a4aec99b5ec52cb008/notes_pre_post/1040g3k031o7hjvdj06dg5pkop3sjci9tqp4oj70!nd_dft_wlteh_webp_3,http://sns-webpic-qc.xhscdn.com/202512062143/938f16d7e5aa36c444f5fb15ead814eb/notes_pre_post/1040g3k031o7hjvdj06805pkop3sjci9t3m68ht0!nd_dft_wlteh_webp_3,http://sns-webpic-qc.xhscdn.com/202512062143/be764b3c3e90d5e873836e2f88dcba36/notes_pre_post/1040g3k831o7hjvu35m005pkop3sjci9tmjfoik8!nd_dft_wlteh_webp_3,http://sns-webpic-qc.xhscdn.com/202512062143/803c0233790df3c2ad062c708efb03d4/notes_pre_post/1040g3k031o7hjvdj06cg5pkop3sjci9tq4qtue8!nd_dft_wlteh_webp_3,http://sns-webpic-qc.xhscdn.com/202512062143/c9cab759767e98d7fd05b5bb8ada564f/notes_pre_post/1040g3k031o7hjvdj06d05pkop3sjci9tuqi08s0!nd_dft_wlteh_webp_3,http://sns-webpic-qc.xhscdn.com/202512062143/5c0930d2eb9d8e9d111ccb3b5b998ce7/notes_pre_post/1040g3k831o7hjvmjmm005pkop3sjci9taa851r0!nd_dft_wlteh_webp_3,http://sns-webpic-qc.xhscdn.com/202512062143/a740fe841109b5471ec89efc41561db8/notes_pre_post/1040g3k031o7hjve4g6205pkop3sjci9ta72ree8!nd_dft_wlteh_webp_3","26考研,考研时间安排,我的考研,极限考研,考研作息",1765028635251,https://www.xiaohongshu.com/explore/6901e6710000000004011d77?xsec_token=ABtrmVrnhQ7rt0N_5NZu5EhlELZKk7DHBTbY-zF7CHhC8=&xsec_source=pc_search,考研,ABtrmVrnhQ7rt0N_5NZu5EhlELZKk7DHBTbY-zF7CHhC8=
6879b327000000001703336f,video,考研坚持不住的同学，这句话送你,#刘晓艳[话题]#  #学丞[话题]# #考研[话题]#,http://sns-video-bd.xhscdn.com/pre_post/1040g0cg31k2gngf4j4505oqv59e654fj5aou96o,1752825661000,1752806184000,635f2a5c00000000180291f3,晓艳英语四六级,https://sns-avatar-qc.xhscdn.com/avatar/638370a5c6f33706866ff62f.jpg,4049,1232,79,230,,http://sns-webpic-qc.xhscdn.com/202512062143/67345bc0d9a782c49a1e0501f6ea92df/1040g2sg31k2gnfss30q05oqv59e654fj4kgjvoo!nd_dft_wlteh_webp_3,"刘晓艳,学丞,考研",1765028635255,https://www.xiaohongshu.com/explore/6879b327000000001703336f?xsec_token=ABogx913ZRM0HpmMTcgPfC4uASPsBDvKriGFt7LP6M2Q0=&xsec_source=pc_search,考研,ABogx913ZRM0HpmMTcgPfC4uASPsBDvKriGFt7LP6M2Q0=
67fc97af000000001d005dae,normal,考研up主个人向红黑榜修正版（补档）,"因为被团建了，所以被迫叠个甲，我帖子的受众是考数学的理工科，文科就别来凑热闹了。理工科即使花几十个小时去看英语政治的课也是一件非常奢侈的行为。所以希望能有点常识，考不考数学的科目时间分配是天差地别的。你文科喜欢跟那几位大人你就跟吧，没人拦你。我写这种帖子，矛盾冲突是无法避免的，给优质up引流，还要被黑榜护主的xiaozi团建。已老实，求放过[哭惹R]
#考研经验分享[话题]# #考研up主[话题]##考研数学[话题]##考研英语[话题]##考研政治[话题]##哈工大803[话题]# #电子信息考研[话题]# #排雷与推荐[话题]# #一战成硕[话题]# #考研经验帖[话题]# #哈尔滨工业大学[话题]#",,1744607151000,1744789521000,60c57a030000000001009e6a,考研数学姜萍jumping,https://sns-avatar-qc.xhscdn.com/avatar/1040g2jo31nisfv5smg6g5o65f81g97jau09vff8,4020,4135,282,279,,"http://sns-webpic-qc.xhscdn.com/202512062143/cc5d6a3b5a8fa7dffd8be1899a2c76f0/1040g00831g8blm6nhs5g5o65f81g97japflnh38!nd_dft_wlteh_webp_3,http://sns-webpic-qc.xhscdn.com/202512062143/b2fb45440fd7f5ab97d25a720d07d2bf/1040g00831gb2l71ojo605o65f81g97janounpko!nd_dft_wlteh_webp_3,http://sns-webpic-qc.xhscdn.com/202512062143/9fdc43a6f0e69aa2df46975cb1bec13f/1040g00831gb2l71ojo6g5o65f81g97jah0divtg!nd_dft_wlteh_webp_3,http://sns-webpic-qc.xhscdn.com/202512062143/48348c190b7f6e0c8b6472b1b9d8b75c/1040g00831gb2l71ojo305o65f81g97jao2c2u90!nd_dft_wlteh_webp_3,http://sns-webpic-qc.xhscdn.com/202512062143/b5470a46770f4117fe18ca4716bd071b/1040g00831gb2l71ojo3g5o65f81g97jaanqks20!nd_dft_wlteh_webp_3,http://sns-webpic-qc.xhscdn.com/202512062143/58eab9cda61db8b3b2174b3bc4cb1706/1040g00831gb2l71ojo5g5o65f81g97jah4h9998!nd_dft_wlteh_webp_3","考研经验分享,考研up主,考研数学,考研英语,考研政治,哈工大803,电子信息考研,排雷与推荐,一战成硕,考研经验帖,哈尔滨工业大学",1765028635257,https://www.xiaohongshu.com/explore/67fc97af000000001d005dae?xsec_token=ABIPjfSuvMDiHAVEETC_mZYIfhh9pxcjUy8Y_kgYXnjzY=&xsec_source=pc_search,考研,ABIPjfSuvMDiHAVEETC_mZYIfhh9pxcjUy8Y_kgYXnjzY=
6810693f000000000b0143e8,video,25考研终将载入史册,25考研最终载入史册！终结了！未来不管如何，我们都要好好！越来越好！#考研[话题]# #26考研[话题]# #27考研[话题]# #考研择校[话题]# #考研加油[话题]#,http://sns-video-bd.xhscdn.com/pre_post/1040g2t031grn20qf3q005o0i4o9g8f27mvki6a0,1745920978000,1745905983000,601226130000000001003c47,你的考研王老师,https://sns-avatar-qc.xhscdn.com/avatar/1040g2jo31mp5ijlm5i105o0i4o9g8f276h1dkag,3874,1076,430,936,,http://sns-webpic-qc.xhscdn.com/202512062143/632622ee2611b420940ed96a3e0c9d1c/1040g2sg31grn2njhjue05o0i4o9g8f27jtg266g!nd_dft_wlteh_webp_3,"考研,26考研,27考研,考研择校,考研加油",1765028635262,https://www.xiaohongshu.com/explore/6810693f000000000b0143e8?xsec_token=ABd0sLekAo6Qahy7B_VKh_piyKh4ZFykugmW1exUGdW7g=&xsec_source=pc_search,考研,ABd0sLekAo6Qahy7B_VKh_piyKh4ZFykugmW1exUGdW7g=
68f5e808000000000301d11c,video,考研英语65+，最后救命规划，基础好别来,#考研加油[话题]# #考研[话题]# #考研数学[话题]# #考研英语[话题]# #考研政治[话题]# #英语一[话题]# #英语二[话题]# #考研规划[话题]# #大学生[话题]# #四六级[话题]#,http://sns-video-bd.xhscdn.com/spectrum/1040g0jg31nrqj893l0005n0m4dqhkbicusiu6oo,1760946184000,1760946184000,5c1623750000000006022e4c,王无术,https://sns-avatar-qc.xhscdn.com/avatar/1040g2jo31pif6os74k005n0m4dqhkbic17djod0,3937,4444,49,344,,http://sns-webpic-qc.xhscdn.com/202512062148/b7cdb042934248e258020b63ea8a68e9/spectrum/1040g34o31nrqjf9gl2105n0m4dqhkbiccqsvuk8!nd_dft_wgth_webp_3,"考研加油,考研,考研数学,考研英语,考研政治,英语一,英语二,考研规划,大学生,四六级",1765028974427,https://www.xiaohongshu.com/explore/68f5e808000000000301d11c?xsec_token=AB1ilgAqHTKGLfOcEeFrZihlkXI_r0qDLbsJlE3rsmoeI=&xsec_source=pc_search,考研,AB1ilgAqHTKGLfOcEeFrZihlkXI_r0qDLbsJlE3rsmoeI=
6916e1260000000004001c0b,normal,2024考研英语作文直接压中！,"每年只鸭3篇，
9年中7年，
压中的7年中有4年第一篇就中！
#考研英语[话题]# #考研英语作文[话题]# #作文押题[话题]# #预测[话题]#",,1763107110000,1763107111000,6333b26c000000002303e211,刘减疫考研英语押题王,https://sns-avatar-qc.xhscdn.com/avatar/1040g2jo31b3rr2kd7g6g5opjm9m8voghdubk81o,3921,2005,2423,81,山东,"http://sns-webpic-qc.xhscdn.com/202512062148/3f334c389ef0ee56dae357dd9a613fad/notes_pre_post/1040g3k831os15haphqdg5opjm9m8vogh06q10h0!nd_dft_wlteh_webp_3,http://sns-webpic-qc.xhscdn.com/202512062148/b0ac39b9ee28aa8bacf05401fe1ad2dc/notes_pre_post/1040g3k031os15hduhg3g5opjm9m8vogh9737bh0!nd_dft_wlteh_webp_3,http://sns-webpic-qc.xhscdn.com/202512062148/d6496db92d1df91ae910e198bb083e25/notes_pre_post/1040g3k031os15hduhg5g5opjm9m8voghs9oe4e8!nd_dft_wlteh_webp_3,http://sns-webpic-qc.xhscdn.com/202512062148/6b054ebb21c4f0c3f88c95ec29abc72e/notes_pre_post/1040g3k031os15hduhg605opjm9m8vogh6495cj8!nd_dft_wlteh_webp_3","考研英语,考研英语作文,作文押题,预测",1765028974430,https://www.xiaohongshu.com/explore/6916e1260000000004001c0b?xsec_token=ABZOxJ2QvR6_x322n06Pq2CZNuE4iKwwLEvLznIi-tc_E=&xsec_source=pc_search,考研,ABZOxJ2QvR6_x322n06Pq2CZNuE4iKwwLEvLznIi-tc_E=
691ae67f000000000501254e,normal,一定要把握住考研的最后30天,"总有同学问：学姐，最后一个月我真的能有进步吗？我可以非常肯定地告诉你：是的，而且进步会非常大。
最后30天你将达到：
1️⃣专业课从还不能完全输出到倒背如流
2️⃣水平从基础层到拔高层
2️⃣英语在一个月内上涨15-25分
3️⃣政治在一个月内上涨20-45分
对比过去几个月，没有哪个月份能达到最后一个月这样的效果。
	
政治：
肖八已经出来了，现在就开始刷选择题吧，建议闭卷刷，每套卷标上得分，并且好好研磨答案，每道题为什么对？错误选项为什么错，都要搞得明明白白。有精力的同学可以在背诵手册上标注错题相关的知识点，以及熟悉一下肖八的大题。
要在肖四出来之前把肖八的选择题刷完。肖四出来后，刷选择题和背大题是同步进行的，选择题依然是看得分和二刷。肖四大题的背诵会占用每天绝大部分的时间，一定要做好心理准备。
	
英语：
英语没啥要特别嘱咐的，背单词、做阅读每天都要坚持，一直到考前。作文整理几个自己用着舒心的模板，模拟两次就够了，不用太焦虑学习软件打的分数。
真题的模拟留两套也够了，不用留太多年份，不建议留25年。我个人认为模拟主要是训练一下答整套卷的用时，以及适应一次性写好几篇阅读的强度。
	
专业课：
背书，背书，还是背书。
不要害怕现在背得磕磕绊绊不能输出，我去年这时候还在背第二轮。最后30天你会背得越来越快，会复习很多很多遍，一定要相信自己，到了考前肯定都能背得滚瓜烂熟的，我们现在按部就班执行这个过程就好。
如果你的院校是自命题且出题比较灵活，每天一定要花些时间整理热点，并且多在分值大的题目上花些功夫。背书大家都会背，最后的时间我们要做的，是在保证不丢、少丢基础分的前提下，提高能力以和竞争对手拉开差距。
	
考前一个月的状态并不能给你的成绩定板，恰恰相反，这是提升最大的一个月，这也是为什么会有很多人能极限考研上岸，因为关键都在最后。所以最后的这段时间一定要打起十二分的精神，马上就要苦尽甘来了！！！
	
#考研[话题]# #26考研[话题]# #考研上岸经验[话题]# #考研复习[话题]# #考研加油[话题]# #考研倒计时[话题]# #小红书校园日记[话题]#",,1763370623000,1763370624000,65100b170000000017021c24,雀雀,https://sns-avatar-qc.xhscdn.com/avatar/1040g2jo31jtk9isf2o005p8g1cbls714o26keu0,3893,1969,300,241,广东,"http://sns-webpic-qc.xhscdn.com/202512062148/6f21b782514bd3c53599cae4a982afb4/1040g2sg31ovuqqk61qe05p8g1cbls714b065qug!nd_dft_wlteh_webp_3,http://sns-webpic-qc.xhscdn.com/202512062148/07ab2a8463a833b79758bc2e99e5ee96/1040g2sg31ovuqqk61qf05p8g1cbls714nmjbaog!nd_dft_wlteh_webp_3,http://sns-webpic-qc.xhscdn.com/202512062148/f3a841a83fe736f1ae35e1be08ae03c4/1040g2sg31ovuqqk61qeg5p8g1cbls714f03bjqo!nd_dft_wlteh_webp_3","考研,26考研,考研上岸经验,考研复习,考研加油,考研倒计时,小红书校园日记",1765028974433,https://www.xiaohongshu.com/explore/691ae67f000000000501254e?xsec_token=ABQusRCmCl1o4JkB1s6lZSSKaqPFRXXHNkJ7KUdQ8REeU=&xsec_source=pc_search,考研,ABQusRCmCl1o4JkB1s6lZSSKaqPFRXXHNkJ7KUdQ8REeU=
6927a6e7000000001e014e13,normal,12.20日26考研，玩呗！反正重复率89%,#考研英语[话题]# #考研经验分享[话题]# #考研英语长难句[话题]# #考点速记[话题]# #考研笔记[话题]# #考研复习[话题]# #考研备考攻略[话题]# #考研规划[话题]# #准研究生必上岸[话题]# #考研留给先准备的人[话题]#,,1764206311000,1764206312000,6449ffb10000000029012224,山花漫,https://sns-avatar-qc.xhscdn.com/avatar/69251eb0e4efe70001f865cc.jpg,3531,3413,1622,500,江西,"http://sns-webpic-qc.xhscdn.com/202512062148/697a807eafc7cc31c3eaaaa13f513034/1040g00831pcct6dri44g5p29vuoqa8h47c2i8og!nd_dft_wlteh_webp_3,http://sns-webpic-qc.xhscdn.com/202512062148/4b63636f542b14cc864363339a44ae8d/1040g00831pcct6dri46g5p29vuoqa8h40o1ana8!nd_dft_wlteh_webp_3,http://sns-webpic-qc.xhscdn.com/202512062148/bd4283f73aa8a12db896a8aeb8fb8d54/1040g00831pcdblpp28405p29vuoqa8h48qs07ug!nd_dft_wlteh_webp_3,http://sns-webpic-qc.xhscdn.com/202512062148/ee30c9c968d34f1d5762f803f920d04a/1040g00831pcdblpp286g5p29vuoqa8h4ca7pk80!nd_dft_wlteh_webp_3,http://sns-webpic-qc.xhscdn.com/202512062148/7f469fd239c4f8429d7dcefaaad4352a/1040g00831pcct6dri4005p29vuoqa8h4tcb8f88!nd_dft_wlteh_webp_3,http://sns-webpic-qc.xhscdn.com/202512062148/a009f8834761b6c43756d6337118f2ad/1040g00831pcct6dri43g5p29vuoqa8h430tk658!nd_dft_wlteh_webp_3,http://sns-webpic-qc.xhscdn.com/202512062148/3093d9a0cf3d45d01b8b3f756d4a0d67/1040g00831pcct6dri41g5p29vuoqa8h4eotkp80!nd_dft_wlteh_webp_3,http://sns-webpic-qc.xhscdn.com/202512062148/cf8746979c76b6a5912816c20c494c93/1040g00831pcct6dri4405p29vuoqa8h4q3oc658!nd_dft_wlteh_webp_3,http://sns-webpic-qc.xhscdn.com/202512062148/57ca8594e9c87b110b5c3f88afcade56/1040g00831pcct6dri4205p29vuoqa8h4kmtos80!nd_dft_wlteh_webp_3,http://sns-webpic-qc.xhscdn.com/202512062148/97d4e579c57b79534b97dda438ab85e0/1040g00831pcct6dri4505p29vuoqa8h48ig96f8!nd_dft_wlteh_webp_3,http://sns-webpic-qc.xhscdn.com/202512062148/a60bd70abc182d3bcd01dc86850205da/1040g00831pcct6dri42g5p29vuoqa8h4uf3cbm0!nd_dft_wlteh_webp_3,http://sns-webpic-qc.xhscdn.com/202512062148/51fc26ceb539a99b0fd542e7a0c43c9a/1040g00831pcct6dri4305p29vuoqa8h440mj890!nd_dft_wlteh_webp_3,http://sns-webpic-qc.xhscdn.com/202512062148/6da6e706c5ef85f262d4ceaf9ca33a94/1040g00831pcct6dri4605p29vuoqa8h46h359k8!nd_dft_wlteh_webp_3","考研英语,考研经验分享,考研英语长难句,考点速记,考研笔记,考研复习,考研备考攻略,考研规划,准研究生必上岸,考研留给先准备的人",1765028974437,https://www.xiaohongshu.com/explore/6927a6e7000000001e014e13?xsec_token=ABy-wUIJOzra7peLD4KSj8c0X4gRWJh1hrZstAkvpJ-94=&xsec_source=pc_search,考研,ABy-wUIJOzra7peLD4KSj8c0X4gRWJh1hrZstAkvpJ-94=
6926cb20000000001e02d258,normal,如何逼自己20天极限考研（玩命上岸版）,"哈喽大家好，我是米菲，今天分享我最后20天的备考冲刺经验，我本科真的就是普通院校，成绩也平平，最后咬着牙冲了20天，一战上岸985！那段时间经常熬到凌晨，压力大到偷偷哭，但想着都坚持这么久了，差这20天吗，硬扛过来结果真的还不错
现在25考研就剩20天了！别慌，这20天也能翻盘：
20天能刷透肖八+背完肖四，政治稳拿55+！
20天能刷6年英语真题，选择题保底35分！
20天能背5套作文模板+练透翻译，英语作文+翻译拿25分，过线稳了！
20天能过2遍专业课核心点+背1遍真题，专业课冲100分完全有戏！
我跟你们说说这20天我是怎么拼的，希望能给你们打打气，咱们一起稳住冲上岸！
基础好的宝子，这20天别乱节奏，重点抠细节：真题错题本每天翻，把之前模糊的点比如政治的易混会议、英语阅读的逻辑陷阱彻底啃透，争取再提10分！
基础弱的宝子，别碰难题！先抓必拿分：专业课只背高频考点+真题题眼，每天早晚各抽1小时在走廊里读，我去年考前在考场外还捧着专业课笔记，真就碰到了刚读的知识点！英语只练阅读定位+作文模板，把能拿的分攥紧！
这20天别想能不能行，就想今天该做啥——你现在多背一个知识点，考场上就多拿一分，咬咬牙熬完这20天，岸上见！
#考研经验分享[话题]# #考研[话题]# #考研上岸经验[话题]# #考研复习[话题]# #考研时间安排[话题]# #26考研[话题]##考研规划[话题]# #极限考研[话题]#",,1764150048000,1764150048000,68ef0d340000000037007e23,米菲兔叽兔叽,https://sns-avatar-qc.xhscdn.com/avatar/1040g2jo31nk3ct876g505q7dviddu0ibtrs2c9g,3508,2140,435,197,江苏,"http://sns-webpic-qc.xhscdn.com/202512062148/b43e6ad7ffae89d8859017e8950429bb/notes_pre_post/1040g3k831pbih80e2od05q7f1kqdovh3qickei0!nd_dft_wlteh_webp_3,http://sns-webpic-qc.xhscdn.com/202512062148/c6cbeebc19c19272ddcb9d5fc562d895/notes_pre_post/1040g3k031pbih82h2skg5q7f1kqdovh3d4ravi0!nd_dft_wlteh_webp_3,http://sns-webpic-qc.xhscdn.com/202512062148/2b09b1dd079fd98ded7b7db42d6d40e1/notes_pre_post/1040g3k031pbih82h2sh05q7f1kqdovh35p2quho!nd_dft_wlteh_webp_3,http://sns-webpic-qc.xhscdn.com/202512062148/fd4caf491ac551384b53066f1be646b8/notes_pre_post/1040g3k831pbih8bsig005q7f1kqdovh39ifpfa0!nd_dft_wlteh_webp_3,http://sns-webpic-qc.xhscdn.com/202512062148/46e403176882a2312849f75e7f0b5d18/notes_pre_post/1040g3k031pbih82h2shg5q7f1kqdovh3u12odso!nd_dft_wlteh_webp_3,http://sns-webpic-qc.xhscdn.com/202512062148/c489eb6c96e814a6ad095438627ff10b/notes_pre_post/1040g3k831pbih87cjc005q7f1kqdovh3lboub48!nd_dft_wlteh_webp_3,http://sns-webpic-qc.xhscdn.com/202512062148/c04c265ed4770cd5b1bc449874392434/notes_pre_post/1040g3k031pbih82h2se05q7f1kqdovh3rgr18s8!nd_dft_wlteh_webp_3,http://sns-webpic-qc.xhscdn.com/202512062148/04c682b2eff487c74db934472ff71781/notes_pre_post/1040g3k031pbih82h2sk05q7f1kqdovh3aed15c0!nd_dft_wlteh_webp_3","考研经验分享,考研,考研上岸经验,考研复习,考研时间安排,26考研,考研规划,极限考研",1765028974440,https://www.xiaohongshu.com/explore/6926cb20000000001e02d258?xsec_token=ABFDZrC5whWFyQ4vHkP4PP7HGZ9l07c2dRfwR8iDSOm04=&xsec_source=pc_search,考研,ABFDZrC5whWFyQ4vHkP4PP7HGZ9l07c2dRfwR8iDSOm04=
686ce962000000001d00cbac,normal,26考研7月备考165天极限上岸规划（已上岸）,还是首先给大家介绍一下我的个人情况：我的上岸成绩是英一80，思政81，总分412🐰成功从双非上岸985，我是25考研的，本科是双非院校，基础薄弱，进度也比较慢，最开始规划考研的时候经常怀疑自己行不行，觉得是不是太极限了，情绪崩溃时真的很想放弃🥹不过还好我坚持了下来，正式开始备考的时间也大概就是170多天，现在开始一点也不晚！距离26考研只剩165天了，很多宝宝可能现在才开始备考，可以来看看我的规划分享！泪水打湿白米饭，再苦再累接着干！只要肯开干，一切困难都是再慢慢缩小的，目标永远是离你越来越近的[派对R]#26考研[话题]# #考研上岸经验[话题]# #考研经验分享[话题]# #考研时间安排[话题]# #考研规划[话题]# #极限考研[话题]# #考研备考攻略[话题]# #考研英语[话题]# #考研政治[话题]#,,1751968098000,1751968098000,684bdd05000000001e005539,兔然卷,https://sns-avatar-qc.xhscdn.com/avatar/1040g2jo31nvmoqeo066g5q2brk2ngl9p30h4mvg,3459,3386,44,209,,"http://sns-webpic-qc.xhscdn.com/202512062148/6884b7247337f9736aa60d87c5a4fb27/notes_pre_post/1040g3k831jm1lvsqiung5q2brk2ngl9pu33a268!nd_dft_wlteh_webp_3,http://sns-webpic-qc.xhscdn.com/202512062148/00e1b9cba00d7e51de97e85ddd0b1ba3/notes_pre_post/1040g3k831jm1lvsqiulg5q2brk2ngl9ptq05j3o!nd_dft_wlteh_webp_3,http://sns-webpic-qc.xhscdn.com/202512062148/113e58ee875f20a609a066d023e2ac29/notes_pre_post/1040g3k831jm1lvsqium05q2brk2ngl9pbjgeom0!nd_dft_wlteh_webp_3,http://sns-webpic-qc.xhscdn.com/202512062148/b48f276fdec34ec745345a942a68a08b/notes_pre_post/1040g3k831jm1lvsqiuq05q2brk2ngl9pvkf9nc0!nd_dft_wlteh_webp_3,http://sns-webpic-qc.xhscdn.com/202512062148/0d2ed57dcbb3f7e5aecf3ed172c86eb8/notes_pre_post/1040g3k831jm1lvsqiuqg5q2brk2ngl9pkgkce58!nd_dft_wlteh_webp_3,http://sns-webpic-qc.xhscdn.com/202512062148/86166c70ca54a04ac1f0544d6398578e/notes_pre_post/1040g3k831jm1lvsqiul05q2brk2ngl9p1dgj9v8!nd_dft_wlteh_webp_3,http://sns-webpic-qc.xhscdn.com/202512062148/4f5da2e1472460baef69c0e42e6df8ae/notes_pre_post/1040g3k831jm1lvsqiumg5q2brk2ngl9pquls7a0!nd_dft_wlteh_webp_3","26考研,考研上岸经验,考研经验分享,考研时间安排,考研规划,极限考研,考研备考攻略,考研英语,考研政治",1765028974443,https://www.xiaohongshu.com/explore/686ce962000000001d00cbac?xsec_token=AB7A-BCRFkXptcQXzgxtOaKi8Z7bQXBuKKagvywtIsd5Y=&xsec_source=pc_search,考研,AB7A-BCRFkXptcQXzgxtOaKi8Z7bQXBuKKagvywtIsd5Y=
69031cc70000000004006333,normal,好奇大家考研最拼的时候有多拼？,#考研人精神[话题]# #考研人[话题]# #很担心考研人的精神状态[话题]# #加油吧考研人[话题]# #考研人的心理状态[话题]# #考研党[话题]# #考研复习[话题]# #考研是留给有准备的人[话题]# #考研人的日常[话题]# #考研备考[话题]#,,1761811655000,1761811655000,67a809a7000000000a03f11b,同人教育研究院,https://sns-avatar-qc.xhscdn.com/avatar/1040g2jo31omfvdoa6m6g5pt816jins8rd8a1v58,3397,2091,194,173,,http://sns-webpic-qc.xhscdn.com/202512062148/08b9117cf590ccc296cc158fb42f30a2/1040g00831o8mqfiqg6405pt816jins8rkrbmk00!nd_dft_wlteh_webp_3,"考研人精神,考研人,很担心考研人的精神状态,加油吧考研人,考研人的心理状态,考研党,考研复习,考研是留给有准备的人,考研人的日常,考研备考",1765028974447,https://www.xiaohongshu.com/explore/69031cc70000000004006333?xsec_token=ABdBnth-W2gQSmRrcnyuXAgNu__-6EHjfSJVVq4breJHc=&xsec_source=pc_search,考研,ABdBnth-W2gQSmRrcnyuXAgNu__-6EHjfSJVVq4breJHc=
6900a24d0000000007034fed,video,5点起床｜考研 减肥📑两手抓！减35斤了！！,果然！生理期后是最好的减肥期！#早起学习[话题]# #减肥逆袭[话题]# #考研倒计时Vlog[话题]# #我的考研日常[话题]# #学习动力[话题]# #学习vlog[话题]# #徐涛背诵手册[话题]# #陈锦斌36句[话题]# #考研英语[话题]# #加油吧考研人[话题]#,http://sns-video-bd.xhscdn.com/pre_post/1040g0cg31o69upv24slg5nkse6ag87hqcdlfpu8,1761649229000,1761649229000,5e9c71950000000001001e3a,不吃青椒呀（疯狂学习📑,https://sns-avatar-qc.xhscdn.com/avatar/1040g2jo31f3m2n596m005nkse6ag87hqlan9pig,3365,701,111,253,,http://sns-webpic-qc.xhscdn.com/202512062148/29b85d0d326c58a70b82b2b8c0eb3be8/1040g2sg31o69upvl4qe05nkse6ag87hqgqdt5lo!nd_dft_wlteh_webp_3,"早起学习,减肥逆袭,考研倒计时Vlog,我的考研日常,学习动力,学习vlog,徐涛背诵手册,陈锦斌36句,考研英语,加油吧考研人",1765028974450,https://www.xiaohongshu.com/explore/6900a24d0000000007034fed?xsec_token=ABYKcraXef_jrBoVuGKTWTRto9erv23EKjYtGn6y9d0cc=&xsec_source=pc_search,考研,ABYKcraXef_jrBoVuGKTWTRto9erv23EKjYtGn6y9d0cc=
68b523a6000000001c03c6c0,normal,"是谁。。二战又拖成了极限三个月考研
哈哈原来是我啊没事了#26考研[话题]# #考研二战[话题]#","是谁。。二战又拖成了极限三个月考研
哈哈原来是我啊没事了#26考研[话题]# #考研二战[话题]#",,1756701606000,1756701606000,65352d19000000000d004af0,假设不考法秒了,https://sns-avatar-qc.xhscdn.com/avatar/645b7f6e338379fac1893093.jpg,3251,882,945,220,,http://sns-webpic-qc.xhscdn.com/202512062148/0b0e5479efd0fac125792182600d21eb/1040g2sg31lsipug04ue05p9l5kcj8ingmm22jmg!nd_dft_wlteh_webp_3,"26考研,考研二战",1765028974453,https://www.xiaohongshu.com/explore/68b523a6000000001c03c6c0?xsec_token=ABr38n8SDgVpnOolG146mXDYPsTY5UOrmOpupI19w3DHo=&xsec_source=pc_search,考研,ABr38n8SDgVpnOolG146mXDYPsTY5UOrmOpupI19w3DHo=
672f337b000000001b0139d4,normal,如果考研学不下去了，请你每天看一遍,"坚持到现在的你真的超级棒，你特别努力，特别有韧劲。
	
你现在只是需要一个证明自己的机会。也许是和18岁的自己和解，也许是给大学一个满意的交代，也许是想让爸妈能在亲戚朋友面前自豪地说起你，也许是要让那些曾经小瞧你的人知道他们看错了。
	
现在呢，你正为这个机会使出浑身解数。你认真背的每一本书，写的每一道题，都会体现在会在几十天后考场的分数上。
	
那些你咬牙不去参加的聚会、忍住不刷的手机，到了明年，都会变成你自信玩乐的理由。还有那每天图书馆、食堂、宿舍三点一线的日子，等你考上了，就能用睡懒觉、逛街、吃美食来狠狠犒劳自己。
	
你肯定能考上，就在今年12月。你要做的就是一门心思备考，好好把握这剩下的几十天。等到12月进考场，你会惊喜地发现，所有的题目你都会，所有的考点你都很熟悉，你能顺顺利利地把所有答案写出来，还能按时和自信地交卷。
	
之后你就可以开开心心地回家，和家人一起热热闹闹地过年。等查成绩时你就惊喜地发现自己超常发挥，毫无压力地过了国家线和院线，准备复试也特别顺利，4月收到了学信网的录取通知，6月拿到了梦校的录取通知书，发朋友圈收到了上百人的祝福和羡慕，可以迎接你的研究生生活了。
	
而现在的你只需要继续坚持，相信坚持到蕞后的自己一定能上岸！
	
#大学生活分享篇[话题]# #考研[话题]# #25考研[话题]# #考研倒计时[话题]# #考研上岸经验[话题]# #考研心态[话题]#",,1731146619000,1731146619000,63b1cc3200000000260076c0,小挞要上岸（实习版）,https://sns-avatar-qc.xhscdn.com/avatar/6460359a731e07eb8ca41efc.jpg,3246,901,123,120,,http://sns-webpic-qc.xhscdn.com/202512062148/f56562e97b7961b78f08581dd9a29c9c/1040g008319vp8esomo005othpgp9gtm0jq1uji0!nd_dft_wlteh_webp_3,"大学生活分享篇,考研,25考研,考研倒计时,考研上岸经验,考研心态",1765028974456,https://www.xiaohongshu.com/explore/672f337b000000001b0139d4?xsec_token=ABwvL-019BFLZ_DAxlVIUc7w8e_WhwvV4KHmmTFwtLgBU=&xsec_source=pc_search,考研,ABwvL-019BFLZ_DAxlVIUc7w8e_WhwvV4KHmmTFwtLgBU=
68f831390000000004017247,normal,他爸的，考研还有六十天，又不是还剩六天,"好了好了，天天喊着要逆天改命，笑这个笑那个，我看你才是那个真正的魔童。不是说要走出舒适区突破自我吗，又被一场考试吓破了胆，小小六十天，倒计时牌都没急，你倒先怂。
	
能不能看看你自己，每天花三小时焦虑，一小时琢磨退路，真正学习的时间凑不出四小时。累不累啊，题还没做先想二战，居然有人连调剂信息都查好了，你当考研是买菜吗还能讨价还价。。。
	
家里支持的就稳住心态按部就班，吃好睡好稳步推进。家里不支持又怎样啊？考上后助学贷款、奖学金、三助岗位足够你活得滋润，大姐，路是走出来的，不是怕出来的。
	
再说了，考不上能要你命吗？二十二岁读研和二十八岁读研有啥区别，你的人生有几十年要工作，抽出三年读书咋滴了，总刷到三十岁辞职考公的宝妈，三十五岁重返校园的程序员，人家拖家带口都不怕，你光棍一条怕个🥚啊
	
他爸的，你现在给我闭着眼干就完了#操[话题]# #考研[话题]# #二战考研[话题]# #小红书校园日记[话题]# #我的普通学日常[话题]# #不学不想干啥[话题]# #学校门口卖烤冷面吧[话题]# #为什么[话题]# #因为我喜欢吃烤冷面[话题]# #学不了滚[话题]#",,1761095993000,1761095993000,5d386e850000000010009065,不学习就滚,https://sns-avatar-qc.xhscdn.com/avatar/1040g2jo31a04nfdonc005n9odq2k1435bksgs48,3240,477,256,182,,http://sns-webpic-qc.xhscdn.com/202512062149/112ee6a74befe64904843bd92afcc479/1040g2sg31nu25cedg6e05n9odq2k1435hbl6ajg!nd_dft_wgth_webp_3,"操,考研,二战考研,小红书校园日记,我的普通学日常,不学不想干啥,学校门口卖烤冷面吧,为什么,因为我喜欢吃烤冷面,学不了滚",1765028974460,https://www.xiaohongshu.com/explore/68f831390000000004017247?xsec_token=ABfGDLrAFhGadkqeHMwDh1BpCouAsRQ2PqOrxAk1WGYts=&xsec_source=pc_search,考研,ABfGDLrAFhGadkqeHMwDh1BpCouAsRQ2PqOrxAk1WGYts=
6933ffdc000000000d03c79a,normal,肖四第一套分条目整理版,"把肖四第一套进行了排版，分条目处理了一下，没有删减原文，方便背诵
先更新第一套背着点后面再继续更新
答案不分条目的也附在pdf前面了，后面是分条目整理后的
距离考研还有14天
大家加油
#考研政治[话题]# #肖四[话题]##肖四背诵[话题]# #政治[话题]##政治大题[话题]#",,1765015516000,1765015516000,610cfd3c000000000100bb1e,费费太好了,https://sns-avatar-qc.xhscdn.com/avatar/1040g2jo30o0gfb8hhodg5o8cvku09eou6rl39r0,3746,3026,65,542,山东,"http://sns-webpic-qc.xhscdn.com/202512062149/94dc623d7f93f7cf19659ba8224916d4/1040g2sg31pof1hgjkge05o8cvku09eoupt4pav0!nd_dft_wlteh_webp_3,http://sns-webpic-qc.xhscdn.com/202512062149/939a8798c305ef7be274d15ae1b08e7e/1040g2sg31pof1hgjkgg05o8cvku09eou4qtmoug!nd_dft_wlteh_webp_3,http://sns-webpic-qc.xhscdn.com/202512062149/d63ba75532a6571ef1d47bbfc50b7744/1040g2sg31pof1hgjkgeg5o8cvku09eoulv6pom0!nd_dft_wlteh_webp_3,http://sns-webpic-qc.xhscdn.com/202512062149/67a5a5133e7f311bf1f1caf5ba99ed81/1040g2sg31pof1hgjkgf05o8cvku09eoutahf8g0!nd_dft_wlteh_webp_3,http://sns-webpic-qc.xhscdn.com/202512062149/c46b5262790e0346cded7df1fca2e958/1040g2sg31pof1hgjkgfg5o8cvku09eou2vra24o!nd_dft_wlteh_webp_3,http://sns-webpic-qc.xhscdn.com/202512062149/3510d79bee9945654082ca2d98d1aaa4/1040g2sg31pof1hgjkggg5o8cvku09eouo2gru38!nd_dft_wlteh_webp_3","考研政治,肖四,肖四背诵,政治,政治大题",1765028974463,https://www.xiaohongshu.com/explore/6933ffdc000000000d03c79a?xsec_token=AB2AUeGXldiGlyYp_QdjkU01uiQoLsC2gMFxGBEmy4z3g=&xsec_source=pc_search,考研,AB2AUeGXldiGlyYp_QdjkU01uiQoLsC2gMFxGBEmy4z3g=
692553b0000000001e03a298,normal,2026考研英语作文押题必中,英一爱护动物，英二脱贫成就。#考研英语[话题]# #英语作文模板[话题]# #考研英语作文[话题]# #作文押题[话题]#,,1764053936000,1764053936000,6333b26c000000002303e211,刘减疫考研英语押题王,https://sns-avatar-qc.xhscdn.com/avatar/1040g2jo31b3rr2kd7g6g5opjm9m8voghdubk81o,3036,1645,623,195,山东,http://sns-webpic-qc.xhscdn.com/202512062149/6123ff6c6055fc27db030936c6833406/notes_pre_post/1040g3k831pa4lpjn2g6g5opjm9m8voghkm2bacg!nd_dft_wlteh_webp_3,"考研英语,英语作文模板,考研英语作文,作文押题",1765028974467,https://www.xiaohongshu.com/explore/692553b0000000001e03a298?xsec_token=ABBFpdTrEgyOSi8Lg36zJrdEIZ0TpfrU1E44eYlGIrjPE=&xsec_source=pc_search,考研,ABBFpdTrEgyOSi8Lg36zJrdEIZ0TpfrU1E44eYlGIrjPE=
69303326000000001b0328cf,normal,17天还能极限考研上岸吗？,"我的答案是可以的！
按照本人经验：我总共的学习时间不超过一个月
考前半个月政治课是没看完的，英语是没见过真题，是没背过单词的，专业课二是完全没管过的（因为没有真题没有参考资料），唯一好好学了一下的是333
那段时间还天天去打麻将，下午打，晚上打，白天睡到1.2点才醒，学习时间是在两场麻将中间的时间学的。
所以去考试了，就会有奇迹的！这是真的
我会在这里，鼓励每一个人，你们都比我优秀，比我厉害，你们一定可以的，加油各位#极限考研[话题]# #考研人[话题]# #考研时间安排[话题]# #考研倒计时[话题]# #考研初试[话题]# #考研上岸经验[话题]# #考研是留给有准备的人[话题]# #一战成硕[话题]# #我的考研[话题]#",,1764766502000,1764770551000,644b9530000000002a00b193,亮星星,https://sns-avatar-qc.xhscdn.com/avatar/1040g2jo310avitld6o005p2bikoahccjslhdb6o,3071,1326,492,336,北京,http://sns-webpic-qc.xhscdn.com/202512062149/77cfc53187b95e0b503db957567345ad/notes_pre_post/1040g3k031pko8ctq4k005p2bikoahccjiifohjo!nd_dft_wlteh_webp_3,"极限考研,考研人,考研时间安排,考研倒计时,考研初试,考研上岸经验,考研是留给有准备的人,一战成硕,我的考研",1765028974470,https://www.xiaohongshu.com/explore/69303326000000001b0328cf?xsec_token=ABf-6T74d-wKVbwD-tW7pg2_0KoVmfDc7-43Aexe2rFHc=&xsec_source=pc_search,考研,ABf-6T74d-wKVbwD-tW7pg2_0KoVmfDc7-43Aexe2rFHc=
692beabe000000001e0247b1,normal,专业课背了又忘背了又忘真的很崩溃每天都在哭，政治也还没开始背，那些说专业课上了考场就能想起来的是真的吗，好害怕自己脑子一片空白，管理学我恨死你了#我的考研[话题]# #准研究生必上岸[话题]# #考研人精神[话题]#,专业课背了又忘背了又忘真的很崩溃每天都在哭，政治也还没开始背，那些说专业课上了考场就能想起来的是真的吗，好害怕自己脑子一片空白，管理学我恨死你了#我的考研[话题]# #准研究生必上岸[话题]# #考研人精神[话题]#,,1764485822000,1764485926000,5961ac716a6a693d9f475a61,ttcuteeee,https://sns-avatar-qc.xhscdn.com/avatar/1040g2jo316s80es2jq0049ll51m72mj19u2dtgg,2846,1522,460,96,湖北,http://sns-webpic-qc.xhscdn.com/202512062149/f9e93e77f479e238db14795f754018de/notes_pre_post/1040g3k831pgij2buio7049ll51m72mj1ki8idao!nd_dft_wlteh_webp_3,"我的考研,准研究生必上岸,考研人精神",1765028974473,https://www.xiaohongshu.com/explore/692beabe000000001e0247b1?xsec_token=ABhBQLTW9IA1W2Uzazd2N1cdeGrUYSTn-TgTf74xddx8k=&xsec_source=pc_search,考研,ABhBQLTW9IA1W2Uzazd2N1cdeGrUYSTn-TgTf74xddx8k=
69305444000000001e024af3,normal,2014年重大考研遇见的姐姐你还好吗,"今天通讯录找联系人突然看到她，心里咯噔一下想起来她就是2014年那年冬天和我一起在重大拼房考研的姐姐，我还记得那会去酒店开房正好看到她也在准备开房，壮胆上去问她要不要和我拼房因为那会周围酒店很贵，她点点头答应了，现在想起来她那会都工作了也不差这点钱但是还是很善意的接受我这个穷学生的请求，真的很好[哭惹R]她很瘦很干练比我大几岁，我还记得她好像嘴巴周围哪里长了一颗痣，她学的是英语专业打算考川外，考前还跟我说了一些英语考试需要注意的点，还给我讲解了长难句，我那会备考压力大睡眠非常差，很长一段时间都失眠，我怕影响到姐姐休息，晚上忍住尽量不要来回翻身，那两夜我基本没睡，还记得考英语时候我感觉很差很崩溃，考完姐姐总会在八号教学楼考场楼下的草地上站着等我，考试我在三楼还是四楼她总会比我先出考场，她就在一楼等我，考完英语我们一起吃了冒菜，回到酒店我觉得发挥不好难受的哭了，姐姐一直安慰我，讲了好多让我自己压力没那么大了，后来第二天考完专业课突然出了太阳我们也如释重负了，我们回到酒店收拾东西她说她要去重邮找男朋友，我说我打算坐火车回家了，我们拜拜以后再也没见过，过去十一年了，我成功上岸了，失眠也不治而愈了，看到她的名字，一下子回忆起十年前那个拼命学习的自己，还好当时的努力让我有了现在还算不错的生活，不过没有姐姐第一晚的安慰我很难调整自己的状态，第二天专业课也超常发挥了，还记得英语感觉考的很差，但是却考出了我很满意的分数，不知道姐姐怎么样，也不知道能不能看到我这条消息[笑哭R]。#不认识的人[话题]# #重生[话题]# #考研带给我的人生变化[话题]# #寻人[话题]# #回忆大学时[话题]#
	
——————————
电话我打过[笑哭R]不对，应该换了号码或者我当时存错了。",,1764774980000,1764948604000,59378f405e87e772edabc300,biubiu,https://sns-avatar-qc.xhscdn.com/avatar/1040g2jo30ur56hsvl60049j0ct7k1go0nimfl2g,2865,588,702,320,贵州,http://sns-webpic-qc.xhscdn.com/202512062149/d1f05b24283275bb96a6f5e0787fd1e3/notes_pre_post/1040g3k831pks9ukg4k7049j0ct7k1go042380vo!nd_dft_wlteh_webp_3,"不认识的人,重生,考研带给我的人生变化,寻人,回忆大学时",1765028974478,https://www.xiaohongshu.com/explore/69305444000000001e024af3?xsec_token=ABf-6T74d-wKVbwD-tW7pg27NAu4upc6VXwPxhcTmXdzE=&xsec_source=pc_search,考研,ABf-6T74d-wKVbwD-tW7pg27NAu4upc6VXwPxhcTmXdzE=
69220484000000001e035bc6,normal,26考研英语就这6页纸，7天背完保底75分,#26考研[话题]# #考研英语[话题]# #考研复习[话题]# #研究生考试[话题]# #考研英语单词[话题]# #考研英语阅读[话题]# #考研英语备考[话题]# #考研英语写作[话题]# #考研备考[话题]# #考研英语资料[话题]#,,1763837060000,1763837060000,61f3caa70000000010009aab,山月栖,https://sns-avatar-qc.xhscdn.com/avatar/e3f4408e-dbf0-379d-9fd8-c47b850061eb,2808,2921,1081,318,江西,"http://sns-webpic-qc.xhscdn.com/202512062149/ed6f578a315d63c71df8cb61644f25fe/notes_pre_post/1040g3k831p6t9e4sis5g5ofjpajk16lbhq1r3co!nd_dft_wlteh_webp_3,http://sns-webpic-qc.xhscdn.com/202512062149/0a293206ed49accc4b825606026ef7b5/notes_pre_post/1040g3k831p6t9e4sis0g5ofjpajk16lbm3tbj8g!nd_dft_wlteh_webp_3,http://sns-webpic-qc.xhscdn.com/202512062149/f047f97fd131da231c5cede8d2b04476/notes_pre_post/1040g3k831p6t9e4sis205ofjpajk16lbn5r5428!nd_dft_wlteh_webp_3,http://sns-webpic-qc.xhscdn.com/202512062149/67ee7912e56bc809f9d381a63a77f9a7/notes_pre_post/1040g3k831p6t9e4sis2g5ofjpajk16lbea5so7g!nd_dft_wlteh_webp_3,http://sns-webpic-qc.xhscdn.com/202512062149/6a002de6663412e55c458447deea90bb/notes_pre_post/1040g3k831p6t9e4sis1g5ofjpajk16lbtgh6ttg!nd_dft_wlteh_webp_3,http://sns-webpic-qc.xhscdn.com/202512062149/cd69154bdfe50336c99b7113ae73381d/notes_pre_post/1040g3k831p6t9e4sis305ofjpajk16lb76opao0!nd_dft_wlteh_webp_3","26考研,考研英语,考研复习,研究生考试,考研英语单词,考研英语阅读,考研英语备考,考研英语写作,考研备考,考研英语资料",1765028974481,https://www.xiaohongshu.com/explore/69220484000000001e035bc6?xsec_token=ABTLwC8cAFf-c7fp5LN4kQae2XPalquQxmmktZvJE5NdI=&xsec_source=pc_search,考研,ABTLwC8cAFf-c7fp5LN4kQae2XPalquQxmmktZvJE5NdI=
69302478000000001e00c697,normal,极限16天考研，你的时间安排,"6：00-6：15   起床洗漱  放腿姐带背洗脑
6：15-6：30 拉伸唤醒  一杯黑咖
6：30-7：00 背英语单词200个
7：00-7：50 背小时
7：50-8：00早饭
上午
8：00-10：00 专业课（看课➕刷题)
10：00-11：30 专业/政治刷题
11：30-12：30 对答案 复盘总结
12：30-13：00午饭（蔬菜水果多吃）
13：00-14：00午休➕复盘记忆
下午
14：00-16：00  专业/英语课（阅读/作文➕网课)
16：00-17：30 专业/英语刷题
17：30-18：30 对答案 复盘总结
18：30-19：00 晚饭
晚上
19：00-21：00  专业课➕政治混背
21：00-21：20  放空大脑加餐
21：20-23：00 总结一天的收获
23：00-24：00 洗漱
凌晨
24：00-1：00 做错题总结➕规划明天#考研最后二十天[话题]# #考研上岸经验[话题]# #时间规划[话题]# #西医综合[话题]# #极限考研[话题]# #一战成硕[话题]# #我的考研[话题]# #考研是留给有准备的人[话题]# #考研最后二十天[话题]# #考研时间安排[话题]#",,1764762744000,1764762745000,655de184000000001103ecc6,高效上岸的汤圆,https://sns-avatar-qc.xhscdn.com/avatar/1040g2jo31j0i0gkc0u505pats624fr66j07c5r0,2819,1769,109,281,福建,http://sns-webpic-qc.xhscdn.com/202512062149/2b1a8d22fb448fb6a403014cd23d831b/1040g00831pkmla49jq6g5pats624fr66cpm73u0!nd_dft_wlteh_webp_3,"考研最后二十天,考研上岸经验,时间规划,西医综合,极限考研,一战成硕,我的考研,考研是留给有准备的人,考研时间安排",1765028974487,https://www.xiaohongshu.com/explore/69302478000000001e00c697?xsec_token=ABf-6T74d-wKVbwD-tW7pg20Phs30rE8e71l9hRZZhxxk=&xsec_source=pc_search,考研,ABf-6T74d-wKVbwD-tW7pg20Phs30rE8e71l9hRZZhxxk=
69241f83000000001d03cecb,normal,考研人数343万，比去年少了45万。大家觉得公共课难度会比25年简单还是难,考研人数343万，比去年少了45万。大家觉得公共课难度会比25年简单还是难,,1763975043000,1763975044000,5fa4ecff000000000100ad84,17（上岸版）,https://sns-avatar-qc.xhscdn.com/avatar/1040g2jo31eg5hpgt12005nt4tjvg9bc4ab0nnmg,2797,866,1883,316,安徽,http://sns-webpic-qc.xhscdn.com/202512062149/4627c924c553b60ad1a872c02183324c/1040g00831p8v16m02ae05nt4tjvg9bc4rgjb36o!nd_dft_wlteh_webp_3,,1765028974490,https://www.xiaohongshu.com/explore/69241f83000000001d03cecb?xsec_token=ABH2wC2t8bF_-ZFCUR1hZk3l6ORhC_Xep8h1eRnrmS3ig=&xsec_source=pc_search,考研,ABH2wC2t8bF_-ZFCUR1hZk3l6ORhC_Xep8h1eRnrmS3ig=
678268860000000001003e79,normal,24考研科软434分 初试第二名经验,"[向右R]个人情况：本科就读于杭州电子科技大学，电子信息工程专业，专业方向偏硬件，未系统学习过408四门专业课程。英语四级530，六级438低分飘过。数学高数线代期末成绩在90左右。24考研最终以初试第二（录分网站的排名）的成绩上岸科软（数学二148，408专业课128，英语二84，政治74，总分434）。
[向右R]初试经验分为数学经验、408经验、英语经验和政治经验。其中数学经验较详细，有较大的参考价值。
[向右R]本帖一年前在其他平台发布过，有2000+收藏量，此处为转载。希望能够给更多考研的同学带来一些帮助吧。#考研[话题]# #考研上岸经验[话题]# #中科大[话题]# #科软[话题]# #考研数学[话题]# #408[话题]# #数学二[话题]# #计算机[话题]# #计算机考研[话题]# #考研规划[话题]#",,1736599686000,1736599890000,61411984000000000201e6ce,芃芃,https://sns-avatar-qc.xhscdn.com/avatar/1040g2jo31c9fjnibgm005oa13620jpmebus4en8,2712,4022,167,374,,"http://sns-webpic-qc.xhscdn.com/202512062149/996eb8a512b8650930561be128285d43/1040g00831ch1g0ghh0005oa13620jpmeu95naqo!nd_dft_wlteh_webp_3,http://sns-webpic-qc.xhscdn.com/202512062149/0ef189ae8d70b3c8174aebc0867763b9/1040g00831ch1g0ghh00g5oa13620jpmehfrh82g!nd_dft_wlteh_webp_3,http://sns-webpic-qc.xhscdn.com/202512062149/f708dc83ffaf7d0d73cc93e7e9a33672/1040g00831ch1g0ghh0105oa13620jpmer6af65o!nd_dft_wlteh_webp_3,http://sns-webpic-qc.xhscdn.com/202512062149/1bb27fcbab89625dca11849bc24b4260/1040g00831ch1g0ghh01g5oa13620jpmeel5daag!nd_dft_wlteh_webp_3,http://sns-webpic-qc.xhscdn.com/202512062149/dd3f65fdd27de0a2c71a73175311a6a2/1040g00831ch1g0ghh0205oa13620jpme6qihldo!nd_dft_wlteh_webp_3,http://sns-webpic-qc.xhscdn.com/202512062149/841c77ba23fc088e56761154559c5128/1040g00831ch1g0ghh02g5oa13620jpmel6gi888!nd_dft_wlteh_webp_3,http://sns-webpic-qc.xhscdn.com/202512062149/5255f0e8250f46498c0900117c9cb92a/1040g00831ch1g0ghh0305oa13620jpmem6j7u20!nd_dft_wlteh_webp_3,http://sns-webpic-qc.xhscdn.com/202512062149/85461c1ff01963f48be1439964a3929c/1040g00831ch1g0ghh03g5oa13620jpmeh0a1j80!nd_dft_wlteh_webp_3,http://sns-webpic-qc.xhscdn.com/202512062149/87d9fd363b703c4c856516b6d0a890f8/1040g00831ch1g0ghh0405oa13620jpmed1kf9cg!nd_dft_wlteh_webp_3,http://sns-webpic-qc.xhscdn.com/202512062149/dc0f595c721bb46c1f032389f126c291/1040g00831ch1g0ghh04g5oa13620jpmeh6rmh5o!nd_dft_wlteh_webp_3,http://sns-webpic-qc.xhscdn.com/202512062149/962aa8a6e619f164d3101424e2629a4a/1040g00831ch1g0ghh0505oa13620jpmer66l498!nd_dft_wlteh_webp_3,http://sns-webpic-qc.xhscdn.com/202512062149/940ba154990c1b3fe45dc76eebf89343/1040g00831ch1g0ghh05g5oa13620jpmeukf1o18!nd_dft_wlteh_webp_3,http://sns-webpic-qc.xhscdn.com/202512062149/719a6659196274b7c0c9b6793ed603e0/1040g00831ch1g0ghh0605oa13620jpme1g84t8g!nd_dft_wgth_webp_3,http://sns-webpic-qc.xhscdn.com/202512062149/99a7ff73c0c54380a44d8b6b5a333d22/1040g00831ch1g0ghh06g5oa13620jpmevfn6g10!nd_dft_wlteh_webp_3","考研,考研上岸经验,中科大,科软,考研数学,408,数学二,计算机,计算机考研,考研规划",1765028974495,https://www.xiaohongshu.com/explore/678268860000000001003e79?xsec_token=ABeBOEBo4n1KXGKw_GwBZeSOmxz2K7-OyAOTUuE29ZkN4=&xsec_source=pc_search,考研,ABeBOEBo4n1KXGKw_GwBZeSOmxz2K7-OyAOTUuE29ZkN4=
6915a77c0000000007009026,normal,押！肖老涛涛腿姐曲艺都说重要的九三阅兵！,"今年九三阅兵是个大热点，肖老背诵手册专门为它整了个“特别专题”放在最前面，大家觉得这个考点会不会考啊啊啊啊啊啊啊啊
	
#26考研[话题]# #考研政治[话题]# #考研政治徐涛[话题]# #肖秀荣[话题]# #腿姐[话题]# #考研[话题]# #热点[话题]#",,1763026812000,1763026812000,67eb98b4000000000e012431,大象（上岸啦）,https://sns-avatar-qc.xhscdn.com/avatar/1040g2jo31i2cqkspms005pvbj2q3i91h3d33l10,2704,2154,7,238,北京,"http://sns-webpic-qc.xhscdn.com/202512062154/325c2fbd32c6eaf3522a92ca8088f886/notes_pre_post/1040g3k031oqnstj5gs505pvbj2q3i91h9fcr82o!nd_dft_wlteh_webp_3,http://sns-webpic-qc.xhscdn.com/202512062154/25415022be698cae0cedadd1e7935b90/notes_pre_post/1040g3k031oqnstj5gs5g5pvbj2q3i91hors90bg!nd_dft_wlteh_webp_3,http://sns-webpic-qc.xhscdn.com/202512062154/29b1ae5d1d9949c18887d13651f40569/notes_pre_post/1040g3k031oqnstj5gs605pvbj2q3i91hdrbmoc0!nd_dft_wlteh_webp_3","26考研,考研政治,考研政治徐涛,肖秀荣,腿姐,考研,热点",1765029316853,https://www.xiaohongshu.com/explore/6915a77c0000000007009026?xsec_token=ABdIhRQRGOT7XvSOxeSQxYUY_z47wPwVjEMD3rBuPBo1Q=&xsec_source=pc_search,考研,ABdIhRQRGOT7XvSOxeSQxYUY_z47wPwVjEMD3rBuPBo1Q=
67c959bb0000000009015a0e,normal,为啥感觉26考研人数好多啊[石化R][石化R]给我干的好害怕[哭惹R][扶墙R] #考研人的心理状态[话题]#,为啥感觉26考研人数好多啊[石化R][石化R]给我干的好害怕[哭惹R][扶墙R] #考研人的心理状态[话题]#,,1741248955000,1741248956000,60b26bf50000000001003ea3,半夜啃床板,https://sns-avatar-qc.xhscdn.com/avatar/62bae3971752504a50c36f91.jpg,2692,915,1300,507,,http://sns-webpic-qc.xhscdn.com/202512062154/451c561ab6ed487c9fab5bc9e7bbf4a9/1040g2sg31emaeb30ledg5o5idfqg8fl3ovpuehg!nd_dft_wlteh_webp_3,考研人的心理状态,1765029316859,https://www.xiaohongshu.com/explore/67c959bb0000000009015a0e?xsec_token=ABtZmdCIS7VaXqYHgypn_7lPthcRmUHWC8GDPpEPN5p2I=&xsec_source=pc_search,考研,ABtZmdCIS7VaXqYHgypn_7lPthcRmUHWC8GDPpEPN5p2I=
692d8f23000000001e000c1f,normal,给大家表演一个18天极限考研#极限考研[话题]# #啥比能考研吗[话题]#,给大家表演一个18天极限考研#极限考研[话题]# #啥比能考研吗[话题]#,,1764593443000,1764593444000,635e3334000000001802d871,撷英,https://sns-avatar-qc.xhscdn.com/avatar/1040g2jo31p6fddgpi85g5oqu6cq65m3haec0610,2629,672,982,200,天津,http://sns-webpic-qc.xhscdn.com/202512062154/324c5cb824a78219e9a3866d67964bfd/1040g00831pi5ubpq3q605oqu6cq65m3h451ql2g!nd_dft_wlteh_webp_3,"极限考研,啥比能考研吗",1765029316863,https://www.xiaohongshu.com/explore/692d8f23000000001e000c1f?xsec_token=AB-2LPFQilAsvMjF-_FY6kylJFYp2FzlFmvg2LC2eMZww=&xsec_source=pc_search,考研,AB-2LPFQilAsvMjF-_FY6kylJFYp2FzlFmvg2LC2eMZww=
68c53d37000000001d02f6aa,normal,从感觉学不完，到333考研130+（个人心得）,#26考研[话题]##333教育综合[话题]# #教育学考研[话题]# #上岸[话题]# #经验分享[话题]# #考研分享[话题]# #333统考[话题]#,,1757756727000,1757756727000,5b9cfbfe923cef0001f7c008,没戏.,https://sns-avatar-qc.xhscdn.com/avatar/642196b08fbfe1bdd285db80.jpg,2617,2310,30,141,,"http://sns-webpic-qc.xhscdn.com/202512062154/853406ea949e40e05e00e41a4378907f/notes_pre_post/1040g3k831mc9tp4jm8dg4b0a06tvtg08knfea9o!nd_dft_wlteh_webp_3,http://sns-webpic-qc.xhscdn.com/202512062154/ae89568898be6b351c553dfeb5fcf741/notes_pre_post/1040g3k831mc9tp7d58dg4b0a06tvtg08lesbo30!nd_dft_wlteh_webp_3,http://sns-webpic-qc.xhscdn.com/202512062154/5ba8d6a8fcb78419e66342be9063a3d9/notes_pre_post/1040g3k031mc9tp6alm6g4b0a06tvtg08k0juqmo!nd_dft_wlteh_webp_3,http://sns-webpic-qc.xhscdn.com/202512062154/6564b724d75f3ffa83eddb7a662cd27d/notes_pre_post/1040g3k831mc9tp55mgdg4b0a06tvtg082eruk88!nd_dft_wlteh_webp_3,http://sns-webpic-qc.xhscdn.com/202512062154/01e7b075765568dc402b1e4335afe12e/notes_pre_post/1040g3k831mc9tp4v5mdg4b0a06tvtg0861e05k0!nd_dft_wlteh_webp_3,http://sns-webpic-qc.xhscdn.com/202512062154/d0e0f28f1145ee671acebdd5650f5367/notes_pre_post/1040g3k831mc9tp4s5mdg4b0a06tvtg08foq660o!nd_dft_wlteh_webp_3","26考研,333教育综合,教育学考研,上岸,经验分享,考研分享,333统考",1765029316866,https://www.xiaohongshu.com/explore/68c53d37000000001d02f6aa?xsec_token=ABDGndMUoq1KW9mP1emDGeYUZMFEmfJkc6tpjLEU8zb7Y=&xsec_source=pc_search,考研,ABDGndMUoq1KW9mP1emDGeYUZMFEmfJkc6tpjLEU8zb7Y=
6932a35e000000000d038b89,video,预祝同学们四六级426，考研必上岸！,#刘晓艳[话题]# #学丞[话题]# #四六级[话题]# #考研[话题]# #泰山[话题]# #祈福[话题]#,http://sns-video-bd.xhscdn.com/pre_post/1040g2t031pn4ktjnkkrg5p5jagaqp6r57kfr29g,1764926302000,1764926303000,64b35415000000002b009b65,晓艳教你学英语,https://sns-avatar-qc.xhscdn.com/avatar/1040g2jo30o7q4r15286g5p5jagaqp6r5qjmou98,2723,118,419,25,山东,http://sns-webpic-qc.xhscdn.com/202512062154/90d3c25b394c71cddcd1baefc5ccd67a/1040g2sg31pn4kt6qkgdg5p5jagaqp6r58bjq2u0!nd_dft_wlteh_webp_3,"刘晓艳,学丞,四六级,考研,泰山,祈福",1765029316872,https://www.xiaohongshu.com/explore/6932a35e000000000d038b89?xsec_token=ABlU9YrCd54Sl-jzL6pMuw3EuGq0PLVEdELu8CcgpT7Gg=&xsec_source=pc_search,考研,ABlU9YrCd54Sl-jzL6pMuw3EuGq0PLVEdELu8CcgpT7Gg=
692ede90000000001e0103c9,video,考前送分！！26考研人抓紧进来背！！,"🀄️yang周边工作会议非常重要
一定背过视频里的所有K❗️
	
更多押题请看陆老师主页+关🐷
有疑问，评论区见[红色心形R]
26考研人，加油！
	
#腿姐考研政治[话题]# #26考研[话题]# #腿姐押题[话题]# #腿姐九页纸[话题]# #腿姐七页纸[话题]# @薯队长",http://sns-video-bd.xhscdn.com/pre_post/1040g2t031pjefksu40705nhnipq08a3brt1khmg,1764679312000,1764679312000,5e379674000000000100286b,考研政治陆寓丰老师,https://sns-avatar-qc.xhscdn.com/avatar/1040g2jo31aatij7k7i005nhnipq08a3baavllro,2807,1949,13,166,海南,http://sns-webpic-qc.xhscdn.com/202512062154/8de6a8a608174363746ef492b2b26e7f/1040g2sg31pjefktajqe05nhnipq08a3bq9k2q50!nd_dft_wlteh_webp_3,"腿姐考研政治,26考研,腿姐押题,腿姐九页纸,腿姐七页纸",1765029316875,https://www.xiaohongshu.com/explore/692ede90000000001e0103c9?xsec_token=ABll_kChCPSFkh7eUsvYyJwGYNcSN69Wg2oVs6xV3Lvuo=&xsec_source=pc_search,考研,ABll_kChCPSFkh7eUsvYyJwGYNcSN69Wg2oVs6xV3Lvuo=
692d60b8000000001b026e01,normal,提醒一下，考研政治12.20预侧，背完稳了！,#考研政治[话题]# #时政热点[话题]# #考研[话题]# #政治[话题]# #考研备考攻略[话题]# #考研党[话题]# #26考研[话题]# #考研规划[话题]# #考研初试[话题]# #考研上岸经验[话题]#,,1764581560000,1764581560000,69202f5e000000003700ae91,白白辰羽熹熏,https://sns-avatar-qc.xhscdn.com/avatar/37778953-c397-37b6-9bf9-97f2e3f50e73,2896,2623,238,302,山东,"http://sns-webpic-qc.xhscdn.com/202512062154/e442ec9590ea48ae8987990bddcc3ea0/notes_pre_post/1040g3k031pi09ief4k6g5q905tfdpbkhia65ma0!nd_dft_wlteh_webp_3,http://sns-webpic-qc.xhscdn.com/202512062154/5dd8eef31fb4734338058a0959ae8a68/notes_pre_post/1040g3k831pi09ii74kcg5q905tfdpbkhtceson0!nd_dft_wlteh_webp_3,http://sns-webpic-qc.xhscdn.com/202512062154/7dad824a1a2732ce63503ee3f1d63713/notes_pre_post/1040g3k031pi09inqkm1g5q905tfdpbkhfc14fq0!nd_dft_wlteh_webp_3,http://sns-webpic-qc.xhscdn.com/202512062154/ce96cfb506f3f6b8f7502e2c1b6f9466/notes_pre_post/1040g3k031pi09inqkm205q905tfdpbkhuf1qi0g!nd_dft_wlteh_webp_3,http://sns-webpic-qc.xhscdn.com/202512062154/55a1578a70293c548421abd3941c07d4/notes_pre_post/1040g3k031pi09inqkm505q905tfdpbkhari95o8!nd_dft_wlteh_webp_3,http://sns-webpic-qc.xhscdn.com/202512062154/f7f1362f7a12fe14570ef1cb1bb4bb9a/notes_pre_post/1040g3k031pi09inqkm4g5q905tfdpbkhc9lrpmg!nd_dft_wlteh_webp_3,http://sns-webpic-qc.xhscdn.com/202512062154/af353ab407301714895739c1fdede387/notes_pre_post/1040g3k031pi09inqkm605q905tfdpbkh50d8p68!nd_dft_wlteh_webp_3,http://sns-webpic-qc.xhscdn.com/202512062154/1f4690eba93078903094d41e1059f657/notes_pre_post/1040g3k031pi09ikhk25g5q905tfdpbkhck7d340!nd_dft_wlteh_webp_3,http://sns-webpic-qc.xhscdn.com/202512062154/19b483902abba53d14435e48a750e01e/notes_pre_post/1040g3k031pi09inqkm6g5q905tfdpbkhcu0ifco!nd_dft_wlteh_webp_3,http://sns-webpic-qc.xhscdn.com/202512062154/20d44c3c1331d43ee25eb7e012836014/notes_pre_post/1040g3k031pi09ikhk2605q905tfdpbkhlan67v0!nd_dft_wlteh_webp_3","考研政治,时政热点,考研,政治,考研备考攻略,考研党,26考研,考研规划,考研初试,考研上岸经验",1765029316880,https://www.xiaohongshu.com/explore/692d60b8000000001b026e01?xsec_token=AB-2LPFQilAsvMjF-_FY6kyvUz71cZjPGQrUAZTIe7Vqc=&xsec_source=pc_search,考研,AB-2LPFQilAsvMjF-_FY6kyvUz71cZjPGQrUAZTIe7Vqc=
6899bb830000000022039d11,normal,天塌了，333考研大纲有变（千万不要学错）,"提醒一下参加26考.研的人，尤其是第一次考的，一定要注意近些年333教育综合的变化，尤其是新增考点一定是今年会考到的，大家千万不要学错了！
#333教育综合[话题]# #333教育学[话题]# #333考研[话题]##考研经验分享[话题]##26考研[话题]##考研经验[话题]##333备考[话题]##上岸[话题]#",,1754905475000,1754905476000,6482ed9d0000000025037eb0,等等,https://sns-avatar-qc.xhscdn.com/avatar/1040g2jo31pch3ph4jc6g5p42tmepevlgt1d6ddo,2532,2597,18,283,,"http://sns-webpic-qc.xhscdn.com/202512062154/3baace6df48e543eaf0e4953fca7607a/1040g00831l1qc9dm326g5p42tmepevlg8kd7j48!nd_dft_wlteh_webp_3,http://sns-webpic-qc.xhscdn.com/202512062154/cc5ca9ff15a9aa26f964cd9122d8e9e8/1040g00831l1qc9dm32305p42tmepevlglptn2eo!nd_dft_wlteh_webp_3,http://sns-webpic-qc.xhscdn.com/202512062154/497e1f31d3dad6f7a9d3b3fdd37f74b7/1040g00831l1qc9dm325g5p42tmepevlg8qa8k98!nd_dft_wlteh_webp_3,http://sns-webpic-qc.xhscdn.com/202512062154/a3184493b87800c2641a17e53193511e/1040g00831l1qc9dm32105p42tmepevlgnj47svg!nd_dft_wlteh_webp_3,http://sns-webpic-qc.xhscdn.com/202512062154/ca6288691abfbc4aa113ff36a4f34571/1040g00831l1qc9dm322g5p42tmepevlgc5q7itg!nd_dft_wlteh_webp_3,http://sns-webpic-qc.xhscdn.com/202512062154/e286a4a08bbeadd6ca6f2d460f47adfd/1040g00831l1qc9dm320g5p42tmepevlgjmcio08!nd_dft_wlteh_webp_3","333教育综合,333教育学,333考研,考研经验分享,26考研,考研经验,333备考,上岸",1765029316883,https://www.xiaohongshu.com/explore/6899bb830000000022039d11?xsec_token=ABNiRoB7IVMq2jomhBtMdiDrQqjW-PFt7XgDGO_VciwPw=&xsec_source=pc_search,考研,ABNiRoB7IVMq2jomhBtMdiDrQqjW-PFt7XgDGO_VciwPw=
692abc21000000001b027a64,normal,接受所有，然后继续向前,"从今天开始还是再学一点吧....不然二十天也没有别的事干，不管学还是不学，都很煎熬。
	
十月份的时候还安慰了朋友......没想到现在我颓废成这样了，以前从来不玩游戏，因为玩不明白，结果一碰贪吃蛇，啥也不干，一连玩了十几天....
	
从开始备考到现在，学习状态都很糟糕。从怀疑到证实自己确实理解力差，懒，浮躁，做事没计划爱拖延，尤其心态特别差。其实问题一直都在，只不过这次完全展现出来了。
	
忏悔贴写出来又能怎样呢？认清自己？希望让自己平静一些吧。
	
“如果我的能力只能让我穷困潦倒，那穷困潦倒就是我的价值。”——《遥远的救世主》
	
#考研摆烂[话题]# #考研心态[话题]# #考研人互助[话题]#",,1764408353000,1764409547000,6642eee60000000003032120,乐乐总裁,https://sns-avatar-qc.xhscdn.com/avatar/1040g2jo31plog20rku605pi2trj0u8905rt4tn0,2617,1033,368,84,山东,http://sns-webpic-qc.xhscdn.com/202512062154/00dcec3aff61923137b02b9a905366d8/1040g2sg31pfcg0b9is6g5pi2trj0u890r2deisg!nd_dft_wlteh_webp_3,"考研摆烂,考研心态,考研人互助",1765029316886,https://www.xiaohongshu.com/explore/692abc21000000001b027a64?xsec_token=AB3VztolZ29Oh7d3s2NCJc6lnBYVBtDwqJnPgAi5gYN8c=&xsec_source=pc_search,考研,AB3VztolZ29Oh7d3s2NCJc6lnBYVBtDwqJnPgAi5gYN8c=
69288060000000001e007e51,normal,去年今日-考研最崩溃时刻,#考研[话题]# #山大生物考研[话题]##山大生物与医药[话题]# #细胞生物学[话题]# #生物化学[话题]#,,1764261984000,1764486373000,63808b7e00000000240164e1,pcy-cc,https://sns-avatar-qc.xhscdn.com/avatar/1040g2jo31eh6rd9rg8605os0hdv92p717f8vsn0,2578,949,134,138,山东,"http://sns-webpic-qc.xhscdn.com/202512062154/9f4b6fd779c7cd114d067b6f408a430b/1040g00831pd3eog22c0g5os0hdv92p71me09ojo!nd_dft_wlteh_webp_3,http://sns-webpic-qc.xhscdn.com/202512062154/813c92690828ccc047730e21bf15694f/1040g00831pd3eog22c005os0hdv92p71sgmh5kg!nd_dft_wgth_webp_3,http://sns-webpic-qc.xhscdn.com/202512062154/089ab4aad39de9e382904a0eeb266316/1040g00831pd3eog22c205os0hdv92p71c5fikdo!nd_dft_wlteh_webp_3,http://sns-webpic-qc.xhscdn.com/202512062154/0e592e3933fbcd7d5941a1876e309d77/1040g00831pd3eog22c1g5os0hdv92p713ac280o!nd_dft_wlteh_webp_3,http://sns-webpic-qc.xhscdn.com/202512062154/2ab53abb49414b1d0ba0c443bc638425/1040g00831pd3eog22c105os0hdv92p71n6nit3o!nd_dft_wlteh_webp_3,http://sns-webpic-qc.xhscdn.com/202512062154/08cf035927148c9516243aecf46558da/1040g00831pd3eog22c3g5os0hdv92p71kgpdvt8!nd_dft_wlteh_webp_3,http://sns-webpic-qc.xhscdn.com/202512062154/06d233913d987b5d688dcec5617aada3/1040g00831pd3eog22c405os0hdv92p714kb5q10!nd_dft_wlteh_webp_3,http://sns-webpic-qc.xhscdn.com/202512062154/aab9c34d9a3bb9053457b520514dd73c/1040g00831pd3eog22c2g5os0hdv92p71clfha88!nd_dft_wlteh_webp_3,http://sns-webpic-qc.xhscdn.com/202512062154/522ca2c646755c6002e7551d2b4ee105/1040g00831pd3eog22c305os0hdv92p71v5rvb40!nd_dft_wlteh_webp_3,http://sns-webpic-qc.xhscdn.com/202512062154/18f5f377c2dd245ddac88fb9d6795e4a/1040g00831pgiru2mi60g5os0hdv92p71frmh588!nd_dft_wlteh_webp_3,http://sns-webpic-qc.xhscdn.com/202512062154/e4829bf4ed7e02cda8c4b63b4e581b25/1040g00831pgiru2mi6005os0hdv92p71960u768!nd_dft_wlteh_webp_3","考研,山大生物考研,山大生物与医药,细胞生物学,生物化学",1765029316891,https://www.xiaohongshu.com/explore/69288060000000001e007e51?xsec_token=ABPhPuuudNF6AdLLMSsktRX8MXa8yY-_zYntG2g4bU8mM=&xsec_source=pc_search,考研,ABPhPuuudNF6AdLLMSsktRX8MXa8yY-_zYntG2g4bU8mM=
69257a11000000001e011bee,normal,最后25天我完成了80%的进度,"哈喽我是草莓熊。去年我双非本科冲 985 纯纯是脑子一热就报上了。但是复习到中途时压力爆棚，无数次想过放弃。 别人是女娲补天，我感觉自己像盘古开天似的赶进度。11 月下旬的时候，专业课还有2本没背，英语阅读错得离谱，政治多选能连错五道，加上目标校突然缩招 1/3，直接给我整得想弃考[哭惹R]
但想着都熬到这了，哪怕之后二战也要去考场体验一下，就当提前熟悉考场氛围。硬着头皮冲完最后二十几天，结果总分407 上岸。现在回头看，考研最后这二十几天的全力冲刺，真的是决定成败的关键，没坚持最后，你真的不知道结果会是怎样！
#考研[话题]# #26考研[话题]# #考研经验分享[话题]# #最后的冲刺[话题]# #按部就班却仍有期待[话题]#",,1764063761000,1764063761000,6734445d0000000008009f3f,草莓熊爱学习,https://sns-avatar-qc.xhscdn.com/avatar/1040g2jo31amtpvlc6m605ppk8hei17pvrmgqit8,2491,1784,33,170,江苏,"http://sns-webpic-qc.xhscdn.com/202512062155/380189ea33ca285ac552471831019873/1040g00831pa7ssk8i40g5ppk8hei17pvfabb8q0!nd_dft_wlteh_webp_3,http://sns-webpic-qc.xhscdn.com/202512062155/41f1a07b4699f662332faf47f0b924af/1040g00831pa7ssk8i4005ppk8hei17pv7eeqbp0!nd_dft_wlteh_webp_3,http://sns-webpic-qc.xhscdn.com/202512062155/57bb757303bf9716a18473e484b740f3/1040g00831pa7ssk8i42g5ppk8hei17pvd7n70b0!nd_dft_wlteh_webp_3,http://sns-webpic-qc.xhscdn.com/202512062155/9d8453058040f16f2f01d18e6ea51d94/1040g2sg31pa9cju926005ppk8hei17pv0c7de30!nd_dft_wlteh_webp_3,http://sns-webpic-qc.xhscdn.com/202512062155/95664ef2db0027ff851c4ea60fee0ce9/1040g00831pa7ssk8i4305ppk8hei17pv3atfoi8!nd_dft_wlteh_webp_3,http://sns-webpic-qc.xhscdn.com/202512062155/b1981ae43a3b34a4c5a5f4acbe402483/1040g00831pa7ssk8i4105ppk8hei17pv9ot9mto!nd_dft_wlteh_webp_3,http://sns-webpic-qc.xhscdn.com/202512062155/6c7db79cf583f631cacf4715f2d05102/1040g00831pa7ssk8i4405ppk8hei17pvbafaoig!nd_dft_wlteh_webp_3,http://sns-webpic-qc.xhscdn.com/202512062155/2c4a12e64dc29bd34182ce7b8377544f/1040g00831pa7ssk8i41g5ppk8hei17pv2jinpf8!nd_dft_wlteh_webp_3,http://sns-webpic-qc.xhscdn.com/202512062155/cadd491b6b967914216b3195ad709f44/1040g00831pa7ssk8i43g5ppk8hei17pv94pmir8!nd_dft_wlteh_webp_3","考研,26考研,考研经验分享,最后的冲刺,按部就班却仍有期待",1765029316894,https://www.xiaohongshu.com/explore/69257a11000000001e011bee?xsec_token=ABBFpdTrEgyOSi8Lg36zJrdCR00rsxHII13hJnmIVCl-w=&xsec_source=pc_search,考研,ABBFpdTrEgyOSi8Lg36zJrdCR00rsxHII13hJnmIVCl-w=
69202a45000000001e03001c,normal,26考研政治，无非这71个口诀，熬夜背,#考研[话题]# #考研人[话题]# #研究生考试[话题]# #考研政治[话题]# #考研党[话题]# #考研打卡[话题]# #考研日记[话题]# #考研初试[话题]# #考研经验[话题]# #考研倒计时[话题]#,,1763715653000,1763715654000,674dd44f000000001d02f28f,青岚烟,https://sns-avatar-qc.xhscdn.com/avatar/676ab7115b4f480001a60a33.jpg,2456,2076,1149,161,广东,"http://sns-webpic-qc.xhscdn.com/202512062155/a416992bb46d90e00f7edf9b26b927fa/1040g00831p53cttgig6g5pqdqh7ndskfpfmr0g0!nd_dft_wlteh_webp_3,http://sns-webpic-qc.xhscdn.com/202512062155/5a3c494eacb18a68dadfe29dc19617da/1040g2sg31p53cupf2s005pqdqh7ndskfugbqk7g!nd_dft_wlteh_webp_3,http://sns-webpic-qc.xhscdn.com/202512062155/6254e72082ff7c67eeab9243ff07b10b/1040g2sg31p53cumdio0g5pqdqh7ndskfl82eb8g!nd_dft_wlteh_webp_3,http://sns-webpic-qc.xhscdn.com/202512062155/ba36b98a24b8ae8a3aa310b6342b5a25/1040g2sg31p53cuj52o005pqdqh7ndskf55ahai0!nd_dft_wlteh_webp_3,http://sns-webpic-qc.xhscdn.com/202512062155/05161f57ca2eb1e4f5f3399bf89d0457/1040g2sg31p53cufu2g005pqdqh7ndskfcorsq4g!nd_dft_wlteh_webp_3,http://sns-webpic-qc.xhscdn.com/202512062155/43098a9f410296655243440f36ab5f10/1040g2sg31p53cud72o005pqdqh7ndskfcbcoq40!nd_dft_wlteh_webp_3,http://sns-webpic-qc.xhscdn.com/202512062155/b5c19a8f69356693d815f9604f0dcadb/1040g2sg31p53cuahio005pqdqh7ndskfngu8feg!nd_dft_wlteh_webp_3,http://sns-webpic-qc.xhscdn.com/202512062155/a122a9628bd6b9ce4b60190bdf81e3f7/1040g2sg31p53ctu02g005pqdqh7ndskftmrfnag!nd_dft_wlteh_webp_3,http://sns-webpic-qc.xhscdn.com/202512062155/072f4bf82857d7523295a5ad55c3fb33/1040g2sg31p53cu7siu005pqdqh7ndskfd5bblho!nd_dft_wlteh_webp_3,http://sns-webpic-qc.xhscdn.com/202512062155/065ff39f6e32e498dc777070cfd99078/1040g2sg31p53cu4q2g005pqdqh7ndskf3jf01i8!nd_dft_wlteh_webp_3,http://sns-webpic-qc.xhscdn.com/202512062155/faa83d561aa143569a6659f46909fb03/1040g2sg31p53cu242u005pqdqh7ndskfmbhhdoo!nd_dft_wlteh_webp_3,http://sns-webpic-qc.xhscdn.com/202512062155/49ead08ac33ba005024df7dc166d203a/1040g00831p53cttgig605pqdqh7ndskf7rq9dq8!nd_dft_wlteh_webp_3","考研,考研人,研究生考试,考研政治,考研党,考研打卡,考研日记,考研初试,考研经验,考研倒计时",1765029316897,https://www.xiaohongshu.com/explore/69202a45000000001e03001c?xsec_token=ABc6P7RxIEOjqMrXrEL6mLNpKzgM1tPW-ydBtUC8LwqCY=&xsec_source=pc_search,考研,ABc6P7RxIEOjqMrXrEL6mLNpKzgM1tPW-ydBtUC8LwqCY=
6929d17a000000000d03561f,normal,12.20日26考研，玩呗！反正重复率89% #考研英,"#考研初试[话题]# #英语一[话题]# #考研备考攻略[话题]# #考研上岸经验[话题]# #极限考研[话题]# #考研加油[话题]# #考研留给先有准备的人[话题]# #考研政治[话题]# #考研经验分享[话题]# #考研英语[话题]#
#考研英语[话题]# #考研经验分享[话题]# #考研英语长难句[话题]# #考点速记[话题]# #考研笔记[话题]# #考研复习[话题]# #考研备考攻略[话题]# #考研规划[话题]# #准研究生必上岸[话题]# #考研留给先准备的人[话题]#",,1764348282000,1764348283000,689fdc9300000000190137fc,雾月随,https://sns-avatar-qc.xhscdn.com/avatar/1040g2jo31p150c1j32005q4vri9madvso5fi860,2413,2215,628,304,江西,"http://sns-webpic-qc.xhscdn.com/202512062155/37ad35e3dc16a222610cfdbcb4276f44/1040g2sg31peh238jio705q4vri9madvs6mpg6o8!nd_dft_wlteh_webp_3,http://sns-webpic-qc.xhscdn.com/202512062155/0869926a7e3f3e3db55a265c9dfd0725/1040g00831pe99opr3c6g5q4vri9madvsm91f2mg!nd_dft_wlteh_webp_3,http://sns-webpic-qc.xhscdn.com/202512062155/64e983769d45da90c2a7b6f2040ce2b1/1040g00831peh20daig105q4vri9madvsa5crh40!nd_dft_wlteh_webp_3,http://sns-webpic-qc.xhscdn.com/202512062155/eadcfab5072cf41568e109eb126bc37b/1040g00831pe99opr3c605q4vri9madvsf050clg!nd_dft_wlteh_webp_3,http://sns-webpic-qc.xhscdn.com/202512062155/1ed3a03423d6448b02b52b856b169fbb/1040g00831peh20daig005q4vri9madvs8phgfu8!nd_dft_wlteh_webp_3,http://sns-webpic-qc.xhscdn.com/202512062155/0ab3fa8868ee202611a403b9cbffe4c1/1040g00831peh20daig1g5q4vri9madvsm1ll6ho!nd_dft_wlteh_webp_3,http://sns-webpic-qc.xhscdn.com/202512062155/d62a4d81831cf020b47c51cb528d4932/1040g00831peh20daig0g5q4vri9madvsuhrdrig!nd_dft_wlteh_webp_3,http://sns-webpic-qc.xhscdn.com/202512062155/149b3467689b0a14882d720a43e70ecd/1040g00831peh20daig3g5q4vri9madvs8706h7g!nd_dft_wlteh_webp_3,http://sns-webpic-qc.xhscdn.com/202512062155/eefc209c809385522bf7264dc9db12e3/1040g00831peh20daig205q4vri9madvsa9vn1cg!nd_dft_wlteh_webp_3,http://sns-webpic-qc.xhscdn.com/202512062155/0c7b8315a2c81c5f437f88b9ad70b709/1040g00831peh20daig2g5q4vri9madvsci93h20!nd_dft_wlteh_webp_3,http://sns-webpic-qc.xhscdn.com/202512062155/fb5cc1c18d94f42b41dba053f03e77db/1040g00831peh20daig305q4vri9madvs087i6pg!nd_dft_wlteh_webp_3,http://sns-webpic-qc.xhscdn.com/202512062155/5c885f874138f33bb04150d729f9a104/1040g00831peh20daig505q4vri9madvs6ivgqm8!nd_dft_wlteh_webp_3,http://sns-webpic-qc.xhscdn.com/202512062155/a111b270501dfd2d7d7d0b84ae97d5fb/1040g00831peh20daig405q4vri9madvscsv3e3g!nd_dft_wlteh_webp_3,http://sns-webpic-qc.xhscdn.com/202512062155/7790c172b4c49812904cc95a5eeeb2e6/1040g00831peh20daig4g5q4vri9madvsmvddia0!nd_dft_wlteh_webp_3,http://sns-webpic-qc.xhscdn.com/202512062155/a7171ed00162adc3c400e2284277b26c/1040g00831peh20daig5g5q4vri9madvst9st128!nd_dft_wlteh_webp_3,http://sns-webpic-qc.xhscdn.com/202512062155/333342157b50476bf9caa039a9e9825f/1040g00831peh20daig605q4vri9madvscgrlku8!nd_dft_wlteh_webp_3,http://sns-webpic-qc.xhscdn.com/202512062155/66472e45d6e98558ac53d824aed5ce58/1040g00831peh20daig6g5q4vri9madvs29iukkg!nd_dft_wlteh_webp_3","考研初试,英语一,考研备考攻略,考研上岸经验,极限考研,考研加油,考研留给先有准备的人,考研政治,考研经验分享,考研英语,考研英语长难句,考点速记,考研笔记,考研复习,考研规划,准研究生必上岸,考研留给先准备的人",1765029316900,https://www.xiaohongshu.com/explore/6929d17a000000000d03561f?xsec_token=ABaY3SbIb3HkJpjitPATEut7CSaVaTWVrYLVlS2_39VOg=&xsec_source=pc_search,考研,ABaY3SbIb3HkJpjitPATEut7CSaVaTWVrYLVlS2_39VOg=
691b99410000000007008c93,normal,准备一个月极限考研，成与不成我都认命，有没有一起的,准备一个月极限考研，成与不成我都认命，有没有一起的,,1763416385000,1763416386000,603b8285000000000100980a,遗书被鸡叨走狂追无法挽回的那个雨夜,https://sns-avatar-qc.xhscdn.com/avatar/1040g2jo31gjr0u40ja505o1rga2g960a6f2ab2g,2397,874,1055,62,内蒙古,http://sns-webpic-qc.xhscdn.com/202512062155/373bc9695636a08bd0556ce3cf793726/1040g2sg31p0kmedp26dg5o1rga2g960ac83c9a0!nd_dft_wlteh_webp_3,,1765029316903,https://www.xiaohongshu.com/explore/691b99410000000007008c93?xsec_token=ABf9a9FUXt_Eg0dPg2OH1Xrrzarx2HRyzUIMMReJ-gDZU=&xsec_source=pc_search,考研,ABf9a9FUXt_Eg0dPg2OH1Xrrzarx2HRyzUIMMReJ-gDZU=
692ed480000000000d00c233,normal,没人觉得考研很爽吗，有一种被生活塞满，一到晚上就筋疲力尽的被榨干的感觉，躺床上之后身体轻飘飘的，全靠一股仙气吊着，但是会觉得很爽，没人有这种感受吗#考研人的心理状态[话题]# #加油吧考研人[话题]# #很担心考研人的精神状态[话题]# #考研带给我的人生变化[话题]# #考研不是唯一的出路[话题]# #考研人[话题]# #考完研后的生活状态[话题]# #极限考研[话题]#,没人觉得考研很爽吗，有一种被生活塞满，一到晚上就筋疲力尽的被榨干的感觉，躺床上之后身体轻飘飘的，全靠一股仙气吊着，但是会觉得很爽，没人有这种感受吗#考研人的心理状态[话题]# #加油吧考研人[话题]# #很担心考研人的精神状态[话题]# #考研带给我的人生变化[话题]# #考研不是唯一的出路[话题]# #考研人[话题]# #考完研后的生活状态[话题]# #极限考研[话题]#,,1764676736000,1764676736000,64c1c883000000001403e01c,学校这么长还不让买电瓶车,https://sns-avatar-qc.xhscdn.com/avatar/645b7f83b46568f580649586.jpg,2456,387,580,645,安徽,http://sns-webpic-qc.xhscdn.com/202512062155/9a27e39daa39d45130ff143fb5b341b0/notes_pre_post/1040g3k031pjdjsnukk005p61p21l7o0s9v3jg30!nd_dft_wlteh_webp_3,"考研人的心理状态,加油吧考研人,很担心考研人的精神状态,考研带给我的人生变化,考研不是唯一的出路,考研人,考完研后的生活状态,极限考研",1765029316906,https://www.xiaohongshu.com/explore/692ed480000000000d00c233?xsec_token=ABll_kChCPSFkh7eUsvYyJwPGH6Ed1QUzhA2m6QnS-RGw=&xsec_source=pc_search,考研,ABll_kChCPSFkh7eUsvYyJwPGH6Ed1QUzhA2m6QnS-RGw=
67668fc30000000014026be6,video,当你觉得考不上的时候 那大概率就能考上,给考研人一点鼓励，不到最后一刻千万不要放弃，去年的我考完觉得自己一定考不上了，但最后还是上岸了！#看到的人都能成功上岸[话题]# #考研[话题]# #考研上岸[话题]# #愿考研人都能成功上岸[话题]# #上岸[话题]# #努力永远都不晚[话题]# #祝大家都能得偿所愿[话题]#,http://sns-video-bd.xhscdn.com/pre_post/1040g2t031blr740sh6705npjqed081b0vpfmd9o,1734774723000,1734774724000,5f33d39a0000000001000560,鱼粥粥,https://sns-avatar-qc.xhscdn.com/avatar/1040g2jo312ors8pahq0g5npjqed081b0io6b7t0,6万,3518,458,315,,http://sns-webpic-qc.xhscdn.com/202512062333/3142bd3653b200053ab5e9779f10599e/1040g00831blr9d2u0e005npjqed081b0h16hhvo!nd_dft_wlteh_webp_3,"看到的人都能成功上岸,考研,考研上岸,愿考研人都能成功上岸,上岸,努力永远都不晚,祝大家都能得偿所愿",1765035246591,https://www.xiaohongshu.com/explore/67668fc30000000014026be6?xsec_token=ABz0rDj65l8vl-cRr1AwWYAAcVHM8NSSRSQI9KQrdoztY=&xsec_source=pc_search,研究生考试,ABz0rDj65l8vl-cRr1AwWYAAcVHM8NSSRSQI9KQrdoztY=
69241d57000000000d00e832,video,343万人报考！2026年研考时间，定了！,"教育部近日印发《2026年全国硕士研究生招生工作管理规定》（以下简称《规定》），部署各地各招生单位做好2026年全国硕士研究生考试招生工作。
	
《规定》明确，2026年全国硕士研究生招生初试时间为2025年12月20日至21日。
网上报名时间为2025年10月16日至10月27日（网上预报名时间为2025年10月10日至10月13日，相关工作安排由各省级教育招生考试机构确定并公布），每日9:00—22:00。
网上报名结束后，各省级教育招生考试机构将组织网上确认工作，对考生报名信息进行审核。
所有考生均须在规定时间内参加网上报名和网上确认，逾期不再补办。
	
据统计，2026年全国硕士研究生招生考试报名人数为343万。
	
#考研时间安排[话题]#
#考研倒计时[话题]#
#研究生考试[话题]#
#考研[话题]#
#2026年研考时间已确定[话题]#",http://sns-video-bd.xhscdn.com/spectrum/1040g0jg31p8uktvbia005p5oj0ol6up1g2euft8,1763974487000,1763974488000,64b898310000000014037b21,潇湘晨报,https://sns-avatar-qc.xhscdn.com/avatar/1040g2jo31d5b82b7h2005p5oj0ol6up1qiak4b8,3.8万,4736,450,7193,湖南,http://sns-webpic-qc.xhscdn.com/202512062333/df267f1edc5528c1069e0e8650b7f22e/spectrum/1040g0k031p8uor972c0g5p5oj0ol6up1mcp1iu8!nd_dft_wlteh_webp_3,"考研时间安排,考研倒计时,研究生考试,考研,2026年研考时间已确定",1765035246595,https://www.xiaohongshu.com/explore/69241d57000000000d00e832?xsec_token=ABH2wC2t8bF_-ZFCUR1hZk3scGsZAP3ftDzrre9SPu0E8=&xsec_source=pc_search,研究生考试,ABH2wC2t8bF_-ZFCUR1hZk3scGsZAP3ftDzrre9SPu0E8=
67a85a7400000000180073c1,video,第一视角查成绩,祝大家都能顺利上岸[合十R]#成绩查询[话题]# #查分[话题]# #上岸[话题]# #考研出分[话题]# #考试成绩[话题]# #看到的人都能成功上岸[话题]# #看我们终将上岸[话题]# #都给我上岸[话题]# #川师考研[话题]#,http://sns-video-bd.xhscdn.com/1040g00g31dm35lrn10004a707bsl8ts5msr5v6o,1739086452000,1739086452000,5b43795411be107315807785,小雪,https://sns-avatar-qc.xhscdn.com/avatar/1040g2jo31dnphtedgu004a707bsl8ts5303rvu8,3.5万,1932,3811,2755,,http://sns-webpic-qc.xhscdn.com/202512062333/7c75bb4ac82490a81217189cfa2ac987/1040g00831dm35lrn0u004a707bsl8ts5b2g3u5g!nd_dft_wlteh_webp_3,"成绩查询,查分,上岸,考研出分,考试成绩,看到的人都能成功上岸,看我们终将上岸,都给我上岸,川师考研",1765035246599,https://www.xiaohongshu.com/explore/67a85a7400000000180073c1?xsec_token=ABa7zEKYibOslJ3SbmSQO_sN9rEtw42paygY6ymIqqrzU=&xsec_source=pc_search,研究生考试,ABa7zEKYibOslJ3SbmSQO_sN9rEtw42paygY6ymIqqrzU=
6764e7bf000000000902d396,video,各位准研究生们，一定要抽点时间去看一下考场 ps：学校允许的话进去坐坐﻿#25考研[话题]#﻿ ﻿#考研[话题]#﻿ ﻿#大学生[话题]#﻿,各位准研究生们，一定要抽点时间去看一下考场 ps：学校允许的话进去坐坐﻿#25考研[话题]#﻿ ﻿#考研[话题]#﻿ ﻿#大学生[话题]#﻿,http://sns-video-bd.xhscdn.com/spectrum/1040g0jg31bk7gc5jh2005oqv59e654fj81mbuk8,1734666175000,1734666175000,635f2a5c00000000180291f3,晓艳英语四六级,https://sns-avatar-qc.xhscdn.com/avatar/638370a5c6f33706866ff62f.jpg,2.5万,2119,120,116,,http://sns-webpic-qc.xhscdn.com/202512062333/6b3d5ee7a97ce8d7b77e8ee59d13ab86/spectrum/1040g0k031bk7h03mge005oqv59e654fjrlsoke0!nd_dft_wlteh_webp_3,"25考研,考研,大学生",1765035246602,https://www.xiaohongshu.com/explore/6764e7bf000000000902d396?xsec_token=ABZQorruWgw6UwBgDxoH8MOMvPBxtV63kJOdYGPeKb90o=&xsec_source=pc_search,研究生考试,ABZQorruWgw6UwBgDxoH8MOMvPBxtV63kJOdYGPeKb90o=
67750698000000001300de8c,normal,你的2025年新年礼物：,#新年礼物[话题]# #考研[话题]# #新年[话题]# #迎接新的一年[话题]# #准研究生必上岸[话题]# #拟录取[话题]# #考研上岸经验[话题]# #研究生考试[话题]# #考研复试[话题]#,,1735722648000,1735722649000,6038fbfa000000000100224a,小瑞要好好读书,https://sns-avatar-qc.xhscdn.com/avatar/1040g2jo31bt5fjbc08005o1ovft088iac8tk03g,2.3万,1183,5437,468,,http://sns-webpic-qc.xhscdn.com/202512062333/7d425778d416ef8b45fda4d51ebe3ca0/1040g00831c3v9iuch6705o1ovft088iavtned80!nd_dft_wlteh_webp_3,"新年礼物,考研,新年,迎接新的一年,准研究生必上岸,拟录取,考研上岸经验,研究生考试,考研复试",1765035246605,https://www.xiaohongshu.com/explore/67750698000000001300de8c?xsec_token=ABL2K66iCfL69RJCo6gYUfVAiI8HSBYAahmNiiA_JX4hU=&xsec_source=pc_search,研究生考试,ABL2K66iCfL69RJCo6gYUfVAiI8HSBYAahmNiiA_JX4hU=
6503ddba0000000016030995,normal,考研预报名，这个一定要注意！（保姆级带填）,"信息一定不能填错！
姐妹们，9月16号开始填信息，24号就开始预报名啦！
赶紧码住这份保姆级预报名攻略，准备好应该准备的资料，考研路上的你一定会一切顺利的！
.
1⃣️预报名是干什么的？
01/ 为了帮助考生提前了解报名流程
02/ 缓解集中报名造成的报考系统压力
03/ 抢考点
·
2⃣️预报名大致流程是什么？
①登录中国研究生招生信息网
②实名注册并牢记用户名及密码
③点击网上报名、仔细查看报名须知
④填写考生信息、查验确认实名信息（学籍学历、基本信息、户籍档案、家庭主要成员、学习与工作经历、奖惩情况、联系方式）
⑤写报考信息（报考单位、备用信息、报考专业、报考点）
⑥确认信息无误之后点击提交，生成、并牢记报考号
⑦网上缴费，报考成功
·
3⃣️预报名什么时候开始？
预报名时间：9月24-9月27，早上9点到晚上10点
正式报名时间：10月5日-25日
🙋‍♀️预报名在时间会比正式报名早一到两周，流程和效用一样，预报名成功，出了报名号，并且缴费完成后就不用参加正式报名了。如果预报名的信息填写错误或者是要修改报考院校的，可以在正式报名期间修改信息！
·
🙋‍♀️现阶段考研人注意事项：
1.学不完不要慌，抓重点学习，没有人可以复习完
2.英语不要再花大量时间背单词，阅读还是最重要
3.政治选择题想提分的9月下旬就要听腿姐的技巧班了
4.专业课背得越熟练越好
5.政治现在不用背，后期给大家出知识点精炼背诵版
6.作文现在可以开始了，听周思成就够了
7.内耗关系该断就断，考研专注状态很重要
8.考研很累，尽量给自己安排点放松时间
·
✨这里是23考研，英语86分💯，政治4个月备考74分上岸985的丹妮学姐
🌟下篇为大家分享英语阅读满分，政治选择题提分的经验，记得关注哦
#我的考研[话题]# #考研[话题]# #24考研[话题]# #考研预报名注意事项[话题]# #考研报名[话题]# #2024考研[话题]# #一笑而过考研[话题]# #考研经验分享[话题]# #考研经验[话题]#",,1694752263000,1694752327000,6218302f000000001000e4fa,丹妮学姐陪你上岸,https://sns-avatar-qc.xhscdn.com/avatar/64296b4c68c57054fc84f6bc.jpg,1.7万,1.5万,783,1619,,"http://sns-webpic-qc.xhscdn.com/202512062333/8d5dd6fa34a0311246e2bebd31eda7a0/1040g00830p1f1tqkk6005ogo60nk1p7qoh0tcpg!nd_dft_wlteh_webp_3,http://sns-webpic-qc.xhscdn.com/202512062333/cb833f3c0815b0f48621bbf5377ad396/1040g00830p1f1tqkk60g5ogo60nk1p7qh572jeo!nd_dft_wlteh_webp_3,http://sns-webpic-qc.xhscdn.com/202512062333/4ccb1d1901d851daf3ce2855d7706567/1040g00830p1f1tqkk6105ogo60nk1p7q84hd7tg!nd_dft_wlteh_webp_3,http://sns-webpic-qc.xhscdn.com/202512062333/5082068abc8fdf626b21109eb402ccb9/1040g00830p1f1tqkk61g5ogo60nk1p7qo6jt0t0!nd_dft_wlteh_webp_3,http://sns-webpic-qc.xhscdn.com/202512062333/7017f351c8678b4b86a345922a88b234/1040g00830p1f1tqkk6205ogo60nk1p7qqa7p8d8!nd_dft_wlteh_webp_3","我的考研,考研,24考研,考研预报名注意事项,考研报名,2024考研,一笑而过考研,考研经验分享,考研经验",1765035246608,https://www.xiaohongshu.com/explore/6503ddba0000000016030995?xsec_token=ABnU5iLgpaHStHoQ122KIQTc6-ATExojneql_I_dg0SfU=&xsec_source=pc_search,研究生考试,ABnU5iLgpaHStHoQ122KIQTc6-ATExojneql_I_dg0SfU=
675e7aa60000000002014042,video,考研人查分感人瞬间 25 考研接好运！！！,不知不觉24考研已经过去一年了。翻到去年2.26 初试查分的视频，当时真的是太惊喜了！祝同学们高分上岸！！#加油吧考研人[话题]# #上岸[话题]# #考研上岸经验[话题]# #成功上岸[话题]# #25考研[话题]# #考研接好运[话题]#,http://sns-video-bd.xhscdn.com/1040g00g31bduiiv8026g5nglvfsg8gii224hi6o,1734245030000,1734245031000,5e15fbf90000000001004252,越越一士,https://sns-avatar-qc.xhscdn.com/avatar/6409ae5790a854f1ec7d4f41.jpg,1.3万,831,1715,250,,http://sns-webpic-qc.xhscdn.com/202512062333/764b3039356d392eda833f93430b7b74/1040g2sg31bdumhjknadg5nglvfsg8gii038f1k0!nd_dft_wlteh_webp_3,"加油吧考研人,上岸,考研上岸经验,成功上岸,25考研,考研接好运",1765035246614,https://www.xiaohongshu.com/explore/675e7aa60000000002014042?xsec_token=ABO9KDjApoVkZJy-O5I-IToi6a0fZb6xUUoXBWy9W_gac=&xsec_source=pc_search,研究生考试,ABO9KDjApoVkZJy-O5I-IToi6a0fZb6xUUoXBWy9W_gac=
675ee0410000000002037de0,normal,魂穿考研当天,"考前一天
7:00-17:20      疯狂背肖四
17:20-19:00    看考场、买文具
20:00-24:00    最后再背一轮肖四
	
考试第一天
7:25-8:00        早餐、考前最后再背两道题
8:00-11:40      考场第一场（详情见图片）
11:40-12:15    午餐
12:20-13:00    复习英语作文
13:00-13:20    午休
13:20-13:35    排队进考场、再最后看一眼作文
13:35-17:00    考场第二场（详情见图片）
17:00-18:00    晚餐、洗漱
18:00-20:00    太累了睡了一觉
20:00-24:00   复习数学和运筹学
	
考试第二天
7:30-8:00       早餐、排队再看一眼公式
8:00-11:30     考场第三场考试（详情见图片）
11:40-12:30   午餐
12:30-13:00   复习专业课
13:00-13:20    午休
13:20-13:35   排队进考场、最后再看一眼专业课
13:35-17:00   考场最后一场考试（详情见图片）
18:00-22:00   太累了直接睡了个大觉
22:00-1:00     和姐妹儿一起去看圣诞树、吃海底捞
1:00-3:00       和姐妹儿们聊通宵
即使是生命短暂的自由，也会扫除积累下来的疲惫憔悴，考完那晚是永远无法复刻的人生幸福时刻
	
考前最后复习这十几天度日如年，
要复习的东西太多了，还不能放弃，
得坚持到上考场的最后一小时，
考试这两天说快也很快，
就考试复习考试就结束了，
说慢就真的感觉很慢，
度秒如年的感觉，
躺床上脑子里会蹦出各种想法入睡比平时困难多了，
一天掰成三天用都感觉不够用！
	
但是残酷的就是考试那两天的发挥，
决定你一年、两年甚至更多时间的努力！
	
大家注意身体，坚持考完全部考试。
㊗️你考试顺利👩🏻‍🎓👨🏻‍🎓
	
考完记录下来的，与大家共勉:
铃声一响，那一刻突然真的释怀了。我没有想哭，也没有不知所措，这半年虽然都是在持续地复习，持续地掉头发，但是我没有内耗自己，我也没有把它看做是生活的过渡，而是把它看成生活本身，我累了我就去吃好吃的或者抬头看看美好的天空，虽然这些活动都是在一天中长达十个小时的复习中的短暂的半小时或一小时，但是却带给我持续前进的力量，不至于中断或者放弃。​这半年我学会了很多，也意识到了之前不足的地方以及可以改变的地方，自身获得了很多很多的力量，我释怀的另外一点在于，我没有在一个目标或任务结束后无所适从不知所以，我还有很多想做的事情，所以，尽管现在很累很累，但是休息一段时间后，还是得继续，人生它就是一山放过一山拦。
	
@校园薯 #考研[话题]# #加油吧考研人[话题]# #考研倒计时[话题]# #上岸[话题]#",,1734271041000,1734271041000,613dff6c000000000201b316,红豆泥,https://sns-avatar-qc.xhscdn.com/avatar/1040g2jo31nrkf7okg6b05pjmtnagud22174gjt0,1.2万,4052,828,659,,"http://sns-webpic-qc.xhscdn.com/202512062333/7083300af80c1bceee44eba0c7f97eb0/1040g2sg31beb3onq7gd05o9tvtm0jcomiighvto!nd_dft_wlteh_webp_3,http://sns-webpic-qc.xhscdn.com/202512062333/5e3ffc731b547fcba2642b7a9a9f2ded/1040g2sg31beb3onq7gcg5o9tvtm0jcomahgb97o!nd_dft_wgth_webp_3,http://sns-webpic-qc.xhscdn.com/202512062333/c24617b44c9787af9ab93c0e0bbe5861/1040g2sg31beb3onq7gbg5o9tvtm0jcom3iu4cqg!nd_dft_wlteh_webp_3,http://sns-webpic-qc.xhscdn.com/202512062333/face30edf6742163acce9d69de76ae79/1040g2sg31beb3onq7ga05o9tvtm0jcomffv2iug!nd_dft_wlteh_webp_3,http://sns-webpic-qc.xhscdn.com/202512062333/4f18830f01c9b0dce27177ca8354b128/1040g2sg31beb3onq7g705o9tvtm0jcomobbpsu0!nd_dft_wlteh_webp_3,http://sns-webpic-qc.xhscdn.com/202512062333/6b04b9b404ce2fd074acb508cf3578ab/1040g2sg31beb3onq7g805o9tvtm0jcomdo1e7fg!nd_dft_wlteh_webp_3,http://sns-webpic-qc.xhscdn.com/202512062333/590c85c454a8d0a70e20b827a0153050/1040g2sg31beb3onq7g905o9tvtm0jcomvb2e3jg!nd_dft_wlteh_webp_3,http://sns-webpic-qc.xhscdn.com/202512062333/e1f9a724f414b2177fb46f354c9a9f2d/1040g2sg31beb3onq7g7g5o9tvtm0jcomtof4b08!nd_dft_wlteh_webp_3,http://sns-webpic-qc.xhscdn.com/202512062333/5abe326ed58e0ac40a8c8de9ab4c71b3/1040g2sg31beb3onq7gb05o9tvtm0jcommr2cf80!nd_dft_wlteh_webp_3,http://sns-webpic-qc.xhscdn.com/202512062333/a8ef59ad05428f11bff3984fc6edb572/1040g2sg31beb3onq7gc05o9tvtm0jcomrnja4sg!nd_dft_wlteh_webp_3,http://sns-webpic-qc.xhscdn.com/202512062333/d55bbb77713e905d819b08b2de21b24f/1040g2sg31beb3onq7g8g5o9tvtm0jcom2dcfq6o!nd_dft_wlteh_webp_3,http://sns-webpic-qc.xhscdn.com/202512062333/82f5e69ca516cd1e8ac87e563a3f376d/1040g2sg31beb3onq7gag5o9tvtm0jcomqgardv8!nd_dft_wlteh_webp_3,http://sns-webpic-qc.xhscdn.com/202512062333/c4002942b1a39cce7cc51e6f568234b3/1040g2sg31beb3onq7gdg5o9tvtm0jcommtml1pg!nd_dft_wlteh_webp_3","考研,加油吧考研人,考研倒计时,上岸",1765035246617,https://www.xiaohongshu.com/explore/675ee0410000000002037de0?xsec_token=ABO9KDjApoVkZJy-O5I-ITosNAVh6hZjfYbem4kwIr4jE=&xsec_source=pc_search,研究生考试,ABO9KDjApoVkZJy-O5I-ITosNAVh6hZjfYbem4kwIr4jE=
6676a9c8000000001c034449,normal,突然发现考研失败的人都有一个共性,"真的很爱吃没必要的苦，总是掉进信息闭塞的陷阱....
考研是选择大于努力，信息闭塞真的很致命❗️
	
✅政治
1.政治不要相信wang上说的9月开始来得及，除非你只想过线，想获得高分还是得7月开始。
2.政治选择背诵手册才是关键，不要执着于1000题，强化课只听🐴原与史纲就可以。
3.腿姐技巧班一定要听，这是提分的关键！
4.肖四肖八一定要刷透，其中肖四来了就狂背！
5.不要相信wang上说的肖四ya不准，其实无论准不准，主观题的分数真的差不了太多，你应该抓住的是选择题。
6.政治后期有很多偷分小技巧，关注我，后面教你～
	
✅英语
1.除了真题，其余题全扔掉。
2.单词不要想着投机取巧，踏踏实实背到考前一天。
3.作文不要想着12月背模版，也不要相信wang上的定zhi模版，都是智商shui！作文8月就开始跟周思成好好学，最后真的能靠作文救命。
4.现在就好好刷阅读，注意好好复盘！（主页有复盘方法，需要的自取～）
5.英语是前期学科，前期一定要好好学，不然后期想提分也没时间。
	
✅数学
1.一定不要沉迷看课！一定要自己动手算！
2.学过的知识点一定要定期复盘，不然真的会忘光。
3.练习题在精不在多，1本吃透刷透比10本刷完更有价值。
4.数学后面一定要定时模拟，不然考场上根本做不完
	
✅专业课
1.学一章背一章，千万不要往后拖！
2.讨厌背诵，那就每天就先背诵，背完一身轻松。
3.思维导图真的很有用，尤其是背诵后期。
4.真题很重要，真题重复考的地方一定要优先背！
5.不吃背诵的苦就要吃没学上的苦。#加油吧考研人[话题]#
—————————-
🌟我是Walker学长，想用双非倒数到顶尖211的历程告诉大家：
正如我的名字“步行者”一样，一步一个脚印，咱就能走到巅峰。 ⛰️
后面分享更多考研干货，期待你的关注～
#考研[话题]# #25考研[话题]# #考研经验[话题]# #考研经验分享[话题]# #考研过来人的避坑法则[话题]# #考研政治[话题]# #考研英语[话题]#",,1719052744000,1719052744000,635e2285000000001802e598,Walker-X,https://sns-avatar-qc.xhscdn.com/avatar/1040g2jo31871tfbt3q005oqu4a2m5pcoibdusvo,1.2万,1.1万,303,693,,http://sns-webpic-qc.xhscdn.com/202512062333/c57f92cd876e5ab3e864decfe3b59806/1040g008314bif1fjm8005oqu4a2m5pcobd2v2do!nd_dft_wlteh_webp_3,"加油吧考研人,考研,25考研,考研经验,考研经验分享,考研过来人的避坑法则,考研政治,考研英语",1765035246620,https://www.xiaohongshu.com/explore/6676a9c8000000001c034449?xsec_token=ABtew6Ch5rFSH5Sc9pNKJnpfogwI0GdLuTPewMN-W8sO4=&xsec_source=pc_search,研究生考试,ABtew6Ch5rFSH5Sc9pNKJnpfogwI0GdLuTPewMN-W8sO4=
67be02b3000000000900fc84,video,两年 至此 画上句号。,#是结束也是开始[话题]# #祝大家都能得偿所愿[话题]# #考研查分[话题]# #故余虽愚卒获有所闻[话题]# #这一路的颠沛流离[话题]# #也谢谢我自己[话题]# #考研[话题]# #继续往前走[话题]# #考研成绩[话题]# #走过的每一步都算数[话题]##闪光青春派[话题]#,http://sns-video-bd.xhscdn.com/1040g00g31eb81ut4gmeg5oa8aabgkjgi2th908g,1740505779000,1755752225000,614852970000000002024e12,一勺土豆泥（研1版,https://sns-avatar-qc.xhscdn.com/avatar/641a4ff08fbfe1bdd2848d82.jpg,1.1万,605,260,168,,http://sns-webpic-qc.xhscdn.com/202512062333/873ad1bcf95cb88864f30112f0f05b0f/1040g00831eb81ut50k005oa8aabgkjgis9ic3c8!nd_dft_wlteh_webp_3,"是结束也是开始,祝大家都能得偿所愿,考研查分,故余虽愚卒获有所闻,这一路的颠沛流离,也谢谢我自己,考研,继续往前走,考研成绩,走过的每一步都算数,闪光青春派",1765035246624,https://www.xiaohongshu.com/explore/67be02b3000000000900fc84?xsec_token=ABoht2tctaCvsZMOkH7aI6Yyhfffk00KI8AiS_byAj-VY=&xsec_source=pc_search,研究生考试,ABoht2tctaCvsZMOkH7aI6Yyhfffk00KI8AiS_byAj-VY=
68abcbe6000000001d02330b,normal,码住👋🏻26考研报名流程,"一、关键时间（参考往年，以官方为准）
⏰ 预报名：2025年10月10-13日（9:00-22:00，4天窗口）
⏰ 正式报名：2025年10月16-27日（9:00-22:00，12天窗口）
预报名和正式报名等效，选其一完成即可，建议早报避系统崩溃
	
二、5步报名流程｜手把手教你填
1️⃣ 登录研招网
网址：https://yz.chsi.com.cn（用学信网账号登录，没注册的现在注册！）
划重点：绑定常用手机号+邮箱，收验证码/通知
2️⃣ 填「考生信息」
✅ 实名信息：姓名、身份证号、手机号（核对）
✅ 学籍学历：应届生选应届生身份，往届生选其他人员
✅ 档案地址：应届生填学校档案馆地址，往届生填工作单位/人才市场存档地址
3️⃣ 填报考信息
⚠️ 这部分提交后不能改！！重点核对：
✅ 招生单位：选目标院校（别选错！）
✅ 考试方式：99%选全国统考，单独考试看院校要求
✅ 报考点：不是报考院校！是你考试的城市/学校（异地报考需户籍/社保，提前查报考点公告）
✅ 专业&学习方式：学硕/专硕看标题（带专业硕士的是专硕），学习方式选全日制或非全日制
4️⃣ 确认&生成报名号
核对100遍信息！尤其「招生单位、报考点、考试方式」，提交后不能改
确认无误点确认报名，生成报名号→截图保存！（后续确认/缴费要用）
5️⃣ 缴费+审核
✅ 缴费：报考点为网上缴费的，48小时内完成缴费（逾期算放弃）
✅ 审核：部分报考点需上传社保/居住证（异地报考必看！），审核通过才算报名成功
	
三、必准备材料｜现在就备齐！
证件类
✅ 身份证（有效期内！过期/丢失速补办）
✅ 应届生学生证（核对学号、专业，确保能毕业）
✅ 往届生毕业证+学位证（学信网可查，但建议备扫描件）
电子材料
✅ 两寸白底证件照（露耳朵、不戴首饰，考研全程用！拍好看点！）
✅ 学信网学历认证报告（学籍校验失败的，提前申诉）
其他材料
✅ 异地报考证明：社保缴存证明（近3个月）、居住证（非户籍地报考需备）
	
四、避坑指南｜这些错别犯！
别等最后一天报名！提前1-2天填，留出修改时间
信息填错别慌：报名截止前可「取消报名→重新填」，但缴费后不能改！
预报名≠必须报！但建议报！和正式报名同等效力，报了就不用管正式报名了
手机别填错！换号的宝子，立刻去学信网改绑定手机号
最后提醒：预报名是“提前演练”，但信息和正式报名一样重要！
#26心理学考研[话题]# #心理学考研[话题]# #考研预报名注意事项[话题]# #考研报名[话题]# #考研预报名[话题]#",,1756089318000,1758699483000,5ce54b24000000001603d9e9,内在小孩inner（心理学版,https://sns-avatar-qc.xhscdn.com/avatar/1040g2jo318op4v5aju0g5n759ci5nmf9h9po10g,9611,8664,188,2759,,"http://sns-webpic-qc.xhscdn.com/202512062333/8622ae19efc605159ac49cc89602c45b/1040g2sg31mq0jplsmmag5n759ci5nmf9okaopf0!nd_dft_wlteh_webp_3,http://sns-webpic-qc.xhscdn.com/202512062333/43a5f3eea6c45f3a500c9a06245f8307/notes_pre_post/1040g3k831ljer31b5mdg5n759ci5nmf9vqmmpu0!nd_dft_wlteh_webp_3,http://sns-webpic-qc.xhscdn.com/202512062333/7ee50a348a4261d16c181bc622c323de/notes_pre_post/1040g3k831ljer304le5g5n759ci5nmf9it8c790!nd_dft_wlteh_webp_3,http://sns-webpic-qc.xhscdn.com/202512062333/3037bd73356d6a46a03898580a15d46a/1040g2sg31mq0jplsmmc05n759ci5nmf9mpfciho!nd_dft_wlteh_webp_3","26心理学考研,心理学考研,考研预报名注意事项,考研报名,考研预报名",1765035246627,https://www.xiaohongshu.com/explore/68abcbe6000000001d02330b?xsec_token=ABA2_Ph_dNVZqq_KdGTwmt29SYEclqLcX4PTzOmhtZr0M=&xsec_source=pc_search,研究生考试,ABA2_Ph_dNVZqq_KdGTwmt29SYEclqLcX4PTzOmhtZr0M=
68d41d750000000013013963,video,2026考研人加油,#2026考研[话题]#,http://sns-video-bd.xhscdn.com/pre_post/1040g0cg31mqqqnl858l05prv7nf23vsbjfdqrcg,1758731637000,1758731638000,677f3dde000000000801ff8b,幸运奶龙,https://sns-avatar-qc.xhscdn.com/avatar/1040g2jo31nhc3imc58005prv7nf23vsbg003tt8,8534,1711,1707,371,,http://sns-webpic-qc.xhscdn.com/202512062333/6b98dece68514a91b50fe90ec0fb6f52/1040g2sg31mqqqnpl6me05prv7nf23vsbgl742i8!nd_dft_wgth_webp_3,2026考研,1765035246630,https://www.xiaohongshu.com/explore/68d41d750000000013013963?xsec_token=ABcYKf1X4k46gW_Ls2Dme9L1f_1LfF8IU3scHhwps7syI=&xsec_source=pc_search,研究生考试,ABcYKf1X4k46gW_Ls2Dme9L1f_1LfF8IU3scHhwps7syI=
6848e4350000000021000d7d,normal,二本考研，骂醒一个是一个,"⒈没考上之前，不要声张[抓狂R]留校，市图书馆，自习室都是学习的好去处喔
⒉没有强大的毅力电视剧就不要追了，上岸后可以一口气看到爽！
⒊不要用四六级成绩来估分考研英语！没什么参考性
⒋不要在备考设备方面花费太多心思！A4纸+抽杆夹组合便宜又好用！
⒌不要等到临考才开始背作文模板
⒍不要在自习室耗时长，效率远比时长更重要
⒎不要总怀疑自己“现在”开始晚不晚！种一棵树最好的时间是十年前，其次就是现在。干就完事了[抓狂R]
⒏不要和同学比学习进度。每个人情况不一样，报考学校专业也不一定一样，把握好自己的速度就好。
⒐不要把ipad+pencil定义为考研标配🥲
10.不要错过腿姐的政治技巧班！腿姐技巧班真的强！
11.不要在备考期间恋爱。每个人的精力真的有限
12.不要每天焦虑，焦虑的来源是缺乏行动。每天按计划完成任务，会感到充实而快乐。
13.不要停止背诵单词，一定要背到考前，尤其是真题里的高频单词hen重要！
14.不要9月才看专业稞，尽早学
15.不要执着shua1000题，后期模拟卷选择题才是硬道理
16.不要在备考期间节食减肥。身体健康永远是第一位的
17.不要忽视卷面书写的重要性，多练字
18.不要好高鹜远，也不要妄自菲薄，择校，选择比努力更重要‼️
	
🙋‍♀️给大家分享一个考研无痛作息表
8:00-8:10  一杯咖啡＋冥想🧘‍♀️
8:10-8:30  背英语单词
8:30-10:30  数学课
10:30-12:00  复盘＋讲义题再做一遍✔️
12:00-14:00  吃饱午饭，睡好午觉
14:00-16:00  专业课＋做题
16:00-17:30  英语真题+订正
17:30-18:00  运动拉伸
18:00-19:00  晚饭+休息
19:00-20:30  专业课
20:30-21:00  复盘今天所学内容♻️
2100-22:00  休息，洗漱睡觉💤
#27考研[话题]# #考研择校[话题]# #二本考研[话题]# #考研过来人的避坑法则[话题]# #考研院校专业推荐[话题]# #跨专业考研[话题]# #考研规划[话题]# #考研专业[话题]# #考研经验分享[话题]# #考研不是唯一的出路[话题]#",,1749607477000,1751021508000,67d00aa8000000000e010183,欢欢学姐～回guan帮择校,https://sns-avatar-qc.xhscdn.com/avatar/1040g2jo31m11ptop5ud05pug1ak3i0c3sggqap0,8124,6526,345,212,,http://sns-webpic-qc.xhscdn.com/202512062333/e599f0c1f3c3ba6a4ce9da723cb548e6/notes_pre_post/1040g3k031iis38lb020g5pug1ak3i0c3l4pits0!nd_dft_wlteh_webp_3,"27考研,考研择校,二本考研,考研过来人的避坑法则,考研院校专业推荐,跨专业考研,考研规划,考研专业,考研经验分享,考研不是唯一的出路",1765035246639,https://www.xiaohongshu.com/explore/6848e4350000000021000d7d?xsec_token=AB4pn6kOWN-a9en9zabz5E-OMQhYPPGSSh4cMtC1ccmmM=&xsec_source=pc_search,研究生考试,AB4pn6kOWN-a9en9zabz5E-OMQhYPPGSSh4cMtC1ccmmM=
625b8874000000002103f86b,normal,23考研考研科目查询,"其实学姐之前发过考试科目如何查找的笔记啦
但是还是有很多小仙女问我考什么科目
问我什么专业不考数学
今天就整理一下
希望各位小仙女能看明白
能解答各位心中的疑惑
#考研打卡[话题]# #我的考研[话题]# #考研英语[话题]# #23考研[话题]# #考研[话题]# #23考研数学[话题]# #考研数学[话题]# #考研数学二[话题]# #考研科目[话题]#",,1650165876000,1650165877000,6056ae7c0000000001009458,Skylar 任小初,https://sns-avatar-qc.xhscdn.com/avatar/60c4c92833af731c4d9e443e.jpg,7523,6222,146,483,,"http://sns-webpic-qc.xhscdn.com/202512062333/a7852d495973ffc8a9a4e29e84c31564/01024h01koruqjdl7x4010ogdota9sip25!nd_dft_wlteh_webp_3,http://sns-webpic-qc.xhscdn.com/202512062333/515cbe7f951dacafb065a70598985f28/01024h01koruqjdl7x4010ogdot9nvdtrr!nd_dft_wlteh_webp_3,http://sns-webpic-qc.xhscdn.com/202512062333/e2cad36cfedda794719e2d09bdcaf103/01024h01koruqjdl7x4010ogdot7i13h9f!nd_dft_wlteh_webp_3,http://sns-webpic-qc.xhscdn.com/202512062333/4452c6b624189de55ee7937344049384/01024h01koruqjdl7x4010ogdot8hbdo0m!nd_dft_wlteh_webp_3,http://sns-webpic-qc.xhscdn.com/202512062333/5680e2901c1f70bfbce6a3713c3f043d/01024h01koruqjdl7x4010ogdot6au6iku!nd_dft_wlteh_webp_3,http://sns-webpic-qc.xhscdn.com/202512062333/bb25fb239e1ed252fb1faa31696a146f/01024h01koruqjdl7x4010ogdotbmtyb3n!nd_dft_wlteh_webp_3,http://sns-webpic-qc.xhscdn.com/202512062333/7ff9543fdeb31953f40f4e8cc6671022/01024h01koruqjdl7x4070ogdpbdbx6555!nd_dft_wlteh_webp_3","考研打卡,我的考研,考研英语,23考研,考研,23考研数学,考研数学,考研数学二,考研科目",1765035246642,https://www.xiaohongshu.com/explore/625b8874000000002103f86b?xsec_token=AB39exTSWS1NOglK70SLOXMzCCT03GuK7BNdrlLaHn7DQ=&xsec_source=pc_search,研究生考试,AB39exTSWS1NOglK70SLOXMzCCT03GuK7BNdrlLaHn7DQ=
690c96ed00000000070310f1,normal,给大家普及一下考研40天上岸的真实强度,"师兄说：现在已经上研究生两个多月啦，这两个多月过得超级充实，每天都能学到不少新知识，虽然偶尔会觉得累，但心里特别满足。这两个月里学习了很多专业课知识，参加了课题组聚餐，和师兄师姐聊的很开心，认识了很多新朋友，也结实了现在的对象，乐哉乐哉。偶尔会想起考研时每天埋头苦学的日子，不过这些都是我应得的!
还记得考研最后40天，我每天六点多就起床，随便洗漱一下就出门了。去食堂吃早饭的路上，耳机里放着腿姐的带背音频;吃早饭的时候，一只手还在刷单词。七点多就到
教学楼开始学习，一直学到晚上十一点才回宿舍。北方的天气很冷，每天就这样披星戴月地熬过来了。考完研才真正明白“走过的每一步都算数”这句话，付出多少，就会收获多少，没有人能随便成功，也没有什么付出是白费的。脚踏实地，一步一个脚印，成功自然会到来，这是我在考研过程中深刻领悟到的道理。#26考研[话题]# #考研上岸经验[话题]# #考研经验分享[话题]# #考研时间安排[话题]# #一战成硕[话题]# #考研复习[话题]# 考研上岸 #考研规划[话题]# #考研备考攻略[话题]# #极限考研[话题]# #考研[话题]# #考研初试[话题]# #考研过来人的避坑法则[话题]# #加油吧考研人[话题]#",,1762432749000,1762432750000,5e61236c000000000100574b,暨南大学研究生,https://sns-avatar-qc.xhscdn.com/avatar/6419a3859af73b9b105d04d2.jpg,7415,4621,380,468,,"http://sns-webpic-qc.xhscdn.com/202512062333/d6323fc8029a2cafc88f4abcd93b7ef8/1040g2sg31ohvk41skuhg5nj14dm08lqbu8dp9u8!nd_dft_wlteh_webp_3,http://sns-webpic-qc.xhscdn.com/202512062333/984b8f5a45d9adc3bfa6a956fe3145a1/1040g2sg31ohvk41skug05nj14dm08lqb52f3fvo!nd_dft_wlteh_webp_3,http://sns-webpic-qc.xhscdn.com/202512062333/8e59a19c91bf748c4df487af419df4e4/1040g2sg31ohvk41skueg5nj14dm08lqbc187n5g!nd_dft_wlteh_webp_3,http://sns-webpic-qc.xhscdn.com/202512062333/005cded47fda4ab65d17f8f2c5d4505c/1040g2sg31ohvk41skuf05nj14dm08lqbc17r8q0!nd_dft_wlteh_webp_3,http://sns-webpic-qc.xhscdn.com/202512062333/77444c7cc56211ee5fb1a3dc69d63707/1040g2sg31ohvk41skufg5nj14dm08lqbt84c2q0!nd_dft_wlteh_webp_3,http://sns-webpic-qc.xhscdn.com/202512062333/9cced4529d65334152fcd8e477bea1d8/1040g2sg31ohvk41skuh05nj14dm08lqb0edsis0!nd_dft_wlteh_webp_3,http://sns-webpic-qc.xhscdn.com/202512062333/9c9cec0bdeb849bff4e39075c8b47cce/1040g2sg31ohvk41skue05nj14dm08lqbsthtp08!nd_dft_wlteh_webp_3,http://sns-webpic-qc.xhscdn.com/202512062333/031f46d464aeeca15eecb6c0b4981cbe/1040g2sg31ohvk41skugg5nj14dm08lqbaf5ptmo!nd_dft_wgth_webp_3","26考研,考研上岸经验,考研经验分享,考研时间安排,一战成硕,考研复习,考研规划,考研备考攻略,极限考研,考研,考研初试,考研过来人的避坑法则,加油吧考研人",1765035246645,https://www.xiaohongshu.com/explore/690c96ed00000000070310f1?xsec_token=ABXQdCQA40G6NE88uvcapWHkQ7T4ijBvfOLw7_2A9N2n0=&xsec_source=pc_search,研究生考试,ABXQdCQA40G6NE88uvcapWHkQ7T4ijBvfOLw7_2A9N2n0=
6892d0970000000023034132,normal,26考研时间点，各位准研究生们一定要知道,"预报名[清单R]
预报名和正式报名有着同等效力，时间一般在9月24日至9月27日
对象：主要面向应届本科毕业生，部分省份也开放往届生。
[暗中观察R]作用：
1、提前填写报名信息，避免正式报名时网络拥堵。
2、预报名成功=报名成功，无需重复操作。
[种草R]流程：
①登录“中国研究生招生信息网”（研招网）
②注册账号→填写考生信息→选择报考院校及专业
③生成报名号并网上缴费即完成。
﻿#大学生[话题]#﻿ ﻿#考研[话题]#﻿ ﻿#大三[话题]#﻿ ﻿#考研注意事项[话题]#﻿ ﻿#不懂就问有问必答[话题]#﻿ ﻿#预报名[话题]#﻿ ﻿#26考研[话题]#﻿",,1754654512000,1754452119000,66d6cc23000000001d02146b,阿简学长,https://sns-avatar-qc.xhscdn.com/avatar/1040g2jo3179fr4kp3u605pmmpghnc53bklgth60,6893,6613,44,710,,"http://sns-webpic-qc.xhscdn.com/202512062334/143891af61d3ba6da4f56ee754549651/spectrum/1040g0k031kr229nlig005pmmpghnc53b8k0td0g!nd_dft_wlteh_webp_3,http://sns-webpic-qc.xhscdn.com/202512062334/30293af8dd70be9d03d92b404dd31363/spectrum/1040g0k031kr229nlig0g5pmmpghnc53bn6l4rp0!nd_dft_wlteh_webp_3,http://sns-webpic-qc.xhscdn.com/202512062334/10d670ba3e731f71ace454194894a011/spectrum/1040g0k031kr229nlig105pmmpghnc53bn5ad7bo!nd_dft_wlteh_webp_3,http://sns-webpic-qc.xhscdn.com/202512062334/87ae5b451f7f2bc5ac8cfc60a1976577/spectrum/1040g0k031kr229nlig1g5pmmpghnc53brjrbpf8!nd_dft_wlteh_webp_3,http://sns-webpic-qc.xhscdn.com/202512062334/7cc9ff7c591a7579702136b1f9726b3a/spectrum/1040g0k031kr229nlig205pmmpghnc53bi2s0hvg!nd_dft_wlteh_webp_3","大学生,考研,大三,考研注意事项,不懂就问有问必答,预报名,26考研",1765035246649,https://www.xiaohongshu.com/explore/6892d0970000000023034132?xsec_token=AB01Y3lriv5RrldCU5w8mvc27zkxHN-EXJ_3KwuztGnYE=&xsec_source=pc_search,研究生考试,AB01Y3lriv5RrldCU5w8mvc27zkxHN-EXJ_3KwuztGnYE=
6926cdb2000000001e012891,video,考研当天必备的14种“高分好物！”,很多是你想不到的[偷笑R] #考研[话题]# #邪修[话题]#  #我的学习进化论[话题]# #人生无限自习室[话题]# #视觉传达设计考研[话题]# #美术考研[话题]# #音乐考研[话题]# #戏剧与影视学考研[话题]# #舞蹈考研[话题]#  #艺术生[话题]##考研打卡[话题]##艺术考研[话题]# #视觉传达设计考研[话题]# #26考研[话题]##复试[话题]# #考研自习室[话题]# #考研上岸经验[话题]##考研复试[话题]##全科课代表在此[话题]##教育作者扶持计划[话题]#,http://sns-video-bd.xhscdn.com/pre_post/1040g0cg31pbipkkr2c005n69o0q48rue6mc26lg,1764150706000,1764150706000,5cc9c0340000000011006fce,充哥崛起,https://sns-avatar-qc.xhscdn.com/avatar/1040g2jo312mps2q9hm005n69o0q48ruepkbefbo,6560,5880,152,878,北京,http://sns-webpic-qc.xhscdn.com/202512062334/9bf049ac5b6a6fc5d2688388640667d8/1040g00831pbipkku2c2g5n69o0q48rue04uf1h8!nd_dft_wlteh_webp_3,"考研,邪修,我的学习进化论,人生无限自习室,视觉传达设计考研,美术考研,音乐考研,戏剧与影视学考研,舞蹈考研,艺术生,考研打卡,艺术考研,26考研,复试,考研自习室,考研上岸经验,考研复试,全科课代表在此,教育作者扶持计划",1765035246652,https://www.xiaohongshu.com/explore/6926cdb2000000001e012891?xsec_token=ABFDZrC5whWFyQ4vHkP4PP7JJIvPcnXIlHyNPjKCX2xqA=&xsec_source=pc_search,研究生考试,ABFDZrC5whWFyQ4vHkP4PP7JJIvPcnXIlHyNPjKCX2xqA=
68693540000000000b01c408,normal,硕士研究生考点该如何选择？,"📍 核心原则
1.  必遵规定：严格按教育部及省市考试院公告执行，规则因身份（应届/往届）、地区而异。
2.  便利至上：在规则内，选交通最便、最熟悉、最省心的地点。
3.  抢占先机：考点名额有限，报名开启（10月份左右）后立即行动，锁定位置。
📌 关键选择因素
1.  考生身份决定范围:
应届生：首选本科院校所在城市考点（通常在本校或本市）。最方便，省奔波住宿。
往届生：
户籍地：最稳妥，通常只需户口证明。
工作地： 需提供符合要求的工作证明（如社保缴纳记录、居住证、单位证明等，具体看报考点公告！要求差异大，务必提前查清）。无法提供则回户籍地。
特殊专业：部分院校（如艺术类）可能要求必须到校考试，看招生简章。
2.  区分概念：
报考单位=目标院校（你想考的学校）。
报考点=考试地点(你初试的地方）。
两者可不同城！报考点选择不影响你报考外地学校（特殊专业除外）。在身份允许范围内，选离你最近最方便的报考点。
3.  地理位置：在可选范围内，优先选：
住处近、交通🚇便利（地铁/公交直达）、熟悉区域的考点。
预留充足通勤时间，考虑拥堵。
📅 操作步骤与提醒
1.  查公告（9月）： 研招网、省市考试院官网、目标院校研招网，细读网报公告，明确身份要求和材料。
2.  定范围：根据身份（应届/往届）和公告，确定可选省市及报考点。
3.  选便利点：在范围内选交通最便的报考点。
4.  备材料（往届重点）：尤其工作地考试者，严格按公告提前备好社保、工作证明或居住证等。
5.  速报名缴费：报名系统开放后（10月），第一时间登录研招网报名并选报考点。
6.  完成确认（10底-11月初）：按报考点要求进行网上/现场确认，提交审核材料并缴费。未确认则报名无效！
7.  打准考证（考前10天）：获知具体考点、地址、考场号。
⚠️ 重要提醒
“就近”非绝对： 本市考点也可能离家/校远，做好心理准备。
踩点: 准考证出后，提前熟悉路线、计算时间、考察周边（餐饮、午休）。
订房：考点远？立即预订附近酒店！考试期间房源紧、价格涨。
关注通知：紧盯研招网、报考点及考试院通知，防政策变动。
特殊需求早沟通：如有身体不便等，报名/确认时及时联系报考点。
📝 总结速记
应届生：安心选学校所在地考点。
往届生：户籍地最稳，工作地会严卡材料要求（提前查清！）。
所有人：读公告→ 明范围 → 选最便点 → 抢报缴费→ 确认 → 打证 → 踩点。
#考研考点[话题]#",,1751725376000,1751725377000,612cce89000000000100bac1,真真儿的DaydayUp(26考研),https://sns-avatar-qc.xhscdn.com/avatar/1040g2jo318k6uh5jjk5g5o9cpq4g9em1u2mjei0,6192,5543,199,541,,http://sns-webpic-qc.xhscdn.com/202512062338/31c8505091dd0688199559fd0576144a/notes_pre_post/1040g3k031jidvr9rjq6g5o9cpq4g9em15bf3jio!nd_dft_wlteh_webp_3,考研考点,1765035584538,https://www.xiaohongshu.com/explore/68693540000000000b01c408?xsec_token=ABxVopXWCmcPzzM-HjYyYO43Eq4KlcFJjDS7Ddb_welEk=&xsec_source=pc_search,研究生考试,ABxVopXWCmcPzzM-HjYyYO43Eq4KlcFJjDS7Ddb_welEk=
67e78336000000001e004974,normal,研究生面试拉了坨大的，。,"自我介绍，，英语说了两句突然脑子短路，第三句就成了thank you[可怜R]中文自我介绍讲了三句时间到了[可怜R]
后面英语翻译，脑子空白一句都说不出，翻译出来一瞬间老师就笑了，笑了一片。。。专业课起手我感觉很自信，一张口就哑巴了。看老师那边一直笑，我就慌了呜呜呜。老师很好很温柔，让我讲我没讲完的内容。说好后老师全笑了[可怜R]虽然笑的很慈祥但是我慌的很。老师问我，你还在什么想展示的，我说，没了老师，我虽然很想表现但是我怕我说多错多，今天特别紧张。老师，你说吧，我：老师我今天紧张，以后有机会我天天说天天锻炼。老师又笑了[可怜R]#复试人精神状态[话题]##面试[话题]#",,1743225654000,1743598677000,5dc55d8f0000000001001435,有书读了！！！,https://sns-avatar-qc.xhscdn.com/avatar/1040g2jo310jp7lsvmi005ne5bm7g851lu8j1158,5759,624,598,138,,http://sns-webpic-qc.xhscdn.com/202512062338/4534982af558937fbdc1a740c219a4f1/1040g2sg31fpas7jh06705ne5bm7g851lnuud830!nd_dft_wlteh_webp_3,"复试人精神状态,面试",1765035584542,https://www.xiaohongshu.com/explore/67e78336000000001e004974?xsec_token=ABMuYG4QdJIBajePAr4zlyIc6MZkImRIRCtPbSYh4i0kc=&xsec_source=pc_search,研究生考试,ABMuYG4QdJIBajePAr4zlyIc6MZkImRIRCtPbSYh4i0kc=
68d5f7cf0000000013034dcc,normal,🔥2026考研报名流程｜码住不踩坑！,"宝子们！
2026考研报名保姆级攻略来啦～
预报名时间、材料准备、流程步骤全整理，手把手带你顺利报名✅
	
✨【时间节点】
⏰ 预报名：2025年10月10-13日
（应届生优先冲！报了就不用管正式报名啦～）
⏰ 正式报名：2025年10月16-27日（以官方通知为准，先码住参考～）
（所有考生都能报，没参与预报名的宝子必须在这段时间完成报名～）
	
✨【报名流程】
1️⃣ 登研招网
用学信网账号登录研招网；没注册的现在去注册！
记得绑定常用手机号+邮箱，方便收验证码/通知～
	
2️⃣ 填「考生信息」
实名信息：（姓名、身份证号、手机号等）务必仔细核对！
学籍学历：应届生选「应届生」身份，往届生选「其他人员」～
档案地址：应届生填学校档案馆地址，往届生填「工作单位/人才市场存档地址」～
	
3️⃣ 填「报考信息」（划重点！提交后不能改！）
招生单位：填目标院校！
考试方式：一般是选「全国统考」，具体要看院校有无要求单独考试～
报考点：不是填报考院校！是考试的城市/学校
（异地报考需提前查报考点公告，部分要户籍 / 社保证明～）
专业&学习方式：学硕/专硕（标题带「专业硕士」的是专硕）、全日制/非全日制看清楚再选～
	
4️⃣ 网上确认+生成报名号：
务必再三核对信息！
完成提交后生成报名号（截图保存起来，后续还要用～）
	
5️⃣ 缴费
缴费：报考点要求 网上缴费 的，需要在48小时内缴费！
	
✨【材料准备】
证件类：
身份证
应届生 —— 学生证
往届生 —— 毕业证 + 学位证
电子材料：
两寸白底证件照
学信网学历认证报告
#考研预报名注意事项[话题]#  #考研报名[话题]#  #考研预报名[话题]#  #考研报名[话题]# #2026考研[话题]#  #考研时间安排[话题]#  #研究生考试[话题]# #考研初试[话题]# #考研考点[话题]#",,1758853071000,1758853072000,64449a870000000010028204,小苏爱学习,https://sns-avatar-qc.xhscdn.com/avatar/1040g2jo31748bmhu46605p24ja3k50g48de39c8,5447,5505,118,1446,,"http://sns-webpic-qc.xhscdn.com/202512062338/5676b27cceaaf74cef76b4334ee593a6/spectrum/1040g0k031mski6u3l2005p24ja3k50g4cjdev00!nd_dft_wlteh_webp_3,http://sns-webpic-qc.xhscdn.com/202512062338/039cab22e61404a753febd597ef2850f/spectrum/1040g0k031mski6u3l20g5p24ja3k50g430fh418!nd_dft_wlteh_webp_3,http://sns-webpic-qc.xhscdn.com/202512062338/0d9df80a5de765fee61e25a299842e4c/spectrum/1040g0k031mski6u3l2105p24ja3k50g49jvo6f0!nd_dft_wlteh_webp_3,http://sns-webpic-qc.xhscdn.com/202512062338/0144353a78e40a202c3535322411396f/spectrum/1040g0k031mski6u3l21g5p24ja3k50g4aulm36g!nd_dft_wlteh_webp_3,http://sns-webpic-qc.xhscdn.com/202512062338/6ae092e9bb9001db67ec427250be758a/spectrum/1040g0k031mski6u3l2205p24ja3k50g4lu7455g!nd_dft_wlteh_webp_3,http://sns-webpic-qc.xhscdn.com/202512062338/67cc2b042a64f9b6fb6a52cc4e5b88a6/spectrum/1040g0k031mski6u3l22g5p24ja3k50g488jrfio!nd_dft_wlteh_webp_3,http://sns-webpic-qc.xhscdn.com/202512062338/fd2ae0f7d8a36823984c7afddc8d16f7/spectrum/1040g0k031mski6u3l2305p24ja3k50g4j8g7jfg!nd_dft_wlteh_webp_3,http://sns-webpic-qc.xhscdn.com/202512062338/be0ef6669e364b9477a22cf35b49761d/spectrum/1040g0k031mski6u3l23g5p24ja3k50g4f2tahp0!nd_dft_wlteh_webp_3,http://sns-webpic-qc.xhscdn.com/202512062338/9be82ead67fc63339b7d87440ac90426/spectrum/1040g0k031mski6u3l2405p24ja3k50g44982fso!nd_dft_wlteh_webp_3","考研预报名注意事项,考研报名,考研预报名,考研报名,2026考研,考研时间安排,研究生考试,考研初试,考研考点",1765035584545,https://www.xiaohongshu.com/explore/68d5f7cf0000000013034dcc?xsec_token=ABTxOFMM_pXaounNbWmZcqljBtitKxriHoJPEHdQymqlc=&xsec_source=pc_search,研究生考试,ABTxOFMM_pXaounNbWmZcqljBtitKxriHoJPEHdQymqlc=
68c3f40e000000001d037ac6,normal,因为考上了211，浅说一下408考研的强度,"我大学上的是民办二本，再加上专业差，毕业工作不好找，就准备408考研，我是大三开始备考的，每天都是食堂，餐厅，宿舍三点一线，晚上简单洗漱一下就睡了，现在简单分享一下我的备考经验，希望能帮助到你们
-
备考强度：
1、自认为没什么天赋，备考考研最纯学的时候几乎每天早7晚11，除去吃饭睡觉就是在备考
-
2、历年真题刷了不下3遍，近5年的真题刷了不下5遍，把每科的高频考点都摸的一清二楚
-
3、选择至少每天刷20题，重点抓Cache、指令系统、浮点数表示、时间复杂度、栈/队列应用、死锁、页面置换算法、子网划分、HTTP/HTTPS区别
-
4、每天手写1道算法题，一定要动手写，把DFS/BFS模版快排代码多手写几遍，多练多写算法题能拿80%的分数
-
5、计组每天画Cache映射、浮点转换、流水线时空图，练半个一个月，计组大题正确率真的提高的很明显！
-
6、OS的PV懆作生产者-消费者、读者-写者模版，每天抄1遍，熟能生巧，后面10分钟就能拿下！
-
7、计网 TCP三次握手/四次挥手状态图每天默写，HTTP和HTTPS区别整理成对比表，计网小题一定要冲子网划分，画图法5分钟搞定，这题就能拿8分！
-
8、备考时要制定规划，严格按照备考计划进行，前期就把基础打好，先把教材都过一遍，尤其是高频考点和重难点一定要掌握清楚，标记考点，及时刷题巩固；
-
刷题tips：
1、今天学的内容明天刷题巩固，这样能回顾一遍知识，知道哪里掌握不牢固，再次回顾，知识点也会更清晰
-
2、二轮强化主要攻大题，再刷做题技巧和模版，知识点不仅清晰了，做题也都能运用考点，提升很快
-
3、本身考研就是一个应试考试，把所有知识点都掌握有点不太可能，所以把考点和真题都吃透就已经很不错了，重难点技巧模版并且整理做题方法，重点就是刷真题，把真题都吃透，自己也能多少鸭鸭题
-
4、考研人一定要学会应试备考，抓大放小，先抓考点学，把占比大、概率高的知识点先掌握，要以拿分为目的的备考
	
#考研[话题]#  #考研经验分享[话题]#  #上岸经验[话题]#  #408[话题]#  #计算机408[话题]#",,1757672462000,1757672463000,5db5b3740000000001005b4c,轶昕okk,https://sns-avatar-qc.xhscdn.com/avatar/621e4d9aa0d77a9cc709db9e.jpg,4790,5150,161,416,,http://sns-webpic-qc.xhscdn.com/202512062338/6d4e3edcbe9ea4c6f94e2e06834f0bcf/notes_pre_post/1040g3k031mb1p5qm5i505ndlmdq08mqcgok1uhg!nd_dft_wlteh_webp_3,"考研,考研经验分享,上岸经验,408,计算机408",1765035584549,https://www.xiaohongshu.com/explore/68c3f40e000000001d037ac6?xsec_token=ABQeU2IGlFE_MYzqrupYaNA1ZVe_zV04nZe7F3Dkvio2U=&xsec_source=pc_search,研究生考试,ABQeU2IGlFE_MYzqrupYaNA1ZVe_zV04nZe7F3Dkvio2U=
6880cecf000000002203d65e,normal,因为考了 441 分，我想说一下考研强度,"🐰个人情况：跨考441分上岸北大心理学，政治71分，英语87分，专业课283分
✅ 政治：不要准备得太晚，做好提前量后面才不容易焦虑。9月前每天复习时间1.5h-2h，9月后1h
✅ 英语：分题型准备，阅读英一英二都要做，得阅读者得天下。阅读的基础是词汇量，不然很难提高正确率。9月前每天复习时间2h，9月后1h
✅ 专业课：心理学专业课300分，有十一本书且全部都是主观题，所以理清框架+提取重点+准确输出的能力非常重要。9月前每天复习时间4h，9月后6h
-
💡一些小Tips
1️⃣ 留出机动时间：人不是机器，很可能早上起不来赖床，或者晚上学不下去提前回宿舍，这些都很正
常!时间表只是大概的参考，对什么时间该干什么事情有个大概的意识，不用严格按照时间表执行，让自己很有压力，还是要自行调整。
2️⃣ 不要超出极限：每个人的精力都是不同的，不要看有些考研博主每天打卡12h甚至14h就很焦虑，一定要按照自己的节奏来。我大概每天的有效学习时长在8小时，这是我能保证很专注，也不至于过于疲劳的时间。透支自己的后果就是难以保证持续性地学习，甚至身体出现问题（我身边就有几个同学考研期间腰出现问题，还得花时间去看医生，而且有些损伤是不可逆的，真的得不偿失)。
3️⃣ 每天运动半小时：运动是保持精力充沛的秘诀，分泌多巴胺可以让你更加专注，效率更高。没有一个好的身体，后期很难承受高强度的学习压力，不要让身体拖垮了你付出的努力。
4️⃣ 不能今天学十小时，明天摆烂不学了，后天想着明天我一定学，大后天很有负罪感怒学十二小时😈
5️⃣ 制定清晰的周计划和月计划：把考研上岸这个大目标拆解成每个科目需要完成什么程度，再将总共需要完成的事情安排到每月计划中，根据每月计划制定周计划，每天只要完成自己设定的计划就好，对自己的整体进度安排有个清晰明确的认识，这样就不会像无头苍蝇一样，到后期也不容易焦虑。可以用扇贝考研app制定计划，非常方便高效~
6️⃣ 坚定内心的声音：“内心强大的人一直在岸上”，考研期间可能会受到外界很多影响，这些很多很多的声音或许会扰乱你的状态，打乱你的学习节奏，甚至让你陷入自我怀疑。你必须内心强大才能对抗这些声音，坚定自己的目标，不需要向任何人解释。@校园薯@momo
#考研上岸经验[话题]# #考研复习[话题]# #考研经验分享[话题]# #考研过来人的避坑法则[话题]# #备考经验[话题]# #我的考研[话题]# #我的学习进化论[话题]# #全科课代表在此[话题]#  #大学生活分享篇[话题]#",,1753272015000,1755397525000,660cc689000000000b00caf1,小兔耶耶,https://sns-avatar-qc.xhscdn.com/avatar/1040g2jo31beajas9026g5pgcoq4ipinha28tdp0,4507,2851,147,197,,"http://sns-webpic-qc.xhscdn.com/202512062338/a98a2071e67fad8bfef92a1c1be07984/notes_pre_post/1040g3k831k9eqonaiucg5pgcoq4ipinhomc902o!nd_dft_wlteh_webp_3,http://sns-webpic-qc.xhscdn.com/202512062338/64b04ccfb657d289f99d7829b70d8fb4/1040g00831l93nb5gli6g5pgcoq4ipinhe1n9iqo!nd_dft_wlteh_webp_3","考研上岸经验,考研复习,考研经验分享,考研过来人的避坑法则,备考经验,我的考研,我的学习进化论,全科课代表在此,大学生活分享篇",1765035584552,https://www.xiaohongshu.com/explore/6880cecf000000002203d65e?xsec_token=ABldlB2cF2hBpQAFshuNNrJ7waG1Qk5v4VOuMpyks28a8=&xsec_source=pc_search,研究生考试,ABldlB2cF2hBpQAFshuNNrJ7waG1Qk5v4VOuMpyks28a8=
68c03948000000001d017ddf,normal,26考研报名及考试时间汇总,"宝子们！2026考研时间轴新鲜出炉⏳ 每个节点都像“考研通关密码”，漏掉一个直接无缘考场！快码住慢慢看，转发给研友更安心～👇
	
📌 报名时间
预报名：2025.9.24-27
往届生&应届生都能冲！早报名=锁定心仪考位，还能提前熟悉报名流程，正式报名时直接“抄作业”，拒绝手忙脚乱～
	
正式报名：2025.10.5-25
划重点！预报名成功就不用重复报啦～但一定要记得确认提交！逾期真的不能补报，别等截止了才慌哦！
	
初试时间+科目表（提前存手机）
考试时间：
2025.12.21-23（含周末+周中，别记错日期！） 📝 科目安排明明白白：
12.21 上午：政治/管综 📖 下午：外语 🌐
12.22 上午：业务课一 ✍ 下午：业务课二 📚
12.23 ：超长科目（6小时手绘/设计等，提前备好精力！） ✨
准考证：12月中旬开放打印！建议多打2份，分别放书包、文具袋，再存个电子版备用，不怕丢～
🔍 关键流程（一步都不能少！）
1⃣ 2025.11月：报名确认 网上/现场确认二选一，身份证+学历证明（应届生带学生证，往届生带毕业证）一定要带齐！没确认=白报名，血泪教训！
2⃣ 2026.2月：查初试成绩 蹲研招网/目标院校官网，查完成绩别慌，后续还有机会～
3⃣ 2026.3月：国家线/院校线公布 先看国家线“保底”，再等院校线，过线的宝子抓紧准备复试！
4⃣ 2026.3-4月：复试/调剂 擦线党别摆烂！调剂信息要天天刷研招网+院校官网，早下手才有好机会，别等复试失败才后悔～
避坑提醒（救命级！）
预报名≠正式报名，两者都要确认提交，光填信息不算数！
考试科目、考场以准考证为准，打印后第一时间核对，有错赶紧联系报考点改！
复试/调剂别信非官方消息，认准院校官网和研招网，避免踩坑～ 考研是一场持久战，把时间轴存在手机里，跟着节奏走，一定能稳稳上岸💪 祝宝子们都能一战成硕！ #2026考研[话题]# #考研时间线[话题]# #考研报名攻略[话题]# #考研初试[话题]# #考研避坑[话题]# #考研党[话题]# #studywithme[话题]# #考研时间安排[话题]# #考研预报名注意事项[话题]# #考研报名[话题]#",,1757474041000,1757428041000,67e4bd6c000000000601e623,思琪cc,https://sns-avatar-qc.xhscdn.com/avatar/1040g2jo31mb7sb9ckq005pv4nlm1jph3c8b15eg,4439,3563,128,698,,"http://sns-webpic-qc.xhscdn.com/202512062338/c6fbd24fb0e11290a5eeaf55575f7aa2/1040g2sg31m7d7ipul2e05pv4nlm1jph3bqtucf0!nd_dft_wlteh_webp_3,http://sns-webpic-qc.xhscdn.com/202512062338/4efe9f15ddf84172bd752d8c1f0d3aa3/1040g2sg31m7d7ipul2eg5pv4nlm1jph3nrd0ni8!nd_dft_wlteh_webp_3,http://sns-webpic-qc.xhscdn.com/202512062338/56a42188594cd24a38b37bc0d9002a95/1040g2sg31m7d7ipul2f05pv4nlm1jph3o41fr98!nd_dft_wlteh_webp_3","2026考研,考研时间线,考研报名攻略,考研初试,考研避坑,考研党,studywithme,考研时间安排,考研预报名注意事项,考研报名",1765035584555,https://www.xiaohongshu.com/explore/68c03948000000001d017ddf?xsec_token=ABDVEm-SFb9PktQKKQ28FkENh0ke9ThgxSVrANcu27OP0=&xsec_source=pc_search,研究生考试,ABDVEm-SFb9PktQKKQ28FkENh0ke9ThgxSVrANcu27OP0=
67a8798f000000001800dbfc,normal,"26考研全流程及时间节点
以下是2026年考研的基本流程须知，供你参考：
1. **报名时间**
**预报名**：通常在9月下旬。
**正式报名**：10月上旬至下旬。
**报名入口**：中国研究生招生信息网（[https://yz.chsi.com.cn](https://yz.chsi.com.cn)）。
2. **考试时间**
**初试**：一般在12月下旬，具体日期以教育部通知为准。
**复试**：次年3月至4月，由各招生单位安排。
3. **考试科目**
**初试**：
公共课：政治、英语（部分","26考研全流程及时间节点
以下是2026年考研的基本流程须知，供你参考：
1. **报名时间**
**预报名**：通常在9月下旬。
**正式报名**：10月上旬至下旬。
**报名入口**：中国研究生招生信息网（[https://yz.chsi.com.cn](https://yz.chsi.com.cn)）。
2. **考试时间**
**初试**：一般在12月下旬，具体日期以教育部通知为准。
**复试**：次年3月至4月，由各招生单位安排。
3. **考试科目**
**初试**：
公共课：政治、英语（部分专业考英语一或英语二）、数学（部分专业考数学一、二或三）。
专业课：由报考院校及专业决定。
**复试**：包括笔试、面试、英语口语等，具体形式由招生单位确定。
4. **报名条件**
**学历要求**：
- 本科应届生或已毕业学生。
- 专科毕业生需毕业满2年并达到同等学力。
**其他要求**：部分专业可能有特殊要求，如工作经验或本科专业背景。
5. **报名流程**
1. 注册中国研究生招生信息网账号。
2. 填写个人信息并选择报考院校及专业。
3. 上传照片及相关材料。
4. 缴纳报名费。
5. 确认报名信息并打印准考证。
6. **准考证打印**
-初试前一周左右可登录研招网打印准考证。
7. **成绩查询**
- 初试成绩通常在次年2月中旬公布，可通过研招网或报考院校官网查询。
8. **复试与调剂**
- **复试**：初试成绩达到国家线及院校线的考生可参加复试。
**调剂**：未达到第一志愿复试线的考生可申请调剂，调剂系统通常在3月下旬开放。
9. **录取**
- 复试结束后，招生单位根据初试和复试成绩择优录取，录取结果通常在4月至5月公布。
10. **注意事项**
**备考规划**：提前制定复习计划，尤其是专业课和公共课。
**关注政策**：及时查看教育部和报考院校的最新通知。
**心理准备**：考研竞争激烈，保持良好心态。#考研时间安排[话题]# #考研预报名注意事项[话题]#",,1739094415000,1739094416000,6061e90d000000000100545f,浅笑～🌸,https://sns-avatar-qc.xhscdn.com/avatar/1040g2jo31adgk8a6ne5g5o31t46g8l2vhefa0p8,4286,4845,34,557,,http://sns-webpic-qc.xhscdn.com/202512062339/f1cce14f398b080b00f4225b36f6c5bc/1040g00831dm72lh60m6g5o31t46g8l2vpt8f3q8!nd_dft_wlteh_webp_3,"考研时间安排,考研预报名注意事项",1765035584560,https://www.xiaohongshu.com/explore/67a8798f000000001800dbfc?xsec_token=ABa7zEKYibOslJ3SbmSQO_sN_Xui3fVhUsfKTA983E0ak=&xsec_source=pc_search,研究生考试,ABa7zEKYibOslJ3SbmSQO_sN_Xui3fVhUsfKTA983E0ak=
69280992000000001b022432,video,自命题试卷袋拆封及注意事项。,#考研[话题]# #26考研[话题]# #考研试卷袋[话题]# #考研自命题[话题]# #石雷鹏老师[话题]#,http://sns-video-bd.xhscdn.com/spectrum/1040g0jg31pcp4s6nia005n3a9s2kln8khjo1fb8,1764238805000,1764231571000,5c6a4f05000000001202dd14,石雷鹏四六级考研,https://sns-avatar-qc.xhscdn.com/avatar/61c97366e82adde65c2167c0.jpg,4479,3105,72,828,北京,http://sns-webpic-qc.xhscdn.com/202512062339/d6d2a085117c68dde1101eae4e0d0d2b/spectrum/1040g0k031pcp4r5q26005n3a9s2kln8keuf702g!nd_dft_wlteh_webp_3,"考研,26考研,考研试卷袋,考研自命题,石雷鹏老师",1765035584564,https://www.xiaohongshu.com/explore/69280992000000001b022432?xsec_token=ABPhPuuudNF6AdLLMSsktRX5HgOgzyVCEfwhMywJk-xMQ=&xsec_source=pc_search,研究生考试,ABPhPuuudNF6AdLLMSsktRX5HgOgzyVCEfwhMywJk-xMQ=
68526d720000000012021131,normal,411分的考研暑期计划！,"亲身试验过这个计划可行 大家可以借鉴
———————————————————————————
⏰6:30-7:30 洗漱➕早饭
早饭尽量少吃碳水 容易犯困 可以多吃点蛋白质
⏱️7:30-8:10 复习单词100
单词最最最最重要的就是复习 你一直背新的不及时复习的话根本记不住的 背单词不在多在于精
⏱️8:10-9:00 背新单词80
一直到考试前一天都要背单词 背单词是贯穿于你整个考研过程中的 everyday！
⏱️9:10-9:40 英语阅读一篇
阅读保持一周4-5的篇就行 真题很宝贵 要认真做 每一篇的答题时间在18-22分钟
⏱️9:40-11:00订正阅读
我感觉做完阅读自己看过之后直接听解析课是最快的方法 老师能讲到生词重点词重点句之类的 不用自己来来回回找
⏱️11:10-11:40英语长难句
长难句不占用很多时间 但对阅读和翻译帮助都很大
🍚11:40-13:30 午饭➕午休
吃完饭小憩一下 保证下午有充沛的精力
⏱️13:30-15:30 背专业课/学数学
这部分时间大家自由分配 文科可以用来背专业课 理科学数学
💤15:30-15:50 休息
吃点喜欢吃的 歇一歇
⏱️15:50-17:50背专业课/学数学
文科的专业课重点就是背背背！理科数学很难要加油！
🍚17:50-19:00 晚饭➕休息
吃完晚饭可以溜溜弯消化一下呼吸新鲜空气
⏱️19:00-20:00 政治网课
一般都是1.5倍速强化班 大概一个月就可以学完 暑期开始政治时间也合适
⏱️20:00-21:00 政治刷题
政治选择题很重要！听完课要立马做对应章节的题目！
⏱️21:10-22:10 背专业课
其实这部分时间大家可以自由安排 查漏补缺
⏱️22:10-23:00 复盘➕制定明日计划
复盘很重要！看看自己哪里需要强化 进度需要怎么调整 会帮助我们更好的进步
💤23:00- 休息
后面的时间就属于你啦 最好早点睡觉！
#考研[话题]# #26考研[话题]# #考研打卡[话题]# #考研时间安排[话题]# #我的考研[话题]# #考研规划[话题]# #考研加油[话题]#",,1750232434000,1750232544000,63033700000000000f00534c,你怎么知道我考研上岸了,https://sns-avatar-qc.xhscdn.com/avatar/639b0c89c02cb1719fa2d6b8.jpg,3339,2125,53,124,,http://sns-webpic-qc.xhscdn.com/202512062339/0cc5f6594f6da34b0411076446cb62d0/notes_pre_post/1040g3k831is582rj1a7g5oo36s03okqclou0l30!nd_dft_wlteh_webp_3,"考研,26考研,考研打卡,考研时间安排,我的考研,考研规划,考研加油",1765035584567,https://www.xiaohongshu.com/explore/68526d720000000012021131?xsec_token=ABG_2M5dKorXwxdQHE-UQjDEcN2ObTr1yOL1RozzqMJNg=&xsec_source=pc_search,研究生考试,ABG_2M5dKorXwxdQHE-UQjDEcN2ObTr1yOL1RozzqMJNg=
68d2a3a800000000120203e5,normal,2026年考研报名时间(预报名和正式报名)❗,"根据最新官方信息，2026年全国硕士研究生招生考试（即2025年12月举行的初试）时间安排如下：
💡2026年考研重要时间节点
1.预报名：2025年10月10日-13日（每天9:00-22:00）
2.正式报名：2025年10月16日-27日（每天9:00-22:00）
3.网上确认：2025年11月上旬（各省具体时间不同）
4.准考证打印：2025年12月中旬
5.初试时间：2025年12月20日-21日
· 12月20日：政治/管理类联考、外国语
· 12月21日：业务课一、业务课二
💡自考本科毕业生注意事项
1.报名资格：
· 已毕业：可直接报名，需填写毕业证书编号。
· 未毕业但能在2026年9月前取得毕业证：需按“应届自考生”身份报名，部分院校要求提供自考成绩单或在读证明。
2.材料准备：
· 身份证、学历证明（已毕业）或自考成绩单（未毕业）。
· 部分院校可能要求学位证，需提前查阅目标院校招生简章。
3.报考点选择：
· 户籍所在地或工作地（需提供社保/居住证证明），具体以各省公告为准。
其他提醒
· 报名官网：中国研究生招生信息网（https://yz.chsi.com.cn）
· 成绩查询：2026年2月中下旬公布初试成绩。
· 复试时间：2026年3月-4月（由各院校安排）。建议提前关注目标院校的招生简章（9月起陆续发布），确保材料齐全。如有疑问，可咨询当地自考办或报考院校研招办。祝你备考顺利！ 🌟#考研报名[话题]# #考研预报名注意事项[话题]# #考研时间安排[话题]# #研究生考试[话题]# #分享一下你的考研经验叭！  [PK]#",,1758634920000,1758709537000,600d325f0000000001007f80,b612上的44次日落（学习版）,https://sns-avatar-qc.xhscdn.com/avatar/6167b5ae843519e3ecc177c2.jpg,2997,2137,34,387,,"http://sns-webpic-qc.xhscdn.com/202512062339/e22541f3a84df4952fb26550089fec3e/1040g00831mqg3jgk4u6g5o0d69fg8vs0ca9v5e0!nd_dft_wlteh_webp_3,http://sns-webpic-qc.xhscdn.com/202512062339/2ffded49b378dea9ad06e47489bee3e4/1040g00831mqg3jgk4u5g5o0d69fg8vs0c9mqqbo!nd_dft_wlteh_webp_3,http://sns-webpic-qc.xhscdn.com/202512062339/e70c914e6f4a31cc4cb073f03c9099a8/1040g00831mqg3jgk4u605o0d69fg8vs05hi94k0!nd_dft_wlteh_webp_3","考研报名,考研预报名注意事项,考研时间安排,研究生考试",1765035584570,https://www.xiaohongshu.com/explore/68d2a3a800000000120203e5?xsec_token=ABvm1jh3mo2VBcaSxrj604ZR0TIrovcNEl2aF2nHE89MM=&xsec_source=pc_search,研究生考试,ABvm1jh3mo2VBcaSxrj604ZR0TIrovcNEl2aF2nHE89MM=
68ad6161000000001b037617,normal,考研确实只有0次和上岸，2019考到了2025,"又翻到了上一次考研的准考证，2019年下岸后，在深圳上海辗转工作了这么多年，从最初转行0薪水刷工作经验一路码到一年40多w，结果还是回到了原点。
	
人生，确实是难以预料。
---------------------------------------
看了这两天的评论之后一些补充：
看到评论区里有大家很多的回复，头一次遇到这么多评论，主要还是积极鼓励的多，很感谢大家[飞吻R]可能还是因为曲折迂回的人生更贴近每一个平凡人真实的生活，所以能让大家有所共鸣纷纷留下文字；对于消极的评论，我也可以理解，不过对于平凡人来说现在的社会本就世事维艰，谁又何尝不想过顺顺利利轻松愉快的生活，如果我能拿一辈子四五十万到退休我可能也不愿意折腾，只是凡事并不以自我意志为转移，所以这不可能，我也不愿意在35岁年龄危机时让自己的人生滞塞于此，依目前个人履历来发展下去我觉得这样的概率会比较高，虽然说读了研也不一定能改变什么，但是我一方面想圆一下自己曾经的梦，另一方面想在现在的艰难社会处境下搏得一线转机。
在社会摸爬滚打也已不少年了，我其实也很清楚各位所言其中利害，既然已经下定决心，各种言论也不会改变我接下来一阶段的人生轨迹了，各位出于劝诫或者其它想法的消极意见我都能可以冷静的倾听，可以直接私信于我，只是还望评论区里各位能尽量友好和平发言，因为好像看到的人比较多，尽量还是希望能给各位看到的人平淡生活里多带来一点信心和宽慰为好。
流水不腐，户枢不蠹。希望各位都能加油，坚持让自己越来越好，勇敢追逐自己的目标和梦想，每天活得开心。
#25考研上岸[话题]# #大龄考研[话题]##工作后考研[话题]# #人生就是一场体验[话题]#",,1756193121000,1756277170000,606bfb3e000000000101ed42,三秋叶,https://sns-avatar-qc.xhscdn.com/avatar/1040g2jo31gur2cffjsbg5o3bvcv0bra2ndvk768,2958,856,581,348,,"http://sns-webpic-qc.xhscdn.com/202512062339/7845351685ea2632408214e3d49133e4/notes_pre_post/1040g3k831ll0aajelm005o3bvcv0bra29durkrg!nd_dft_wlteh_webp_3,http://sns-webpic-qc.xhscdn.com/202512062339/26b5cca2d46ded163fe04e07e5f325de/notes_pre_post/1040g3k831ll0aah858005o3bvcv0bra2qmlr760!nd_dft_wlteh_webp_3,http://sns-webpic-qc.xhscdn.com/202512062339/377e2f5c05d96d65f0a7be5127b44068/notes_pre_post/1040g3k831ll0aab3lo005o3bvcv0bra2bvfpu48!nd_dft_wgth_webp_3,http://sns-webpic-qc.xhscdn.com/202512062339/f620d76013c0b8668e9d906722a762bb/notes_pre_post/1040g3k831ll0aacq5e705o3bvcv0bra24bhtm9g!nd_dft_wgth_webp_3","25考研上岸,大龄考研,工作后考研,人生就是一场体验",1765035584573,https://www.xiaohongshu.com/explore/68ad6161000000001b037617?xsec_token=ABMpdam_flnkQnuI2TFkTCe8O-HWV_NbKuxkuJgHMvdcc=&xsec_source=pc_search,研究生考试,ABMpdam_flnkQnuI2TFkTCe8O-HWV_NbKuxkuJgHMvdcc=
6666f5be0000000006007d2b,normal,护理考研经验贴,问的人蛮多的所以我直接放出来啦#护理考研[话题]# #经验分享[话题]# #护理专业[话题]# #2025考研[话题]# #护理考研经验贴[话题]#,,1718023614000,1718023614000,5b48a35f11be1010ea9aa79c,acceptacceptaccept,https://sns-avatar-qc.xhscdn.com/avatar/1040g2jo31o3d985l52004a7441hlv9sske20h78,2811,2294,199,181,,"http://sns-webpic-qc.xhscdn.com/202512062339/0a2e2ff7d0955c22a6bce621708d1a5d/1040g2sg313s7nnvg1c004a7441hlv9ss51oisc8!nd_dft_wlteh_webp_3,http://sns-webpic-qc.xhscdn.com/202512062339/b3306db392c47819570f0de10abb5697/1040g2sg313s7nnvg1c0g4a7441hlv9ss8bjti4g!nd_dft_wlteh_webp_3,http://sns-webpic-qc.xhscdn.com/202512062339/a5171d6527d13a8b85e49a5184420648/1040g2sg313s7nnvg1c104a7441hlv9ss7hou4h8!nd_dft_wlteh_webp_3,http://sns-webpic-qc.xhscdn.com/202512062339/6c8e5c586009bf567c8fae88722bdc47/1040g2sg313s7nnvg1c1g4a7441hlv9ssq8qpp70!nd_dft_wlteh_webp_3,http://sns-webpic-qc.xhscdn.com/202512062339/94680900ded3042cf59aa38289e36ec6/1040g2sg313s7nnvg1c204a7441hlv9ssrhb15h8!nd_dft_wlteh_webp_3,http://sns-webpic-qc.xhscdn.com/202512062339/f3d70ead4e40677e1ec37267f269d01f/1040g2sg313s7nnvg1c2g4a7441hlv9ss1tici6g!nd_dft_wlteh_webp_3,http://sns-webpic-qc.xhscdn.com/202512062339/401f069bcd130fc76a957fa229dbdccc/1040g2sg313s7nnvg1c304a7441hlv9ssvq9g338!nd_dft_wlteh_webp_3,http://sns-webpic-qc.xhscdn.com/202512062339/b44ac30c6cbc925ef159ac17b7ffdfdf/1040g2sg313s7nnvg1c3g4a7441hlv9ss5lkpa3o!nd_dft_wlteh_webp_3,http://sns-webpic-qc.xhscdn.com/202512062339/8b420bd25be8347b1a733eeedc0efe7a/1040g2sg313s7nnvg1c404a7441hlv9ssu7i4k80!nd_dft_wlteh_webp_3,http://sns-webpic-qc.xhscdn.com/202512062339/f49742e74706d399a9f13b7c8dbdf297/1040g2sg313s7nnvg1c4g4a7441hlv9sss625foo!nd_dft_wlteh_webp_3","护理考研,经验分享,护理专业,2025考研,护理考研经验贴",1765035584576,https://www.xiaohongshu.com/explore/6666f5be0000000006007d2b?xsec_token=ABmeGp5hKfguYRr5wiarEepiTsAiINy-LfWinQ6jzzqEo=&xsec_source=pc_search,研究生考试,ABmeGp5hKfguYRr5wiarEepiTsAiINy-LfWinQ6jzzqEo=
6789dcb1000000001901544a,video,26考研不需要背核心词，反而背托福雅思词汇？进来挨骂！﻿#考研[话题]#﻿,26考研不需要背核心词，反而背托福雅思词汇？进来挨骂！﻿#考研[话题]#﻿,http://sns-video-bd.xhscdn.com/spectrum/1040g35831co93gd2g80g5oqv59e654fjknef338,1737088177000,1737088178000,635f2a5c00000000180291f3,晓艳英语四六级,https://sns-avatar-qc.xhscdn.com/avatar/638370a5c6f33706866ff62f.jpg,2626,616,137,253,,http://sns-webpic-qc.xhscdn.com/202512062339/fa00e6a4daee6c6a79118688f31aa7de/spectrum/1040g34o31coadsi20e0g5oqv59e654fjsbneg88!nd_dft_wlteh_webp_3,考研,1765035584582,https://www.xiaohongshu.com/explore/6789dcb1000000001901544a?xsec_token=ABURhG1-Z2F5KM5QF6QKJU9U53HA5YV93kUh0LsdGBGBE=&xsec_source=pc_search,研究生考试,ABURhG1-Z2F5KM5QF6QKJU9U53HA5YV93kUh0LsdGBGBE=
689482ae0000000025011428,normal,这就是姐去年玩命考上研究生的状态!,#26考研[话题]# #考研规划[话题]# #研究生考试[话题]# #考研上岸经验[话题]# #加油吧考研人[话题]# #考研经验分享[话题]# #考研复习[话题]# #考研备考攻略[话题]# #研究生考试[话题]# #考研资料[话题]#,,1754563246000,1754563247000,6618deb10000000003032e3c,薇棉宛,https://sns-avatar-qc.xhscdn.com/avatar/6721da126418370001cf9a32.jpg,2502,2351,65,286,,"http://sns-webpic-qc.xhscdn.com/202512062339/58db7eb60ff3663253fbb49bba81ffcf/1040g2sg31ksn67f82geg5pgorqogubhs27rpkeo!nd_dft_wlteh_webp_3,http://sns-webpic-qc.xhscdn.com/202512062339/fe53266ba351e45123ed0b8673d54af0/1040g2sg31ksn67f82ge05pgorqogubhs5bhivk0!nd_dft_wlteh_webp_3,http://sns-webpic-qc.xhscdn.com/202512062339/6114e04c87d17c8c5c5a44154741c6d4/1040g2sg31ksn67f82gdg5pgorqogubhsjiqrqng!nd_dft_wlteh_webp_3,http://sns-webpic-qc.xhscdn.com/202512062339/260314a48db68bdfbb8dead381e9d5b5/1040g2sg31ksn67f82gd05pgorqogubhs047umh8!nd_dft_wlteh_webp_3,http://sns-webpic-qc.xhscdn.com/202512062339/4a34bba8b98c98cf9b87dd9fa3983192/1040g2sg31ksn67f82g9g5pgorqogubhsilp9ge0!nd_dft_wlteh_webp_3,http://sns-webpic-qc.xhscdn.com/202512062339/3743517a251b4d9de991c4941b4dfe8b/1040g2sg31ksn67f82gbg5pgorqogubhsthduago!nd_dft_wlteh_webp_3,http://sns-webpic-qc.xhscdn.com/202512062339/46defda08fecb9fe211239f305a15085/1040g2sg31ksn67f82ga05pgorqogubhs4pv1fm8!nd_dft_wlteh_webp_3,http://sns-webpic-qc.xhscdn.com/202512062339/2778b9cec72b662908c60017354997ec/1040g2sg31ksn67f82gcg5pgorqogubhskbkrgn0!nd_dft_wlteh_webp_3,http://sns-webpic-qc.xhscdn.com/202512062339/3cb16dffa73c13d8be018fb2e690b284/1040g2sg31ksn67f82gb05pgorqogubhsi93nm2o!nd_dft_wlteh_webp_3,http://sns-webpic-qc.xhscdn.com/202512062339/d344d8cfc40fe180e58c787f62c505c1/1040g2sg31ksn67f82gc05pgorqogubhs44l24s8!nd_dft_wlteh_webp_3,http://sns-webpic-qc.xhscdn.com/202512062339/7106b901c538d6e600ff6f146cce9914/1040g2sg31ksn67f82gag5pgorqogubhsh4c6nh8!nd_dft_wlteh_webp_3,http://sns-webpic-qc.xhscdn.com/202512062339/d808dae607f49ca664f3176ad33880b6/1040g2sg31ksn67f82g8g5pgorqogubhs321pqvg!nd_dft_wlteh_webp_3,http://sns-webpic-qc.xhscdn.com/202512062339/d57cd6eec48181ea1e50e3b74e047b71/1040g2sg31ksn67f82g905pgorqogubhsm1pdvl8!nd_dft_wlteh_webp_3,http://sns-webpic-qc.xhscdn.com/202512062339/eedbedafd0a108d5c27178c37890f17a/1040g2sg31ksn67f82gf05pgorqogubhssnb1ku8!nd_dft_wlteh_webp_3","26考研,考研规划,研究生考试,考研上岸经验,加油吧考研人,考研经验分享,考研复习,考研备考攻略,考研资料",1765035584585,https://www.xiaohongshu.com/explore/689482ae0000000025011428?xsec_token=ABTx37tjrW3QYxAjB92ToEbGG7L4q3OYvtQVPs8HYeD9k=&xsec_source=pc_search,研究生考试,ABTx37tjrW3QYxAjB92ToEbGG7L4q3OYvtQVPs8HYeD9k=
675bf69a0000000007008395,video,考研只学“最后7天”极限上岸！！！⚠️,#考研[话题]# #艺术生[话题]##考研打卡[话题]##艺术考研[话题]# #视觉传达设计考研[话题]# #25考研[话题]# #考研倒计时[话题]# #考研自习室[话题]# #考研上岸经验[话题]# #学习方法[话题]#,http://sns-video-bd.xhscdn.com/pre_post/1040g0cg31bbg04e4ni0g5n69o0q48rueg2kr95o,1734080154000,1734080155000,5cc9c0340000000011006fce,充哥崛起,https://sns-avatar-qc.xhscdn.com/avatar/1040g2jo312mps2q9hm005n69o0q48ruepkbefbo,2497,1330,209,351,,http://sns-webpic-qc.xhscdn.com/202512062339/5a6c23161267348131a5bc5ac2fe8dbd/1040g2sg31bbg3380g4705n69o0q48rue28n4pl0!nd_dft_wlteh_webp_3,"考研,艺术生,考研打卡,艺术考研,视觉传达设计考研,25考研,考研倒计时,考研自习室,考研上岸经验,学习方法",1765035584588,https://www.xiaohongshu.com/explore/675bf69a0000000007008395?xsec_token=AB0lgQ03kkVqQot4JrMvBWmwO7Z7i3Fswmt-XjAl1FzyE=&xsec_source=pc_search,研究生考试,AB0lgQ03kkVqQot4JrMvBWmwO7Z7i3Fswmt-XjAl1FzyE=
6762aa0d000000000b00fb33,normal,可以带这样的准考证去考研究生吗,,,1734519309000,1734967424000,5f7c6af4000000000100411f,CoolK,https://sns-avatar-qc.xhscdn.com/avatar/60ce08d568da882f7067db59.jpg,2418,270,227,444,,http://sns-webpic-qc.xhscdn.com/202512062339/e21d0978b4467ddc703d3d6bd76c1968/1040g2sg31bon5p3kgs005nrsdbq08g8vc25hdr0!nd_dft_wlteh_webp_3,,1765035584591,https://www.xiaohongshu.com/explore/6762aa0d000000000b00fb33?xsec_token=ABUB0MXBCP3FA4nY8bjVswp4p5q1YywK_nQSyHR0OkibM=&xsec_source=pc_search,研究生考试,ABUB0MXBCP3FA4nY8bjVswp4p5q1YywK_nQSyHR0OkibM=
692ecd08000000000d03c5cc,normal,姐16天极限过考研（差生版）,#考研备考攻略[话题]# #考研规划[话题]# #考研上岸经验[话题]# #考研政治[话题]# #政治[话题]# #考研初试[话题]# #考研复习[话题]# #考研经验分享[话题]# #考研时间安排[话题]# #准研究生必上岸[话题]#,,1764674824000,1764674825000,689df4b5000000001900e14b,奶盐芝士,https://sns-avatar-qc.xhscdn.com/avatar/1040g2jo31pcn199cio005q4tuiqm9oabkv96du0,2414,1925,83,161,安徽,"http://sns-webpic-qc.xhscdn.com/202512062339/94ff188591dcfcdc91781d325819ff91/1040g00831pjcmvum4g105q4tuiqm9oab999ef90!nd_dft_wlteh_webp_3,http://sns-webpic-qc.xhscdn.com/202512062339/60ced78217d0f4521235c0c78f40c590/1040g00831pjcmvum4g005q4tuiqm9oab8larb08!nd_dft_wlteh_webp_3,http://sns-webpic-qc.xhscdn.com/202512062339/540c2e2830e207744ef69770d9ea32ac/1040g00831pjcmvum4g1g5q4tuiqm9oabf6ec8i0!nd_dft_wlteh_webp_3,http://sns-webpic-qc.xhscdn.com/202512062339/4cdd710b47d944c9bb4d969de25ed598/1040g00831pjcmvum4g0g5q4tuiqm9oabrbsnoq8!nd_dft_wlteh_webp_3,http://sns-webpic-qc.xhscdn.com/202512062339/7a9ae3cddd8acfebbdf9a4de92757de5/1040g00831pjcmvum4g205q4tuiqm9oabsobta20!nd_dft_wlteh_webp_3,http://sns-webpic-qc.xhscdn.com/202512062339/85fee978674e26e8609a5a0b20be223b/1040g00831pjcmvum4g305q4tuiqm9oab39r8a08!nd_dft_wlteh_webp_3,http://sns-webpic-qc.xhscdn.com/202512062339/3e09c0772ccc87cf345cd2df82f3652e/1040g00831pjcmvum4g3g5q4tuiqm9oab7t64s2o!nd_dft_wlteh_webp_3,http://sns-webpic-qc.xhscdn.com/202512062339/941e2dbce24be24410c68e449a4a31ab/1040g00831pjcmvum4g2g5q4tuiqm9oaboh32k2o!nd_dft_wlteh_webp_3,http://sns-webpic-qc.xhscdn.com/202512062339/657444d9fc13652c708ea3743dface3a/1040g00831pjcmvum4g405q4tuiqm9oabr7qlolo!nd_dft_wlteh_webp_3,http://sns-webpic-qc.xhscdn.com/202512062339/598f69a175408e084a3fd9db938ead88/1040g00831pjcmvum4g4g5q4tuiqm9oabc8iump0!nd_dft_wlteh_webp_3","考研备考攻略,考研规划,考研上岸经验,考研政治,政治,考研初试,考研复习,考研经验分享,考研时间安排,准研究生必上岸",1765035584597,https://www.xiaohongshu.com/explore/692ecd08000000000d03c5cc?xsec_token=ABll_kChCPSFkh7eUsvYyJwNrDayMqlGERoD5vbU8144c=&xsec_source=pc_search,研究生考试,ABll_kChCPSFkh7eUsvYyJwNrDayMqlGERoD5vbU8144c=
691c0b4700000000190240fe,normal,研究生考试必带物品清单,"[氛围感R] 更新补充说明：
1. 关于户口本：因为贴主是往届生考研，而且本科入学的时候迁了集体户口同时换了身份证，毕业后户口迁回原籍，但身份证还没有到期，所以存在身份证上的地址还是本科学校的情况，为了谨慎起见就一并携带了户口本，方便证明自己的户口所在地符合报考点的要求，但实际上也没有用到。
2. 关于手表：看到有uu说当地报考点不让带手表，的确可能有这样的要求，所以一定要以报考点的官方通知为准。如果带了，在进考场前也和监考老师确认一下自己带的手表能不能带进考场。
————————————
整理备忘录发现，正好是去年的今天，整理的考试必带物品清单，给有需要的uu做参考（帖主考的是文科类，理工科可能还需要其他东西）。
㊗️ 一切顺利，得偿所愿 [红色心形R][红色心形R]
#研究生考试[话题]# #考研[话题]# #考试必备物品[话题]#",,1763445575000,1763719163000,5c3c28cf000000000603c9c5,一号驾驶员,https://sns-avatar-qc.xhscdn.com/avatar/1040g2jo31a7ojitc7c005n1s537hnie5ostae20,1923,1427,62,181,天津,http://sns-webpic-qc.xhscdn.com/202512062344/5290f2b7aab7c7992f1aaa53aa99802a/spectrum/1040g34o31p12dfg4i4f05n1s537hnie53ir4od8!nd_dft_wlteh_webp_3,"研究生考试,考研,考试必备物品",1765035918091,https://www.xiaohongshu.com/explore/691c0b4700000000190240fe?xsec_token=ABuHaZz662bj0PxHtum05EAMJuAuexIwJfHh7YUDFPqbQ=&xsec_source=pc_search,研究生考试,ABuHaZz662bj0PxHtum05EAMJuAuexIwJfHh7YUDFPqbQ=
68a2eb89000000001b03df43,normal,考研英语很水的，没有方向抄我的（上岸版）,"普通家庭，普通二本，应届生备考，平时学校有实习要忙，所以前期备考也是断断续续的。
	
去年8月份才开始备考，很幸运能一次考过(总分412，英一79)，再也不用苦苦煎熬了!
	
一开始我是跟着网课刷一刷题，发现效率实在太差了！期间也有上网看大佬们的经验贴，看人家用了什么资料和方法，及时调整，后来模考英语成绩后来也稳定在70十，所以说真的不能一股劲去啃书，合理运用资料方法才能事半功倍，给大家总结了一下的经验，希望姐妹们别走弯路!
.
除了经验分享，我还把我去年英语逆袭70过线的刷题技巧和背诵材料都甩给你们~：
📒单词：
✔《314法速记5500单词》
视频讲解+速记口诀
✔《26考研易混淆单词500组》
✔《16天记住7000词》
✔《考研英语历年真题态度词汇总》
✔《考研英语2200核芯高频词》
📒阅读：
✔《考研阅读直题答率秒选绝招》
视频讲解+速记口诀
✔《56条阅读规律》
✔《经典长难句66句》
✔《考研英语易混淆单词500组》
📒完形：
✔《完形蒙题大法》
✔《考研英语838个要命词组》
📒翻译：
✔《翻译必背150词》
✔《考研英译汉做题技巧》
✔《翻译245个常考词组》
📒作文：
✔《20套作文W能模版》
✔《考研英语写作例句+100词》
PDF版🉑保存🉑打印
仅提供资料咨询服务
﻿#考研备考攻略[话题]#﻿ ﻿#26考研[话题]#﻿ ﻿#考研英语[话题]#﻿ ﻿#考研规划[话题]#﻿ ﻿#考研上岸经验[话题]#﻿ ﻿#准研究生必上岸[话题]#﻿ ﻿#考研规划[话题]#﻿ ﻿#考研复习[话题]#﻿ ﻿#考研过来人的避坑法则[话题]#﻿",,1755507593000,1755507594000,64df1da9000000000100d97b,艺艺学姐好学喵（教育咨询）,https://sns-avatar-qc.xhscdn.com/avatar/66bc7e0ced78f10001e9cabb.jpg,1905,1251,545,76,,"http://sns-webpic-qc.xhscdn.com/202512062344/7f26a80829e9b7adea6356ff86993511/spectrum/1040g0k031lapdhr84q105p6v3mkg9mbr31knmt0!nd_dft_wlteh_webp_3,http://sns-webpic-qc.xhscdn.com/202512062344/bf8f24490c98dded82e564f88372464e/spectrum/1040g0k031lapdhr84q205p6v3mkg9mbr6tesf30!nd_dft_wlteh_webp_3,http://sns-webpic-qc.xhscdn.com/202512062344/395dfbe64d5ecc9702e0c03173a35590/spectrum/1040g0k031lapdhr84q505p6v3mkg9mbrpbec5s8!nd_dft_wlteh_webp_3,http://sns-webpic-qc.xhscdn.com/202512062344/335a7c1b8113dfb744b8714b86fc81cf/spectrum/1040g0k031lapdhr84q0g5p6v3mkg9mbrtj8g05g!nd_dft_wlteh_webp_3,http://sns-webpic-qc.xhscdn.com/202512062344/1935b4ae58639dc692c1e16404e3d1b6/spectrum/1040g0k031lapdhr84q1g5p6v3mkg9mbrdmsufio!nd_dft_wlteh_webp_3,http://sns-webpic-qc.xhscdn.com/202512062344/d2c3adbf5708e21aaca5ff7caa0ad686/spectrum/1040g0k031lapdhr84q2g5p6v3mkg9mbri5nrrng!nd_dft_wlteh_webp_3,http://sns-webpic-qc.xhscdn.com/202512062344/7f30e35c95ed866c88c9fbe3a4d1c511/spectrum/1040g0k031lapdhr84q305p6v3mkg9mbribd5phg!nd_dft_wlteh_webp_3,http://sns-webpic-qc.xhscdn.com/202512062344/f568daf49da52f28360f691261f6828b/spectrum/1040g0k031lapdhr84q3g5p6v3mkg9mbrjik5lr8!nd_dft_wlteh_webp_3,http://sns-webpic-qc.xhscdn.com/202512062344/69e03a0f11b1b4922b2d325f66b338e8/spectrum/1040g0k031lapdhr84q405p6v3mkg9mbr5jcu2eg!nd_dft_wlteh_webp_3,http://sns-webpic-qc.xhscdn.com/202512062344/b67fedbb063ca252d48f002b202ebee6/spectrum/1040g0k031lapdhr84q005p6v3mkg9mbr42adr10!nd_dft_wlteh_webp_3,http://sns-webpic-qc.xhscdn.com/202512062344/d8b80b73a33e4dad774d578330cad993/spectrum/1040g0k031lapdhr84q4g5p6v3mkg9mbrb903eeo!nd_dft_wlteh_webp_3","考研备考攻略,26考研,考研英语,考研规划,考研上岸经验,准研究生必上岸,考研规划,考研复习,考研过来人的避坑法则",1765035918094,https://www.xiaohongshu.com/explore/68a2eb89000000001b03df43?xsec_token=AB3fRV_JL_jKZdCSyhDKp7dK_AVDcd1eaLLcXBg77YHiQ=&xsec_source=pc_search,研究生考试,AB3fRV_JL_jKZdCSyhDKp7dK_AVDcd1eaLLcXBg77YHiQ=
68f75b1a0000000003023a66,normal,不算泄题吧！26考研政治压题已出，直接背,#考研[话题]# #考研人[话题]# #考研党[话题]# #考研政治[话题]# #考研数学[话题]# #考研英语[话题]# #考研规划[话题]# #研究生考试[话题]# #考研初试[话题]# #二本考研[话题]#,,1761041178000,1761041178000,68d765400000000021019858,吣可阁,https://sns-avatar-qc.xhscdn.com/avatar/68dc8aa0e719c20001eb4694.jpg,1828,1552,412,243,,"http://sns-webpic-qc.xhscdn.com/202512062344/01f8bb32a0716b1b9e50c71bda5806e2/1040g2sg31nt8070mmgrg5q6ncl08b62o3qc2dl8!nd_dft_wlteh_webp_3,http://sns-webpic-qc.xhscdn.com/202512062344/d020ba916e4a8896da472c1f475a35e9/1040g2sg31nt8070mmgqg5q6ncl08b62o99fegj8!nd_dft_wlteh_webp_3,http://sns-webpic-qc.xhscdn.com/202512062344/3eba41239e89199015260d326a777218/1040g2sg31nt8070mmgo05q6ncl08b62osqhenbo!nd_dft_wlteh_webp_3,http://sns-webpic-qc.xhscdn.com/202512062344/c54cebcfce343d81d2c751d26219feb2/1040g2sg31nt8070mmgl05q6ncl08b62or9mblf8!nd_dft_wlteh_webp_3,http://sns-webpic-qc.xhscdn.com/202512062344/90ce8a709ef4b648f289c3f8b1c42e6c/1040g2sg31nt8070mmgp05q6ncl08b62oe83ukig!nd_dft_wlteh_webp_3,http://sns-webpic-qc.xhscdn.com/202512062344/69ccb5cb3f39120a1faa0fb076b324a6/1040g2sg31nt8070mmgr05q6ncl08b62oad3uf3g!nd_dft_wlteh_webp_3,http://sns-webpic-qc.xhscdn.com/202512062344/458ee02eadb0c1bc84132df8bc6a515a/1040g2sg31nt8070mmglg5q6ncl08b62o0l86vgo!nd_dft_wlteh_webp_3,http://sns-webpic-qc.xhscdn.com/202512062344/bb66c89dd5b5d05e450a507a9bf655de/1040g2sg31nt8070mmgpg5q6ncl08b62o5stq6ko!nd_dft_wlteh_webp_3,http://sns-webpic-qc.xhscdn.com/202512062344/58849830e6a373379e7de5b6fe98264a/1040g2sg31nt8070mmgmg5q6ncl08b62oini2or0!nd_dft_wlteh_webp_3,http://sns-webpic-qc.xhscdn.com/202512062344/e6f1479ca69f21e7a2c5ca884a0428ec/1040g2sg31nt8070mmgng5q6ncl08b62or076hh0!nd_dft_wlteh_webp_3,http://sns-webpic-qc.xhscdn.com/202512062344/c28a93f9e4dd98cc2aa2861a6ab435f2/1040g2sg31nt8070mmgn05q6ncl08b62ovou6ob8!nd_dft_wlteh_webp_3,http://sns-webpic-qc.xhscdn.com/202512062344/1da4bde32c43e7cd1a5428d58116677a/1040g2sg31nt8070mmgog5q6ncl08b62om6ab76g!nd_dft_wlteh_webp_3,http://sns-webpic-qc.xhscdn.com/202512062344/4bd8f6571c3be78eff576d341a939cb7/1040g2sg31nt8070mmgm05q6ncl08b62oqstp8v0!nd_dft_wlteh_webp_3,http://sns-webpic-qc.xhscdn.com/202512062344/2aa733d68de47c1d8658e6f35f37a5a2/1040g2sg31nt8070mmgq05q6ncl08b62o8smubeg!nd_dft_wlteh_webp_3","考研,考研人,考研党,考研政治,考研数学,考研英语,考研规划,研究生考试,考研初试,二本考研",1765035918097,https://www.xiaohongshu.com/explore/68f75b1a0000000003023a66?xsec_token=AByRbujH1uLFSaXZzSZapZXbX9pCbDMGbe8sgedups8v4=&xsec_source=pc_search,研究生考试,AByRbujH1uLFSaXZzSZapZXbX9pCbDMGbe8sgedups8v4=
690758a80000000005038f3a,normal,26考研政治，去年压的挺准，看看今年咋样,#考研[话题]# #考研人[话题]# #研究生考试[话题]# #考研党[话题]# #考研初试[话题]# #考研备考攻略[话题]# #二本考研[话题]# #考研打卡[话题]# #考研上岸经验[话题]# #考研政治[话题]#,,1762089128000,1762089128000,68a5a757000000001901f775,海棠听风a,https://sns-avatar-qc.xhscdn.com/avatar/1040g2jo31lrkt3ibl85g5q55ktbmbtrlslv5cf8,1759,1513,687,245,,"http://sns-webpic-qc.xhscdn.com/202512062344/a122e53192c09f876b01b9c8826dc682/1040g00831ocrp23q6mk05q55ktbmbtrlgfvf130!nd_dft_wlteh_webp_3,http://sns-webpic-qc.xhscdn.com/202512062344/e2cf10e47ab151516efa280a0ba72378/1040g00831ocrp23q6mg05q55ktbmbtrlarl9fs0!nd_dft_wlteh_webp_3,http://sns-webpic-qc.xhscdn.com/202512062344/06a8051a00622f26597d98f019a872fc/1040g00831ocrp23q6mjg5q55ktbmbtrl7cful3g!nd_dft_wlteh_webp_3,http://sns-webpic-qc.xhscdn.com/202512062344/f56d0b47835ee9a69ca46fbfce36965b/1040g00831ocrp23q6mhg5q55ktbmbtrlcoplfq8!nd_dft_wlteh_webp_3,http://sns-webpic-qc.xhscdn.com/202512062344/f20f709708979149b1c73e03f0f9df53/1040g00831ocrp23q6mgg5q55ktbmbtrlbp43988!nd_dft_wlteh_webp_3,http://sns-webpic-qc.xhscdn.com/202512062344/baf99fb3e7b10771dc983f2ad09d0f20/1040g00831ocrp23q6me05q55ktbmbtrl6bbnb58!nd_dft_wlteh_webp_3,http://sns-webpic-qc.xhscdn.com/202512062344/5f740c4c395468c7c7bef5cc0a2c13e2/1040g00831ocrp23q6mh05q55ktbmbtrlqps9nl0!nd_dft_wlteh_webp_3,http://sns-webpic-qc.xhscdn.com/202512062344/903f412f2eb6e6153b46734fb341aacd/1040g00831ocrp23q6mkg5q55ktbmbtrlkc5o9pg!nd_dft_wlteh_webp_3,http://sns-webpic-qc.xhscdn.com/202512062344/48ec896f92226705f01ec17b94888a11/1040g00831ocrp23q6mj05q55ktbmbtrl7vv8j50!nd_dft_wlteh_webp_3,http://sns-webpic-qc.xhscdn.com/202512062344/167d8e70fa38ba20069de8622eadf598/1040g00831ocrp23q6mig5q55ktbmbtrlgggcgeg!nd_dft_wlteh_webp_3,http://sns-webpic-qc.xhscdn.com/202512062344/c9088376de38a29fbac3a37ed3633214/1040g00831ocrp23q6mi05q55ktbmbtrl6n0rntg!nd_dft_wlteh_webp_3","考研,考研人,研究生考试,考研党,考研初试,考研备考攻略,二本考研,考研打卡,考研上岸经验,考研政治",1765035918100,https://www.xiaohongshu.com/explore/690758a80000000005038f3a?xsec_token=ABJ3RHwNBqi2ZjleDPNZqaNVYaa1GK30TR8HSKeOzywoU=&xsec_source=pc_search,研究生考试,ABJ3RHwNBqi2ZjleDPNZqaNVYaa1GK30TR8HSKeOzywoU=
6764388b00000000140252c4,video,考研最后时刻“极限瞎编”超级模版！！！,#考研[话题]# #艺术生[话题]##考研打卡[话题]##艺术考研[话题]# #视觉传达设计考研[话题]# #25考研[话题]# #考研倒计时[话题]# #考研自习室[话题]# #考研上岸经验[话题]##考研er精神状态大赏[话题]#,http://sns-video-bd.xhscdn.com/pre_post/1040g2t031bji2gjhg8705n69o0q48rueoq8rj50,1734621323000,1734621324000,5cc9c0340000000011006fce,充哥崛起,https://sns-avatar-qc.xhscdn.com/avatar/1040g2jo312mps2q9hm005n69o0q48ruepkbefbo,1720,954,81,225,,http://sns-webpic-qc.xhscdn.com/202512062344/3f7899a377462a38dfc49b46608569b4/1040g2sg31bji4mq80c705n69o0q48rue6von618!nd_dft_wlteh_webp_3,"考研,艺术生,考研打卡,艺术考研,视觉传达设计考研,25考研,考研倒计时,考研自习室,考研上岸经验,考研er精神状态大赏",1765035918103,https://www.xiaohongshu.com/explore/6764388b00000000140252c4?xsec_token=ABZQorruWgw6UwBgDxoH8MOKqLcMpKQiyTCFy67gMqpHk=&xsec_source=pc_search,研究生考试,ABZQorruWgw6UwBgDxoH8MOKqLcMpKQiyTCFy67gMqpHk=
68f485cd000000000700030a,normal,"不算泄题吧！26考研数学压题已出,直接背",#26考研[话题]# #26考研数学[话题]# #考研数学压题密卷[话题]# #考研资料[话题]# #考研加油[话题]# #考研数二[话题]# #考研留给先有准备的人[话题]# #考研备考攻略[话题]# #考研复习[话题]# #研究生考试[话题]#,,1760855501000,1760855502000,6618deb10000000003032e3c,薇棉宛,https://sns-avatar-qc.xhscdn.com/avatar/6721da126418370001cf9a32.jpg,1697,1656,477,204,,"http://sns-webpic-qc.xhscdn.com/202512062344/8610de5c7c8bb3bd176cceb6263a10e4/1040g2sg31nqfid9e4q6g5pgorqogubhs8r72118!nd_dft_wlteh_webp_3,http://sns-webpic-qc.xhscdn.com/202512062344/6edf023eace78fc1ef2b8d9610289158/1040g2sg31nqfid9e4q505pgorqogubhsnq9ss8o!nd_dft_wlteh_webp_3,http://sns-webpic-qc.xhscdn.com/202512062344/0d4057be3eca903cf7cf177eda7d99f1/1040g2sg31nqfid9e4q4g5pgorqogubhslolhfb0!nd_dft_wlteh_webp_3,http://sns-webpic-qc.xhscdn.com/202512062344/945453a0b39039ae25556bf177ed562f/1040g2sg31nqfid9e4q405pgorqogubhspd1pr7o!nd_dft_wlteh_webp_3,http://sns-webpic-qc.xhscdn.com/202512062344/52202a995b839d0870be35a2543084e7/1040g2sg31nqfid9e4q3g5pgorqogubhsnqrq0qg!nd_dft_wlteh_webp_3,http://sns-webpic-qc.xhscdn.com/202512062344/255575fd39dc8e1f294015f94fc29b58/1040g2sg31nqfid9e4q305pgorqogubhspfehid0!nd_dft_wlteh_webp_3,http://sns-webpic-qc.xhscdn.com/202512062344/ac61c3bbe70eaa22dfd15bd9aac81fee/1040g2sg31nqfid9e4q205pgorqogubhstgbmn10!nd_dft_wlteh_webp_3,http://sns-webpic-qc.xhscdn.com/202512062344/25c901db83fbd667a31d0ce2d40d3b85/1040g2sg31nqfid9e4q0g5pgorqogubhs913f7fo!nd_dft_wlteh_webp_3,http://sns-webpic-qc.xhscdn.com/202512062344/d4df8cdf742bc392e7667a9086930819/1040g2sg31nqfid9e4q1g5pgorqogubhsaqipkbg!nd_dft_wlteh_webp_3,http://sns-webpic-qc.xhscdn.com/202512062344/72835569af8196260ae3314baf69f0f9/1040g2sg31nqfid9e4q5g5pgorqogubhsr2l4ki8!nd_dft_wlteh_webp_3,http://sns-webpic-qc.xhscdn.com/202512062344/cb89e59331677e5aa96a37dcfa994263/1040g2sg31nqfid9e4q105pgorqogubhsad2204o!nd_dft_wlteh_webp_3,http://sns-webpic-qc.xhscdn.com/202512062344/8c9413949d2b7f13b9c8c2db5a2b6f9a/1040g2sg31nqfid9e4q005pgorqogubhscgmb2ug!nd_dft_wlteh_webp_3,http://sns-webpic-qc.xhscdn.com/202512062344/e50a379fbc4ef0b9dd832054abcaa69b/1040g2sg31nqfid9e4q605pgorqogubhsig48mbg!nd_dft_wlteh_webp_3,http://sns-webpic-qc.xhscdn.com/202512062344/67f3bab647ae4634e372d8221fab42f4/1040g2sg31nqfid9e4q2g5pgorqogubhs65clv50!nd_dft_wlteh_webp_3","26考研,26考研数学,考研数学压题密卷,考研资料,考研加油,考研数二,考研留给先有准备的人,考研备考攻略,考研复习,研究生考试",1765035918106,https://www.xiaohongshu.com/explore/68f485cd000000000700030a?xsec_token=ABTs_UdnvIKKbSLSbfclcFEhTlHkrzypNJSeL18wrdTLM=&xsec_source=pc_search,研究生考试,ABTs_UdnvIKKbSLSbfclcFEhTlHkrzypNJSeL18wrdTLM=
68e79a1b000000000702342f,video,各位准研究生,尽早缴费，抢占座位！#26考研[话题]# #27考研[话题]# #考研[话题]# #考研留给先准备的[话题]# #研究生考试[话题]# #考研择校[话题]# #考研加油[话题]# #考研过来人的避坑法则[话题]#,http://sns-video-bd.xhscdn.com/pre_post/1040g2t031ndrp9t1l0e05ojrg938d7rj0mj5d9o,1760008731000,1760008732000,627b82460000000021029f73,我的考研王老师爱喝咖啡版,https://sns-avatar-qc.xhscdn.com/avatar/1040g2jo31nv7h5ikku005ojrg938d7rj9uv502g,1671,869,86,317,,http://sns-webpic-qc.xhscdn.com/202512062344/703e2417e1ac4fefaa7800c1767d8d1d/1040g00831ndrp9t2520g5ojrg938d7rjei0feu0!nd_dft_wlteh_webp_3,"26考研,27考研,考研,考研留给先准备的,研究生考试,考研择校,考研加油,考研过来人的避坑法则",1765035918109,https://www.xiaohongshu.com/explore/68e79a1b000000000702342f?xsec_token=AB6xh2mX7kIbFnhGWeA_4ShDILoheKvu9gOBa32FhW9oA=&xsec_source=pc_search,研究生考试,AB6xh2mX7kIbFnhGWeA_4ShDILoheKvu9gOBa32FhW9oA=
691852e1000000000401180e,normal,提醒一下，12.20考研政治范围已出，快背！,#考研政治[话题]# #考研[话题]# #考研人[话题]# #考研党[话题]# #考研规划[话题]# #考研经验[话题]# #研究生考试[话题]# #考研备考攻略[话题]# #考研初试[话题]# #政治[话题]#,,1763201761000,1763201762000,68a2c4db0000000019018045,桃夭夭之,https://sns-avatar-qc.xhscdn.com/avatar/68a92461f9732500013d12ff.jpg,1655,1532,66,216,山西,"http://sns-webpic-qc.xhscdn.com/202512062344/c0c8a6354d3d25ab648b640a4c4a4630/notes_pre_post/1040g3k831otebi851kdg5q52ojdmb025446mhhg!nd_dft_wlteh_webp_3,http://sns-webpic-qc.xhscdn.com/202512062344/b56c29e054e25099482f17cd27d3124e/notes_pre_post/1040g3k831otebi9mho9g5q52ojdmb025ut457ho!nd_dft_wlteh_webp_3,http://sns-webpic-qc.xhscdn.com/202512062344/d17711f1226cc36735216ed744f549c9/notes_pre_post/1040g3k831otebi9mhoa05q52ojdmb025r28bgmo!nd_dft_wlteh_webp_3,http://sns-webpic-qc.xhscdn.com/202512062344/ef80cbba27f1aeae9d33d89e3cdfc118/notes_pre_post/1040g3k831otebi9mhoc05q52ojdmb025gvqn598!nd_dft_wlteh_webp_3,http://sns-webpic-qc.xhscdn.com/202512062344/c2f77dfa4a41e45af83023a86ecfacdd/notes_pre_post/1040g3k831otebi9mho7g5q52ojdmb0256fnqac8!nd_dft_wlteh_webp_3,http://sns-webpic-qc.xhscdn.com/202512062344/13c07434c278e0bd2b6900c4e4ba273f/notes_pre_post/1040g3k831otebi9mhob05q52ojdmb025nekaahg!nd_dft_wlteh_webp_3,http://sns-webpic-qc.xhscdn.com/202512062344/513cdc24ad224e8f8c96ba332af8ff63/notes_pre_post/1040g3k831otebi9mhodg5q52ojdmb025kul4mlo!nd_dft_wlteh_webp_3,http://sns-webpic-qc.xhscdn.com/202512062344/cf92f4b916fd1be2bf65ccc2f84b648b/notes_pre_post/1040g3k831otebi9mhod05q52ojdmb025bg3mm00!nd_dft_wlteh_webp_3,http://sns-webpic-qc.xhscdn.com/202512062344/66dd58d81084963a7300317b47fabf75/notes_pre_post/1040g3k831otebi851kd05q52ojdmb0251d9ubgg!nd_dft_wlteh_webp_3","考研政治,考研,考研人,考研党,考研规划,考研经验,研究生考试,考研备考攻略,考研初试,政治",1765035918112,https://www.xiaohongshu.com/explore/691852e1000000000401180e?xsec_token=ABmI26G2EpGsQQaXoXooaYRSt4LAYFycIL3yI9pyuUhek=&xsec_source=pc_search,研究生考试,ABmI26G2EpGsQQaXoXooaYRSt4LAYFycIL3yI9pyuUhek=
68d6d0e7000000001301976b,normal,巨累，但可以85天极限考研上岸（保400分）,#考研规划[话题]# #考研备考攻略[话题]# #26考研[话题]# #极限考研[话题]# #加油吧考研人[话题]# #考研时间安排[话题]# #考研倒计时[话题]# #考研上岸经验[话题]# #考研加油[话题]# #考研经验分享[话题]#,,1758908647000,1758908647000,68ad5b70000000001a02735e,月倾浅,https://sns-avatar-qc.xhscdn.com/avatar/87afe09f-6c57-324f-8198-678fcda4100a,1586,1454,185,115,,"http://sns-webpic-qc.xhscdn.com/202512062344/f0995e1fe6a0c0e31de20bb535f73b75/notes_pre_post/1040g3k031mtf7p63lm505q5dbdo6ksqubo8vnjg!nd_dft_wlteh_webp_3,http://sns-webpic-qc.xhscdn.com/202512062344/63db9a004393c590e1c8e0f248335073/notes_pre_post/1040g3k031mtf7p6dl83g5q5dbdo6ksqu35510k8!nd_dft_wlteh_webp_3,http://sns-webpic-qc.xhscdn.com/202512062344/e40baff0dbf7eedec43773f4c71640c0/notes_pre_post/1040g3k031mtf7p6h6m605q5dbdo6ksqu5dec6i8!nd_dft_wlteh_webp_3,http://sns-webpic-qc.xhscdn.com/202512062344/4dba9e93f658d6cbc645f226e7c22c2f/notes_pre_post/1040g3k831mtf7pg858dg5q5dbdo6ksqubfdp8ro!nd_dft_wlteh_webp_3,http://sns-webpic-qc.xhscdn.com/202512062344/d1a3f4ea0e22da69534bdcc8eed2b17b/notes_pre_post/1040g3k831mtf7pg06md05q5dbdo6ksquo21nht8!nd_dft_wlteh_webp_3,http://sns-webpic-qc.xhscdn.com/202512062344/608a86168cfb41dc83713bb1725c9017/notes_pre_post/1040g3k831mtf7pfu6gb05q5dbdo6ksquq2us838!nd_dft_wlteh_webp_3,http://sns-webpic-qc.xhscdn.com/202512062344/63f76a29305b0c4a42b11d026f0e93c2/notes_pre_post/1040g3k831mtf7pem5ibg5q5dbdo6ksqubuah228!nd_dft_wlteh_webp_3,http://sns-webpic-qc.xhscdn.com/202512062344/e22b68f172573ec335500f4009a3b033/notes_pre_post/1040g3k831mtf7peb6g105q5dbdo6ksquefdvnt0!nd_dft_wlteh_webp_3,http://sns-webpic-qc.xhscdn.com/202512062344/f7e708a28cf29a0d0e0c5d30d0716de5/notes_pre_post/1040g3k831mtf7ped5mdg5q5dbdo6ksqu3pgr53o!nd_dft_wlteh_webp_3,http://sns-webpic-qc.xhscdn.com/202512062344/026959c109f65b70ffdb97359de33341/notes_pre_post/1040g3k831mtf7pe5586g5q5dbdo6ksqucpjvv58!nd_dft_wlteh_webp_3,http://sns-webpic-qc.xhscdn.com/202512062344/654ada03afc932bd2a38d18dc5cca7e5/notes_pre_post/1040g3k831mtf7pdo58dg5q5dbdo6ksqugqnandg!nd_dft_wlteh_webp_3,http://sns-webpic-qc.xhscdn.com/202512062344/7777d01411a18339dbe50cb2153f9ad3/notes_pre_post/1040g3k031mtf7pcgmm6g5q5dbdo6ksqu7r9tr40!nd_dft_wlteh_webp_3,http://sns-webpic-qc.xhscdn.com/202512062344/a71d55289fea7d4de858813d8f0d0a32/notes_pre_post/1040g3k831mtf7pbi58d05q5dbdo6ksqup4cahag!nd_dft_wlteh_webp_3,http://sns-webpic-qc.xhscdn.com/202512062344/765c585734e3c540f841b93bc08d17bc/notes_pre_post/1040g3k031mtf7p6e5i6g5q5dbdo6ksquqr4hpr8!nd_dft_wlteh_webp_3,http://sns-webpic-qc.xhscdn.com/202512062344/b804f1c81a3442a6636e6afa29477064/notes_pre_post/1040g3k831mtf7p6c6g605q5dbdo6ksqu6jpskd0!nd_dft_wlteh_webp_3,http://sns-webpic-qc.xhscdn.com/202512062344/49a99296723eca546d7ae6932b24eb82/notes_pre_post/1040g3k831mtf7p6b6mdg5q5dbdo6ksquvkt9258!nd_dft_wlteh_webp_3,http://sns-webpic-qc.xhscdn.com/202512062344/4605e6946cafc2bee51b622c207c076d/notes_pre_post/1040g3k031mtf7p6dl8605q5dbdo6ksqu10rk2og!nd_dft_wlteh_webp_3","考研规划,考研备考攻略,26考研,极限考研,加油吧考研人,考研时间安排,考研倒计时,考研上岸经验,考研加油,考研经验分享",1765035918116,https://www.xiaohongshu.com/explore/68d6d0e7000000001301976b?xsec_token=ABEaJ6Jl74Y3Wy3gVFPoOc6QxbeqEArp7oGevKRftA3o0=&xsec_source=pc_search,研究生考试,ABEaJ6Jl74Y3Wy3gVFPoOc6QxbeqEArp7oGevKRftA3o0=
67c7056a000000000903b90e,video,考研三年很负责任的告诉大家：复试真的看脸,#考研复试[话题]# #研究生考试[话题]# #复试调剂[话题]# #考研出分[话题]# #考研上岸经验[话题]# #二战考研[话题]#,http://sns-video-bd.xhscdn.com/pre_post/1040g0cg31ek1jbba0ue05o5majfo4pe5u6rv7jo,1741096298000,1741096299000,60b654df00000000200265c5,艺术跨考大晶晶,https://sns-avatar-qc.xhscdn.com/avatar/62a198c1e668e64e70c506ed.jpg,1581,697,51,82,,http://sns-webpic-qc.xhscdn.com/202512062344/ace803791dedcd50ccd85ff634c2f38f/1040g00831ek0mia5100g5oilkjg8d8bgmvo0rv0!nd_dft_wlteh_webp_3,"考研复试,研究生考试,复试调剂,考研出分,考研上岸经验,二战考研",1765035918122,https://www.xiaohongshu.com/explore/67c7056a000000000903b90e?xsec_token=AB2XrtnZkaBAcTqIFxHBDcjwigoo4kXIyLk1TePuknNqI=&xsec_source=pc_search,研究生考试,AB2XrtnZkaBAcTqIFxHBDcjwigoo4kXIyLk1TePuknNqI=
6921ef70000000000d00dd68,normal,提醒一下，考研政治12.20预测，熬夜背,#考研备考攻略[话题]# #考研规划[话题]# #考研经验分享[话题]# #考研政治[话题]# #考研过来人的避坑法则[话题]# #考研上岸经验[话题]# #考研初试[话题]# #考研复习[话题]# #考研时间安排[话题]# #准研究生必上岸[话题]# #考研加油[话题]# #考研英语[话题]# #考研笔记[话题]# #研究生考试[话题]# #考研资料分享[话题]# #考研是留给有准备的人[话题]# #极限考研[话题]# #考研背书[话题]# #考研人[话题]# #马理论考研[话题]# #考研留给先有准备的人[话题]# #马克思主义基本原理[话题]#,,1763831664000,1763831664000,68307399000000000e011ec9,聆春雪,https://sns-avatar-qc.xhscdn.com/avatar/1040g2jo31ldd4056lidg5q1geecji7m9of9te7o,1490,1243,345,154,江西,"http://sns-webpic-qc.xhscdn.com/202512062344/7f7c4dcac3ba554f82584daa38f7e538/notes_pre_post/1040g3k031p6qn2842u6g5q1geecji7m9nhan9m0!nd_dft_wlteh_webp_3,http://sns-webpic-qc.xhscdn.com/202512062344/a0b8c855cd0ff9175c823629f491d225/notes_pre_post/1040g3k031p6qn2fbis6g5q1geecji7m902l2v08!nd_dft_wlteh_webp_3,http://sns-webpic-qc.xhscdn.com/202512062344/91b5dbee62f8a7b8529dc929eef97e8c/notes_pre_post/1040g3k031p6qn2fb2s6g5q1geecji7m958qr118!nd_dft_wlteh_webp_3,http://sns-webpic-qc.xhscdn.com/202512062344/f504f3cf170b57b17baf14b2497136af/notes_pre_post/1040g3k031p6qn2f82g605q1geecji7m997s53g8!nd_dft_wlteh_webp_3,http://sns-webpic-qc.xhscdn.com/202512062344/4bad55837c4242123e0f613e1f87c771/notes_pre_post/1040g3k031p6qn2883c605q1geecji7m9tp0sm60!nd_dft_wlteh_webp_3,http://sns-webpic-qc.xhscdn.com/202512062344/6882305070a2b40d5b65490a170d61b9/notes_pre_post/1040g3k831p6qn2euis6g5q1geecji7m9agj0of0!nd_dft_wlteh_webp_3,http://sns-webpic-qc.xhscdn.com/202512062344/bafbef7d887add9e3e075ea8ceff83ec/notes_pre_post/1040g3k031p6qn2ah3c6g5q1geecji7m9m3f2fp0!nd_dft_wlteh_webp_3,http://sns-webpic-qc.xhscdn.com/202512062344/1643d264c1b2d09e6df7aacda560958f/notes_pre_post/1040g3k031p6qn28mjc505q1geecji7m95ob8h0o!nd_dft_wlteh_webp_3,http://sns-webpic-qc.xhscdn.com/202512062344/d87904a8891853b7fc9649a6134222cd/notes_pre_post/1040g3k031p6qn2892o6g5q1geecji7m9cbb81n8!nd_dft_wlteh_webp_3,http://sns-webpic-qc.xhscdn.com/202512062344/631e6ee858bea4cd06de942d52df92cc/notes_pre_post/1040g3k031p6qn288ig5g5q1geecji7m9g0l19q8!nd_dft_wlteh_webp_3","考研备考攻略,考研规划,考研经验分享,考研政治,考研过来人的避坑法则,考研上岸经验,考研初试,考研复习,考研时间安排,准研究生必上岸,考研加油,考研英语,考研笔记,研究生考试,考研资料分享,考研是留给有准备的人,极限考研,考研背书,考研人,马理论考研,考研留给先有准备的人,马克思主义基本原理",1765035918129,https://www.xiaohongshu.com/explore/6921ef70000000000d00dd68?xsec_token=ABK_vj_HyMCctf0Q6I11ykYMkLYlI-rThOje9W6hmq-hs=&xsec_source=pc_search,研究生考试,ABK_vj_HyMCctf0Q6I11ykYMkLYlI-rThOje9W6hmq-hs=
692515f6000000001e030646,normal,放心玩，考研数学就这几百题，直接背吧,#数学一[话题]##数一[话题]# #考研经验分享[话题]##考研规划[话题]#  #考研备考攻略[话题]# #26考研[话题]##考研数学一[话题]# #考研复习[话题]#  #考研过来人的避坑法则[话题]# #考研初试[话题]##考研数学[话题]# #研究生考试[话题]##考研上岸经验[话题]##准研究生必上岸[话题]# #考研笔记[话题]#,,1764038134000,1764062258000,68a1a9510000000019020d20,西瓜小熊猫,https://sns-avatar-qc.xhscdn.com/avatar/4cb11280-2bd5-3b32-80f3-bc3f2b830283,1438,1419,1025,272,海南,"http://sns-webpic-qc.xhscdn.com/202512062344/80b7029e7f3d1d2a176f1c1c6b8ced9e/1040g00831p9t4006io205q51l58mc390t8na9r8!nd_dft_wlteh_webp_3,http://sns-webpic-qc.xhscdn.com/202512062344/a0f91f8c15e73cee029585f66ec484a2/1040g00831p9t4006io0g5q51l58mc390h2jq1h0!nd_dft_wlteh_webp_3,http://sns-webpic-qc.xhscdn.com/202512062344/6956e47bb54c7fc2062fa6797cc7af07/1040g00831pa58ukkjc2g5q51l58mc390g74b4qo!nd_dft_wlteh_webp_3,http://sns-webpic-qc.xhscdn.com/202512062344/af708397b9a51e65cfffa034f6916540/1040g00831p9t4006io105q51l58mc390rb5qg2g!nd_dft_wlteh_webp_3,http://sns-webpic-qc.xhscdn.com/202512062344/6c67dfa09bc9e75b93ce91d39fcad227/1040g00831p9t4006io1g5q51l58mc390peb3t0o!nd_dft_wlteh_webp_3","数学一,数一,考研经验分享,考研规划,考研备考攻略,26考研,考研数学一,考研复习,考研过来人的避坑法则,考研初试,考研数学,研究生考试,考研上岸经验,准研究生必上岸,考研笔记",1765035918132,https://www.xiaohongshu.com/explore/692515f6000000001e030646?xsec_token=ABBFpdTrEgyOSi8Lg36zJrdDYEJK-57vPHWsh8irYfAak=&xsec_source=pc_search,研究生考试,ABBFpdTrEgyOSi8Lg36zJrdDYEJK-57vPHWsh8irYfAak=
67ae12e7000000002903a891,normal,考研成绩倒计时，发个我的给大家助兴！,去年的管综成绩189，我相信看到帖子的宝子们管综都能考到180+！170+也行！快来接我的运气吧#考研加油[话题]# #考研出分[话题]# #准研究生必上岸[话题]# #考研初试[话题]#,,1739461351000,1749433725000,5ac99fad11be1030822ca69a,管综陈晨小站,https://sns-avatar-qc.xhscdn.com/avatar/1040g2jo31drjsec0g8004a4c5ffqr9kq1fiicm8,1375,361,317,122,,"http://sns-webpic-qc.xhscdn.com/202512062344/30d427ca4f5ef5166605107ff33c1cc2/1040g00831ifo9765ns3g4a4c5ffqr9kq7g0l930!nd_dft_wlteh_webp_3,http://sns-webpic-qc.xhscdn.com/202512062344/d7374872a861ed17dfa915b1e037a592/1040g00831ifo9765ns404a4c5ffqr9kqf8ifh6g!nd_dft_wgth_webp_3","考研加油,考研出分,准研究生必上岸,考研初试",1765035918138,https://www.xiaohongshu.com/explore/67ae12e7000000002903a891?xsec_token=ABy27fAKSwudunjjSeN4VzyEQZ8z-VYuk07jTUWOCCvV8=&xsec_source=pc_search,研究生考试,ABy27fAKSwudunjjSeN4VzyEQZ8z-VYuk07jTUWOCCvV8=
691decf3000000001e0352dc,normal,12.20日26考研，玩呗！反正重复率89%,#考研备考攻略[话题]# #考研规划[话题]# #考研上岸经验[话题]# #考研政治[话题]# #政治[话题]# #考研初试[话题]# #考研复习[话题]# #考研经验分享[话题]# #考研时间安排[话题]# #准研究生必上岸[话题]#,,1763568883000,1763568883000,61f3caa70000000010009aab,山月栖,https://sns-avatar-qc.xhscdn.com/avatar/e3f4408e-dbf0-379d-9fd8-c47b850061eb,1307,1272,454,152,江西,"http://sns-webpic-qc.xhscdn.com/202512062344/ac50ab1b04378b1a1f67ffc135be2203/1040g2sg31p2dindmj2dg5ofjpajk16lb1fa1fog!nd_dft_wlteh_webp_3,http://sns-webpic-qc.xhscdn.com/202512062344/3b4df6af0eff59a3e2d2236f5df1bb21/1040g00831p2tdde3io005ofjpajk16lbvjoein8!nd_dft_wlteh_webp_3,http://sns-webpic-qc.xhscdn.com/202512062344/132d7275ee00b8d1c84bd259d74f68a8/1040g00831p2tdd92iu005ofjpajk16lbanrucs8!nd_dft_wlteh_webp_3,http://sns-webpic-qc.xhscdn.com/202512062344/cbdf1704ebdb7464bf79f0346d6b1342/1040g00831p2tdd4fio005ofjpajk16lbbgld2lo!nd_dft_wlteh_webp_3,http://sns-webpic-qc.xhscdn.com/202512062344/494577d6ba133bc5bb7a5efb441f0a38/1040g00831p2tdd01is005ofjpajk16lbtqrc308!nd_dft_wlteh_webp_3,http://sns-webpic-qc.xhscdn.com/202512062344/60587075bb78bca8a03099d513cb9cba/1040g00831p2tdcr2ig005ofjpajk16lba8lv0n8!nd_dft_wlteh_webp_3,http://sns-webpic-qc.xhscdn.com/202512062344/270185fb9072d3f7825b34cbf9ad0154/1040g00831p2tdcldio005ofjpajk16lbcn3bkag!nd_dft_wlteh_webp_3,http://sns-webpic-qc.xhscdn.com/202512062344/4b0a31f51c76c045b223481ec884e1a5/1040g00831p2tdcg62o005ofjpajk16lbup4ckuo!nd_dft_wlteh_webp_3,http://sns-webpic-qc.xhscdn.com/202512062344/8c395ed1a7e6e94b381d9249df12ecce/1040g00831p2tdc8aj2005ofjpajk16lbnl00rd0!nd_dft_wlteh_webp_3,http://sns-webpic-qc.xhscdn.com/202512062344/9af0a1509ad0644a3447619909f6d3b8/1040g00831p2tdbte2u005ofjpajk16lbkmd8k10!nd_dft_wlteh_webp_3","考研备考攻略,考研规划,考研上岸经验,考研政治,政治,考研初试,考研复习,考研经验分享,考研时间安排,准研究生必上岸",1765035918141,https://www.xiaohongshu.com/explore/691decf3000000001e0352dc?xsec_token=AB19r4q9t2nJNN21bUIKZXEUQrvq4WV7Ot_N-uYuCmVV0=&xsec_source=pc_search,研究生考试,AB19r4q9t2nJNN21bUIKZXEUQrvq4WV7Ot_N-uYuCmVV0=
67653b38000000001300a72c,normal,明天要考试啦～,"很多粉丝宝宝都是要考研哒！考前的心态调整非常重要，很多宝宝说自己有紧张的情绪，并且现在背不进去书，我想说这些都是非常正常的。但是做到考场上我们就要尽自己最大的能力，用最大的精力把试卷写完！现在遇到烦心事的宝宝先把烦恼抛在一边，这两天的任务就是专注试卷，把卷子写完🥰
注意检查文具，贴好条形码，听考场老师指挥！
相信宝宝们一定都有好运加持🤗🤗🤗🤗",,1734687544000,1734687544000,636ca6340000000024015bba,低调的珍珠,https://sns-avatar-qc.xhscdn.com/avatar/1040g2jo3106gm2v4606g5orckoq92mtqnb3jvag,1226,195,62,59,,"http://sns-webpic-qc.xhscdn.com/202512062344/c8932224ec812e3ec5802bbb5ac6e155/1040g2sg31bkhn3vc12705orckoq92mtqgkfcu90!nd_dft_wlteh_webp_3,http://sns-webpic-qc.xhscdn.com/202512062344/0138f0d5eadf4d61cae84637754ef7e1/1040g2sg31bkhn3vc127g5orckoq92mtqjhq4vgg!nd_dft_wlteh_webp_3",,1765035918144,https://www.xiaohongshu.com/explore/67653b38000000001300a72c?xsec_token=ABLV1dA8TvkXehzg9Mr1mNJ4mXsf0sasAuzfwC9M8R32w=&xsec_source=pc_search,研究生考试,ABLV1dA8TvkXehzg9Mr1mNJ4mXsf0sasAuzfwC9M8R32w=
6910aeec000000000400665d,normal,11月10日，考研觉得来不及的参考下去年的我,#考研备考攻略[话题]# #考研规划[话题]# #考研上岸经验[话题]# #考研政治[话题]# #政治[话题]# #考研初试[话题]# #考研复习[话题]# #考研经验分享[话题]# #考研时间安排[话题]# #准研究生必上岸[话题]# #考研英语[话题]# #考研加油[话题]# #研究生考试[话题]# #考研笔记[话题]# #考研过来人的避坑法则[话题]# #26考研[话题]# #时政热点[话题]#,,1762701036000,1762701037000,67230800000000001d02cf65,云中岄a,https://sns-avatar-qc.xhscdn.com/avatar/672891540dd65500017cd3f1.jpg,1215,959,131,92,广东,"http://sns-webpic-qc.xhscdn.com/202512062345/060c814d09a7e4b424eb83acd340dee7/1040g2sg31olvi1ps066g5pp31007djr5p4oiab0!nd_dft_wlteh_webp_3,http://sns-webpic-qc.xhscdn.com/202512062345/966a730173babe0687154132334e2c3a/1040g2sg31olvi1ps064g5pp31007djr5kssv8tg!nd_dft_wlteh_webp_3,http://sns-webpic-qc.xhscdn.com/202512062345/0830e59f3e50bdbaa84f3ea5ce6fdf8b/1040g2sg31olvi1ps06105pp31007djr5vnpagr0!nd_dft_wlteh_webp_3,http://sns-webpic-qc.xhscdn.com/202512062345/90e682eaaa5d1534e6f69dc2dc3a9003/1040g2sg31olvi1ps06405pp31007djr56gfgtuo!nd_dft_wlteh_webp_3,http://sns-webpic-qc.xhscdn.com/202512062345/840b409fce277db33735c607ad6b4df5/1040g2sg31olvi1ps06505pp31007djr5fbrjbm8!nd_dft_wlteh_webp_3,http://sns-webpic-qc.xhscdn.com/202512062345/8a75a2c924b725b1b814bf7f9263a17b/1040g2sg31olvj44t58005pp31007djr5kp6ct38!nd_dft_wlteh_webp_3,http://sns-webpic-qc.xhscdn.com/202512062345/d1c5f0e7cab6191d517eac0630159091/1040g2sg31olvj41b58005pp31007djr5v1tm408!nd_dft_wlteh_webp_3,http://sns-webpic-qc.xhscdn.com/202512062345/1664b64258389529a84f3e0c2d3a6d67/1040g2sg31olvj3u9g6005pp31007djr5rei5ni8!nd_dft_wlteh_webp_3,http://sns-webpic-qc.xhscdn.com/202512062345/fe042823bb4d7cd7d70bb4b5ed0d08f4/1040g2sg31olvj3qo0g005pp31007djr5p44bpp8!nd_dft_wlteh_webp_3,http://sns-webpic-qc.xhscdn.com/202512062345/6c4d8f99c6ab93f81286566e46ce7457/1040g2sg31olvj3o4mgs05pp31007djr5kev5vug!nd_dft_wlteh_webp_3,http://sns-webpic-qc.xhscdn.com/202512062345/cfe6c69f4a6444b5b0431fc82e650530/1040g2sg31olvj3lm58005pp31007djr5bonge78!nd_dft_wlteh_webp_3,http://sns-webpic-qc.xhscdn.com/202512062345/b28d5a9cad193bebdffe262c35a9fb71/1040g2sg31olvj3j20g005pp31007djr5634rbgg!nd_dft_wlteh_webp_3,http://sns-webpic-qc.xhscdn.com/202512062345/59c44de1c9791d283f0220996bcd7190/1040g2sg31olvj3gg06005pp31007djr5ulslmr8!nd_dft_wlteh_webp_3,http://sns-webpic-qc.xhscdn.com/202512062345/a3e26de128b5bf910895fb51fac2cc50/1040g2sg31olvj3e66g005pp31007djr5amhcopo!nd_dft_wlteh_webp_3,http://sns-webpic-qc.xhscdn.com/202512062345/f61c653084cefcf485d6e5d3f8e4bf85/1040g2sg31olvi1ps06605pp31007djr5a29339o!nd_dft_wlteh_webp_3","考研备考攻略,考研规划,考研上岸经验,考研政治,政治,考研初试,考研复习,考研经验分享,考研时间安排,准研究生必上岸,考研英语,考研加油,研究生考试,考研笔记,考研过来人的避坑法则,26考研,时政热点",1765035918148,https://www.xiaohongshu.com/explore/6910aeec000000000400665d?xsec_token=ABifh3JVwvoT2cxNhABHpllKcYVZAejOTZ6ZeLyzPqgL4=&xsec_source=pc_search,研究生考试,ABifh3JVwvoT2cxNhABHpllKcYVZAejOTZ6ZeLyzPqgL4=
692a7b7f000000001f0054a0,normal,管综199新通知，有点心疼12月的考生,#mba[话题]# #管综[话题]# #管理类联考[话题]# #管综数学[话题]# #199管综[话题]# #管综199联考[话题]# #199管综数学[话题]# #管综199写作[话题]# #199管综考研[话题]# #管综逻辑[话题]#,,1764391807000,1764824882000,6259524d000000001000a183,米米Sunday,https://sns-avatar-qc.xhscdn.com/avatar/1040g2jo31p4ufdq62s005oipa96k18c3m3au19g,1172,1149,91,120,辽宁,"http://sns-webpic-qc.xhscdn.com/202512062345/72b2664542fc0caa060bd96dc7eb2617/1040g00831pefrefiio0g5oipa96k18c3jbdthig!nd_dft_wlteh_webp_3,http://sns-webpic-qc.xhscdn.com/202512062345/be3d81a835e22c9e1a992a78b11cb330/1040g00831pefrefiio005oipa96k18c397cqom0!nd_dft_wlteh_webp_3,http://sns-webpic-qc.xhscdn.com/202512062345/301fe649fa8e2434a2e4aa0c93cedf09/1040g00831pefrefiio105oipa96k18c3moc8ang!nd_dft_wlteh_webp_3,http://sns-webpic-qc.xhscdn.com/202512062345/72d4406624c6f527d09d21886d849bfb/1040g00831pefrefiio1g5oipa96k18c3qa4ohfo!nd_dft_wlteh_webp_3,http://sns-webpic-qc.xhscdn.com/202512062345/d3cbb7deb60d0de279ea3ff5cf013610/1040g00831pefrefiio205oipa96k18c3gm8h9pg!nd_dft_wlteh_webp_3,http://sns-webpic-qc.xhscdn.com/202512062345/d07f08a1cae6716c5d8dc5f9e308664b/1040g00831pefrefiio2g5oipa96k18c3isl5rc8!nd_dft_wlteh_webp_3,http://sns-webpic-qc.xhscdn.com/202512062345/d47944b996cebf9b0277188862eeb331/1040g00831pefrefiio3g5oipa96k18c3l006jl8!nd_dft_wlteh_webp_3,http://sns-webpic-qc.xhscdn.com/202512062345/d5e06245c1024f21153baa778855bc25/1040g00831pefrefiio305oipa96k18c360pbnv0!nd_dft_wlteh_webp_3,http://sns-webpic-qc.xhscdn.com/202512062345/58aa251cb2497cf0c7163dc2855fa94e/1040g00831pefrefiio405oipa96k18c34i0uqlg!nd_dft_wlteh_webp_3","mba,管综,管理类联考,管综数学,199管综,管综199联考,199管综数学,管综199写作,199管综考研,管综逻辑",1765035918151,https://www.xiaohongshu.com/explore/692a7b7f000000001f0054a0?xsec_token=AB3VztolZ29Oh7d3s2NCJc6lJ99WZhdAj9JmaQ4Kud7YA=&xsec_source=pc_search,研究生考试,AB3VztolZ29Oh7d3s2NCJc6lJ99WZhdAj9JmaQ4Kud7YA=
68d631090000000011016401,normal,2026考研时间定了，12月20初试,"1️⃣初试时间
2025年12月20日至21日
12月20日上午8:30—11:30	思想政治理论或管理类综合能力
12月20日下午14:00—17:00	外国语
12月21日上午8:30—11:30	业务课（一）或专业基础综合
12月21日下午14:00开始	业务课（二）
	
2️⃣网上报名时间
2025年10月16日至10月27日
每日9:00—22:00
	
3️⃣网上预报名时间
2025年10月10日至10月13日
每日9:00—22:00
	
#考研时间[话题]# #考研时间节点[话题]# #MBA辅导班[话题]# #MBA培训[话题]# #MBA备考[话题]# #MBA辅导[话题]#",,1758867721000,1758867722000,5eeb2d2f0000000001000f88,众凯教育培训,https://sns-avatar-qc.xhscdn.com/avatar/68cb806643bfea0001f5048b.jpg,1176,559,22,133,,http://sns-webpic-qc.xhscdn.com/202512062345/8685f0945d78399d5edd0f31a1f397bf/notes_pre_post/1040g3k831msrig8d6g005nnb5kng83s8ju1ir50!nd_dft_wlteh_webp_3,"考研时间,考研时间节点,MBA辅导班,MBA培训,MBA备考,MBA辅导",1765035918154,https://www.xiaohongshu.com/explore/68d631090000000011016401?xsec_token=ABEaJ6Jl74Y3Wy3gVFPoOc6UjfhniqlSbkTdrcva2l_PE=&xsec_source=pc_search,研究生考试,ABEaJ6Jl74Y3Wy3gVFPoOc6UjfhniqlSbkTdrcva2l_PE=
69214eb6000000000d03f6d5,normal,她弃考了…,"临考前我听到了一声抽泣。那呜呜声断断续续，像是有什么纱布被力气不足的人费劲的撕开，或长或短，或持续或静默，我心里也涌现出一丝凄凉和悲切，不管发生什么，请你振作一些…
	
我一直在猜测，你到底身上发生了什么，是学习太崩溃了，还是身边发生了什么事…
	
直到那哭声停止，待到归来之时，已看到一堆学习成果被无声地丢在了垃圾桶旁边，我心里仿佛有一块巨石压住了，感受到的只是无尽的悲凉和无奈，好希望你能继续回来，坚持到最后…
	
我不想将两事结合起来，可是上午十点的哭泣，和下午一点我发现弃掉的书本，我就知道两者或有关联…也希望是我多想了。#被考试支配的恐惧[话题]# #考研[话题]# #很担心考研人的精神状态[话题]# #考试考试[话题]# #考前精神状态[话题]# #考研人[话题]# #考研人精神[话题]#",,1763790518000,1763790944000,640f2563000000002a009182,怀孕の果酱,https://sns-avatar-qc.xhscdn.com/avatar/1040g2jo31je0njvi2o505p0f4lhqh4c2n391l5g,1150,109,347,80,北京,http://sns-webpic-qc.xhscdn.com/202512062345/905a48de86eeebd53d1c1b4960700e0f/notes_pre_post/1040g3k031p66ra8kis6g5p0f4lhqh4c29peuheo!nd_dft_wlteh_webp_3,"被考试支配的恐惧,考研,很担心考研人的精神状态,考试考试,考前精神状态,考研人,考研人精神",1765035918157,https://www.xiaohongshu.com/explore/69214eb6000000000d03f6d5?xsec_token=ABK_vj_HyMCctf0Q6I11ykYNZWmBQy2ack7IZCaNM2BFU=&xsec_source=pc_search,研究生考试,ABK_vj_HyMCctf0Q6I11ykYNZWmBQy2ack7IZCaNM2BFU=
6764d84c000000001402030b,normal,道阻且长，行则将至,"#准考证[话题]# #逢考必过[话题]# #人生处处是考场[话题]# #研究生考试[话题]# #祝愿美好一切如愿而至[话题]# #向前走就对了[话题]# #放弃很容易但坚持一定很酷[话题]# #奔向更好的自己[话题]# #考研穿搭[话题]##穿搭[话题]#
	
备考过程不仅只关乎于学习的能力
更为煎熬的是后期情绪和心态是否稳定
	
无数次质疑又坚定不移的揉碎重塑
一定会升级成为2.0版本的自己
	
能坚持到最后的宝子们都已经很棒啦~
最后一天，加油奥利给！！[派对R]",,1734662220000,1734662394000,5c6ba945000000001003bf0f,胡挽挽,https://sns-avatar-qc.xhscdn.com/avatar/1040g2jo31mf531c952005n3bl52k7fofafk3rh8,1142,242,43,34,,"http://sns-webpic-qc.xhscdn.com/202512062345/f47752d0c616d46168de917d94263cd8/1040g00831bk5knegh60g5n3bl52k7fofl114v6g!nd_dft_wlteh_webp_3,http://sns-webpic-qc.xhscdn.com/202512062345/b110605632347b171483a9afc0c691fc/1040g00831bk5knegh6105n3bl52k7fof5jt1sa0!nd_dft_wlteh_webp_3","准考证,逢考必过,人生处处是考场,研究生考试,祝愿美好一切如愿而至,向前走就对了,放弃很容易但坚持一定很酷,奔向更好的自己,考研穿搭,穿搭",1765035918161,https://www.xiaohongshu.com/explore/6764d84c000000001402030b?xsec_token=ABZQorruWgw6UwBgDxoH8MOJZ7nadb0KSCwFEiEiW6rK8=&xsec_source=pc_search,研究生考试,ABZQorruWgw6UwBgDxoH8MOJZ7nadb0KSCwFEiEiW6rK8=
6929f0b7000000000d03ece0,normal,提醒一下，12.20考研政治预测，熬夜背,#考研备考攻略[话题]# #考研规划[话题]# #考研经验分享[话题]# #考研政治[话题]# #专业课背诵[话题]# #考研上岸经验[话题]# #考研初试[话题]# #考研复习[话题]# #准研究生必上岸[话题]# #考研笔记[话题]# #考研时间安排[话题]# #考研加油[话题]# #考研过来人的避坑法则[话题]# #考研英语[话题]# #研究生考试[话题]# #考研资料分享[话题]# #考研是留给有准备的人[话题]# #极限考研[话题]# #考研背书[话题]# #马理论考研[话题]# #考研人[话题]# #考研留给先有准备的人[话题]# #考研留给先准备的[话题]# #马克思主义基本原理[话题]# #考研网课[话题]#,,1764356279000,1764356279000,68307399000000000e011ec9,聆春雪,https://sns-avatar-qc.xhscdn.com/avatar/1040g2jo31ldd4056lidg5q1geecji7m9of9te7o,1113,1007,425,95,江西,"http://sns-webpic-qc.xhscdn.com/202512062349/4efa332f25a8954a5556b0e663d8b9f3/notes_pre_post/1040g3k831pekhtii2s6g5q1geecji7m9blvtf80!nd_dft_wlteh_webp_3,http://sns-webpic-qc.xhscdn.com/202512062349/2acfd5090aa33a1d04fa4991f4a8a8b3/notes_pre_post/1040g3k831pekhtii2s505q1geecji7m9duhc9ng!nd_dft_wlteh_webp_3,http://sns-webpic-qc.xhscdn.com/202512062349/34fec062d564a0f99b3d165db3288fe7/notes_pre_post/1040g3k831pekhtii2s0g5q1geecji7m9gnvd1jo!nd_dft_wlteh_webp_3,http://sns-webpic-qc.xhscdn.com/202512062349/761968a609fecf762dccd309f371b2b0/notes_pre_post/1040g3k831pekhtii2s105q1geecji7m9381ka78!nd_dft_wlteh_webp_3,http://sns-webpic-qc.xhscdn.com/202512062349/2d925be72ac08c9ea877effe4c28b8bc/notes_pre_post/1040g3k831pekhtii2s205q1geecji7m9b4ungg8!nd_dft_wlteh_webp_3,http://sns-webpic-qc.xhscdn.com/202512062349/98a5c3e42ac04466af034a79b7be47f4/notes_pre_post/1040g3k831pekhtii2s5g5q1geecji7m9nlecjso!nd_dft_wlteh_webp_3,http://sns-webpic-qc.xhscdn.com/202512062349/19ef80e274647137e1ea132ebec0742d/notes_pre_post/1040g3k831pekhtii2s2g5q1geecji7m9n4k6ojg!nd_dft_wlteh_webp_3,http://sns-webpic-qc.xhscdn.com/202512062349/274e7a3060b75a75a8e642b27d47e64e/notes_pre_post/1040g3k831pekhtii2s305q1geecji7m932nplng!nd_dft_wlteh_webp_3,http://sns-webpic-qc.xhscdn.com/202512062349/f71bd2e87d67b045c22416a9abe878b6/notes_pre_post/1040g3k831pekhtii2s3g5q1geecji7m99l94g9o!nd_dft_wlteh_webp_3,http://sns-webpic-qc.xhscdn.com/202512062349/9c8d96200989967a4cc2ca694ea08710/notes_pre_post/1040g3k831pekhtii2s405q1geecji7m9ij4ajio!nd_dft_wlteh_webp_3","考研备考攻略,考研规划,考研经验分享,考研政治,专业课背诵,考研上岸经验,考研初试,考研复习,准研究生必上岸,考研笔记,考研时间安排,考研加油,考研过来人的避坑法则,考研英语,研究生考试,考研资料分享,考研是留给有准备的人,极限考研,考研背书,马理论考研,考研人,考研留给先有准备的人,考研留给先准备的,马克思主义基本原理,考研网课",1765036251443,https://www.xiaohongshu.com/explore/6929f0b7000000000d03ece0?xsec_token=ABaY3SbIb3HkJpjitPATEutzQ6m6_T6Cr0l4lBTTvZXwA=&xsec_source=pc_search,研究生考试,ABaY3SbIb3HkJpjitPATEutzQ6m6_T6Cr0l4lBTTvZXwA=
684d4d3100000000230038bf,normal,研究生会有早八和期末考试嘛？,研究生会有早八和期末考试嘛？,,1749896497000,1749896498000,6566e25e000000003c01c916,ұлан🧿,https://sns-avatar-qc.xhscdn.com/avatar/1040g2jo31lihbh8fks605pb6s9ff3i8mianivdo,1064,224,617,178,,http://sns-webpic-qc.xhscdn.com/202512062349/4635cecbbde15f8760bd311189ff436d/1040g2sg31in5tad60skg5pb6s9ff3i8mf48p8a0!nd_dft_wlteh_webp_3,,1765036251447,https://www.xiaohongshu.com/explore/684d4d3100000000230038bf?xsec_token=ABXiAcNdd09msAOPaW1r_ng9sF2Rp6M-k2xLx_j1ttYB0=&xsec_source=pc_search,研究生考试,ABXiAcNdd09msAOPaW1r_ng9sF2Rp6M-k2xLx_j1ttYB0=
69297032000000001d03fbba,normal,十二月考研  要提前准备好这些‼️,"考研人到了12月真的会很焦虑，我也是过来人，这个时候不要多想，静下心做好每天要做的事情就好✅列了一些这个月要做的事情，按照时间线完成：
1️⃣12月1-4日：专业课模拟考试，留出一下午的时间去计时模拟考试，找做题的感觉
2️⃣12月5-7日：英语23年模考（抽出一下午14:00-17:00计时）
3️⃣12月8-13日：预计肖四到手，一拿到就开始疯狂背！一天背一套，每天背5-6小时。
4⃣️12月9-10日：提前订考研酒店！千万别拖！
5️⃣12月15-16日：打印准考证，
6️⃣12月11-13日：英语24年模考
7️⃣12月17-18日：英语25年模考
8️⃣12月19日：收拾好行李出发去酒店
	
⚠️考前注意：
1⃣️考研准考证可以打印2-3份，以防丢失！电子版准备到手机里备用！上考场前记得反复检查有没有带好“三证”：准考证、身份证、学生证
2⃣️肖四特别特别特别重要！！每一套都要背，给肖四背诵留足充分时间
4️⃣过来人经验，考场那个笔杆子有点硬用久了手指硌的疼，可以用绷带缠在了手上。尤其是考写字很多的那种科目多准备一些。
5️⃣考场很冷!!!怕冷可以贴暖宝宝在身上！！一定要穿暖和且柔软舒适的衣物✅可以准备些巧克力 、压缩饼干，考试费体力！
6️⃣提前预定考研酒店！！尤其是那些没抢到本校考点的同学🧑‍🎓！睡的好不好直接影响第二天心情和状态，别做“等等党”！考研酒店的预订一定要趁早！好的酒店早就被其他人抢完啦，还可能面临无房可订的情况！
✅位置为王：选择酒店时，
一定要考虑它的位置，最好离考点近一些，一方面是很安心，不用担心路上堵车等交通问题影响考试，另一方面就是可以多休息会，离得近可以好好睡个午觉‼️
✅环境至上：不要定过于便宜的酒店，不要临街的，一定要挑一个环境好的，隔音好的，一个安静、整洁的房间，可以休息的更好，不会被打扰！
✅智行助力：可以用智行火车票APP来订酒店！针对考研人，还有新升级的提前抢房工具和住小宝考研版。在考研期间，为用户提供“考生模式”，帮助考生挑到更好的酒店，记得在智行许愿考分抽盲盒领优惠券哦！在打印准考证当天还能抽取盲盒，里面有最高100元的酒店立减券！
	
#考研[话题]# #考研订房上智行[话题]# #智行酒店[话题]# #考研酒店[话题]# #智行旅行[话题]##26考研[话题]##26考研人[话题]# #26考研冲刺[话题]#",,1764332237000,1764340986000,5b3cf6eb4eacab1eb746bb0e,西木栗,https://sns-avatar-qc.xhscdn.com/avatar/5eb417ff69311f0001c89a96.jpg,1066,674,6,90,浙江,"http://sns-webpic-qc.xhscdn.com/202512062349/91908d01d4344d5e81466a7dfbf8ae3d/notes_pre_post/1040g3k031pedg503i6004a6r9mreneoe7sdaje0!nd_dft_wlteh_webp_3,http://sns-webpic-qc.xhscdn.com/202512062349/9a1ed54bb6938d510d84d71af8258376/1040g00831pe4tdfgjk0g4a6r9mreneoe1tvkb6g!nd_dft_wlteh_webp_3,http://sns-webpic-qc.xhscdn.com/202512062349/7a5535d3a48d19fcddd099fbc8fb3d9f/1040g00831pe4tdfgjk104a6r9mreneoe1j8i2j0!nd_dft_wlteh_webp_3,http://sns-webpic-qc.xhscdn.com/202512062349/93b602426c8e3f5678eae539c0298b22/1040g00831pe4tdfgjk1g4a6r9mreneoel4b6vmg!nd_dft_wlteh_webp_3,http://sns-webpic-qc.xhscdn.com/202512062349/7f637dec872445ef31cf42b97eaa6cf5/1040g00831pe4tdfgjk204a6r9mreneoe70nrlng!nd_dft_wlteh_webp_3","考研,考研订房上智行,智行酒店,考研酒店,智行旅行,26考研,26考研人,26考研冲刺",1765036251450,https://www.xiaohongshu.com/explore/69297032000000001d03fbba?xsec_token=ABaY3SbIb3HkJpjitPATEut5OWcGpVwpQsNB4eS8r0cwg=&xsec_source=pc_search,研究生考试,ABaY3SbIb3HkJpjitPATEut5OWcGpVwpQsNB4eS8r0cwg=
66d67c38000000001f03df48,normal,自媒体博主考研上岸211备考经验来啦,"🐽分数不高，刚好够用，分享一下我的备考经验，或许可以帮助到部分有需要的同学
1.备考用时
从23年10月12日-2023年12月23日，2个多月时间
2.备考所用资料
①管综
数学部分：听陈剑+朱曦
课本—《数学高分指南》，我只做了这一本，陈剑老师很适合数学不好的同学，讲的很细很慢，每一章节都跟着陈剑老师的思路走，章节题也刷完，学有余力或者追求更快做题速度的可以跟朱曦老师，做1000题。
逻辑部分：听赵鑫全+大熊老师+老吕+李焕
课本—《逻辑精点》、《李焕72技》、赵鑫全老师很适合打基础，讲的很细，跟着课做完《逻辑精点》，基本后期就不太用得着这本书啦，基础一定要打好。综合推理部分跟老吕，顺带做题，论证逻辑部分我是跟着李焕，个人觉得比其他老师讲的都更容易懂。
逻辑这一部分我基本只刷真题，综合推理会刷老吕的《综合推理400》。
写作部分：林斌（多背多写多练，积累素材，老师提供的素材背熟，考场可以直接用）
②英语
阅读：颉斌斌（他的做题技巧网上褒贬不一，我个人觉得很有用，多听多做题会在某一刻顿悟他的技巧，瞬间get到这个做法）
完形填空：我没听老师讲，基本放弃的状态（我认为这一部分可以半忽略，分值占比不大，每天拿出一点时间做做真题，看看解析就好）
翻译：没有听课，有时间也可以听听语法或者长难句分析（我没时间听就没听）
写作：石麻麻（哈哈哈讲课很可爱很搞笑，氛围很好），作文背石麻麻的模版，考试直接用上啦。
#考研经验分享[话题]# #考研备考攻略[话题]# #考研上岸经验[话题]# #管综[话题]# #管综数学[话题]# #管综逻辑[话题]# #英语二[话题]# #背单词[话题]# #考研初试[话题]# #考研上岸经验[话题]#",,1725332536000,1726759395000,5a1bb4804eacab252da41b06,七只猪,https://sns-avatar-qc.xhscdn.com/avatar/1040g2jo31o4mf85kmg0g49vu18q806o65emq0t0,1045,545,65,59,,"http://sns-webpic-qc.xhscdn.com/202512062349/69a6b9b15bd9cba18e3118d9b09f8042/1040g2sg31794t1so3u7049vu18q806o690qccd8!nd_dft_wlteh_webp_3,http://sns-webpic-qc.xhscdn.com/202512062349/8b020444d8b8427764a0a15a5d28be20/1040g2sg31794t1so3u7g49vu18q806o634k2qb0!nd_dft_wlteh_webp_3,http://sns-webpic-qc.xhscdn.com/202512062349/e01c89e671111d12727b90622c475d35/1040g2sg31794t1so3u8049vu18q806o6jk8i958!nd_dft_wlteh_webp_3,http://sns-webpic-qc.xhscdn.com/202512062349/828f7ea7b08e51280d44e827591b6f85/1040g2sg31794t1so3u8g49vu18q806o62dsldo8!nd_dft_wlteh_webp_3,http://sns-webpic-qc.xhscdn.com/202512062349/5a95a28b70cbdd875de6b581a3f0b8b0/1040g2sg31794t1so3u9049vu18q806o66gnrbig!nd_dft_wlteh_webp_3,http://sns-webpic-qc.xhscdn.com/202512062349/32c9bab5434183dbea42517467c025d3/1040g2sg31794t1so3u9g49vu18q806o6cf52j60!nd_dft_wlteh_webp_3,http://sns-webpic-qc.xhscdn.com/202512062349/fe560a08515db0cf95b13f6565272e9f/1040g2sg3179kgspq447049vu18q806o6h94823o!nd_dft_wlteh_webp_3,http://sns-webpic-qc.xhscdn.com/202512062349/b51e698b53a1178aa890e6afdc979ff7/1040g2sg3179kgspq447g49vu18q806o6taq4jjg!nd_dft_wlteh_webp_3,http://sns-webpic-qc.xhscdn.com/202512062349/79ead7e8902a31407f6a18c18ca85396/1040g2sg317ud967f3u7049vu18q806o613n1fd0!nd_dft_wlteh_webp_3","考研经验分享,考研备考攻略,考研上岸经验,管综,管综数学,管综逻辑,英语二,背单词,考研初试",1765036251453,https://www.xiaohongshu.com/explore/66d67c38000000001f03df48?xsec_token=ABGS-PkAxdG_hnBhcpo-vT9XAmVub9eUDNlgpa3ZXRkeI=&xsec_source=pc_search,研究生考试,ABGS-PkAxdG_hnBhcpo-vT9XAmVub9eUDNlgpa3ZXRkeI=
690dc2c60000000004014527,normal,小小老子考研数学一40天努力考了130+,"当时每天跟室友吐槽，数一好难，每天都在忽高忽低的正确率当中焦躁，一问室友她状态很好，数学备考稳扎稳打。当时我就有点焦虑了，去看了很多过来人的经验，发现还是要有自己的节奏，好在及时调整了状态考试没有拖后腿，想跟大家分享下我的一些经验
.
#考研数学[话题]##考研数学一[话题]##考研数学学习方法[话题]# #考研数学复习计划[话题]##学习经验[话题]##考研数学[话题]##考研[话题]##考研规划[话题]##26考研[话题]#",,1762509510000,1762509511000,67eddd56000000000e02f1bd,阿乐，,https://sns-avatar-qc.xhscdn.com/avatar/1040g2jo31gka3p7u3s6g5pvdrlb3lsdtg2c5rrg,1045,956,41,93,河南,"http://sns-webpic-qc.xhscdn.com/202512062349/6018d51c0760e81ddb8ab1c1783041f3/1040g00831oj486n2l86g5pvdrlb3lsdta159h3g!nd_dft_wlteh_webp_3,http://sns-webpic-qc.xhscdn.com/202512062349/27ffc2585fe7220d8dcf1a5659934730/1040g00831oj486n2l85g5pvdrlb3lsdt0hj0d40!nd_dft_wlteh_webp_3,http://sns-webpic-qc.xhscdn.com/202512062349/f93a6dc0b77de39d6ebf8ff6aafff9db/1040g00831oj486n2l81g5pvdrlb3lsdtv70t348!nd_dft_wlteh_webp_3,http://sns-webpic-qc.xhscdn.com/202512062349/712fa6ebd39e131fac8ade87205ee60a/1040g00831oj486n2l8605pvdrlb3lsdtvig1ijg!nd_dft_wlteh_webp_3,http://sns-webpic-qc.xhscdn.com/202512062349/924a6c0798baa30fba31a798d28e38f6/1040g00831oj486n2l84g5pvdrlb3lsdto5phtdo!nd_dft_wlteh_webp_3","考研数学,考研数学一,考研数学学习方法,考研数学复习计划,学习经验,考研,考研规划,26考研",1765036251456,https://www.xiaohongshu.com/explore/690dc2c60000000004014527?xsec_token=ABPKlmC-pJjsU1htLlAd5_TyQr9NyFqaT2W0aewxCYtvc=&xsec_source=pc_search,研究生考试,ABPKlmC-pJjsU1htLlAd5_TyQr9NyFqaT2W0aewxCYtvc=
69295181000000001e035e34,normal,教育学考研反正就这6套卷，熬夜背吧,#教育学考研[话题]##考研初试[话题]# #教育管理[话题]# #教育学333[话题]# #333教育学考研[话题]# #333教育学综合[话题]# #333教育学[话题]# #教育学333考研[话题]# #教育学原理[话题]# #教育综合[话题]#,,1764315521000,1764315522000,68a1a9510000000019020d20,西瓜小熊猫,https://sns-avatar-qc.xhscdn.com/avatar/4cb11280-2bd5-3b32-80f3-bc3f2b830283,1000,767,441,65,海南,"http://sns-webpic-qc.xhscdn.com/202512062350/0c7d0bb5f2f13c47fbba7486affbf9e5/1040g2sg31pdpph0r2gb05q51l58mc3907hv9mv8!nd_dft_wlteh_webp_3,http://sns-webpic-qc.xhscdn.com/202512062350/7a6620df9b480e5f49efbe533ee2b166/1040g2sg31pdpph0r2ga05q51l58mc390392j9e0!nd_dft_wlteh_webp_3,http://sns-webpic-qc.xhscdn.com/202512062350/547439a78cde815a15d80876e7a6ac23/1040g2sg31pdpph0r2g9g5q51l58mc390q612f98!nd_dft_wlteh_webp_3,http://sns-webpic-qc.xhscdn.com/202512062350/c3f8a2b34f74488cd7f1f4733fcf2e99/1040g2sg31pdpph0r2gag5q51l58mc3908p35u40!nd_dft_wlteh_webp_3","教育学考研,考研初试,教育管理,教育学333,333教育学考研,333教育学综合,333教育学,教育学333考研,教育学原理,教育综合",1765036251459,https://www.xiaohongshu.com/explore/69295181000000001e035e34?xsec_token=ABaY3SbIb3HkJpjitPATEut3EgBxZYuPAB_eNtXGvjoKI=&xsec_source=pc_search,研究生考试,ABaY3SbIb3HkJpjitPATEut3EgBxZYuPAB_eNtXGvjoKI=
689c3337000000001d0042e1,normal,26研究生考试会惩罚每个不看通知的人,#研究生考试[话题]# #26考研[话题]# #考研备考攻略[话题]# #考研英语[话题]# #考研英语复习[话题]# #考研过来人的避坑法则[话题]# #考研规划[话题]# #考研英语备考[话题]# #考研英语单词速背[话题]# #考研网课推荐[话题]#,,1755067191000,1755067191000,6618deb10000000003032e3c,薇棉宛,https://sns-avatar-qc.xhscdn.com/avatar/6721da126418370001cf9a32.jpg,967,947,71,335,,"http://sns-webpic-qc.xhscdn.com/202512062350/13fd52f481a4e9bbdb96e6bc8e31f489/1040g00831l47fckuig6g5pgorqogubhsbmmlsf8!nd_dft_wlteh_webp_3,http://sns-webpic-qc.xhscdn.com/202512062350/a51ac5ffb534cfd7405f415cb0b8d577/1040g00831l47fckuig605pgorqogubhsg392u2g!nd_dft_wlteh_webp_3,http://sns-webpic-qc.xhscdn.com/202512062350/360b711ba2595a3a8e0e48a2a9de5e7f/1040g00831l47fckuig5g5pgorqogubhsk5v043g!nd_dft_wlteh_webp_3,http://sns-webpic-qc.xhscdn.com/202512062350/0a10eaa0d7f1cc859f18d93611bee3d8/1040g00831l47fckuig705pgorqogubhs12m7lvg!nd_dft_wlteh_webp_3,http://sns-webpic-qc.xhscdn.com/202512062350/cebc78e991a81d269ca10e77519dea01/1040g00831l47fckuig205pgorqogubhsjkhb1t8!nd_dft_wlteh_webp_3,http://sns-webpic-qc.xhscdn.com/202512062350/ce32c5bb669b3b449c80f68be7404558/1040g00831l47fckuig505pgorqogubhsqnfjgo0!nd_dft_wlteh_webp_3,http://sns-webpic-qc.xhscdn.com/202512062350/21a351abd8c53c7e4c32856685475bb7/1040g00831l47fckuig2g5pgorqogubhsh0cbvn8!nd_dft_wlteh_webp_3,http://sns-webpic-qc.xhscdn.com/202512062350/0cc713b7b2b5780edcb0cb5834504de6/1040g00831l47fckuig3g5pgorqogubhsi8eetf0!nd_dft_wlteh_webp_3,http://sns-webpic-qc.xhscdn.com/202512062350/61115fd0b798a3a4a3ccf5a57946a03f/1040g00831l47fckuig1g5pgorqogubhspcr3nk8!nd_dft_wlteh_webp_3,http://sns-webpic-qc.xhscdn.com/202512062350/a17ea74e4ae055163655bb98cbc8b755/1040g00831l47fckuig305pgorqogubhsui6ojbg!nd_dft_wlteh_webp_3,http://sns-webpic-qc.xhscdn.com/202512062350/c209efe5313e219abc8245a9d63fe4eb/1040g00831l47fckuig405pgorqogubhsuck4cp8!nd_dft_wlteh_webp_3,http://sns-webpic-qc.xhscdn.com/202512062350/ef687469f0e04699d6b422934ba6fbca/1040g00831l47fckuig105pgorqogubhsrgn2e0g!nd_dft_wlteh_webp_3,http://sns-webpic-qc.xhscdn.com/202512062350/e8d43a7cd52ce85d29e1604218f0c476/1040g00831l47fckuig0g5pgorqogubhs5p0tfv0!nd_dft_wlteh_webp_3","研究生考试,26考研,考研备考攻略,考研英语,考研英语复习,考研过来人的避坑法则,考研规划,考研英语备考,考研英语单词速背,考研网课推荐",1765036251462,https://www.xiaohongshu.com/explore/689c3337000000001d0042e1?xsec_token=ABIWMXYaW6yljxT9F_igVqnyj9p3kHSMlZxUnrORoHDRc=&xsec_source=pc_search,研究生考试,ABIWMXYaW6yljxT9F_igVqnyj9p3kHSMlZxUnrORoHDRc=
690dfea50000000005002884,normal,给大家普及一下考研40天上岸的真实强度,"师兄说：现在已经上研究生两个多月啦，这两个多月过得超级充实，每天都能学到不少新知识，虽然偶尔会觉得累，但心里特别满足。这两个月里学习了很多专业课知识，参加了课题组聚餐，和师兄师姐聊的很开心，认识了很多新朋友，也结实了现在的对象，乐哉乐哉。偶尔会想起考研时每天埋头苦学的日子，不过这些都是我应得的!
还记得考研最后40天，我每天六点多就起床，随便洗漱一下就出门了。去食堂吃早饭的路上，耳机里放着腿姐的带背音频;吃早饭的时候，一只手还在刷单词。七点多就到
教学楼开始学习，一直学到晚上十一点才回宿舍。北方的天气很冷，每天就这样披星戴月地熬过来了。考完研才真正明白“走过的每一步都算数”这句话，付出多少，就会收获多少，没有人能随便成功，也没有什么付出是白费的。脚踏实地，一步一个脚印，成功自然会到来，这是我在考研过程中深刻领悟到的道理。#26考研[话题]# #考研上岸经验[话题]# #考研经验分享[话题]# #考研时间安排[话题]# #一战成硕[话题]# #考研复习[话题]# 考研上岸 #考研规划[话题]# #考研备考攻略[话题]# #极限考研[话题]# #考研[话题]# #考研初试[话题]# #考研过来人的避坑法则[话题]# #加油吧考研人[话题]#",,1762524837000,1762524837000,674dd44f000000001d02f28f,青岚烟,https://sns-avatar-qc.xhscdn.com/avatar/676ab7115b4f480001a60a33.jpg,965,590,109,62,广东,"http://sns-webpic-qc.xhscdn.com/202512062350/0491fa4db196fb7fe98e1b94c6b30124/1040g00831oikgte46m5g5pqdqh7ndskfqh216ao!nd_dft_wlteh_webp_3,http://sns-webpic-qc.xhscdn.com/202512062350/029b3a250e8748e0a8ea64a64db1de30/1040g00831oikgte46m505pqdqh7ndskfr2d9coo!nd_dft_wlteh_webp_3,http://sns-webpic-qc.xhscdn.com/202512062350/796b7230e83ed439da5771ef1fba7649/1040g00831oikgte46m305pqdqh7ndskf4lkufp8!nd_dft_wlteh_webp_3,http://sns-webpic-qc.xhscdn.com/202512062350/3d979f57066796ed243a3592bc4f29a5/1040g00831oikgte46m0g5pqdqh7ndskfap76fp0!nd_dft_wlteh_webp_3,http://sns-webpic-qc.xhscdn.com/202512062350/c9ee8e5f6231a63f2dd320092ed46777/1040g00831oikgte46m405pqdqh7ndskfo58hujo!nd_dft_wlteh_webp_3,http://sns-webpic-qc.xhscdn.com/202512062350/4fcfaa207dbb444d7829fd536ec899d6/1040g00831oikgte46m3g5pqdqh7ndskfr4enm50!nd_dft_wlteh_webp_3,http://sns-webpic-qc.xhscdn.com/202512062350/7e3b5585ed8664431711b3b9407a9c9e/1040g00831oikgte46m4g5pqdqh7ndskf4lv9rp8!nd_dft_wlteh_webp_3,http://sns-webpic-qc.xhscdn.com/202512062350/488abfbe726f72700cd1432c2f656e0d/1040g00831oikisti58005pqdqh7ndskfi574km8!nd_dft_wlteh_webp_3,http://sns-webpic-qc.xhscdn.com/202512062350/f9cc2dfb978513538a5a35522c9f3827/1040g00831oikisntmm005pqdqh7ndskfbhba32o!nd_dft_wlteh_webp_3,http://sns-webpic-qc.xhscdn.com/202512062350/ef735ab918c214159f7d7ad9c20e4081/1040g00831oikisjj58005pqdqh7ndskfba2p438!nd_dft_wlteh_webp_3,http://sns-webpic-qc.xhscdn.com/202512062350/576540a831684faac5db66bea9d8a2e5/1040g00831oikisevg6005pqdqh7ndskfbsfn3qg!nd_dft_wlteh_webp_3,http://sns-webpic-qc.xhscdn.com/202512062350/1739911d1b71580069d1371a6f0066f6/1040g00831oikisablm005pqdqh7ndskfv3i1uu8!nd_dft_wlteh_webp_3,http://sns-webpic-qc.xhscdn.com/202512062350/d2ca1b17a300b0ce529017258d3644ac/1040g00831oikis5pmg005pqdqh7ndskfoq24s8o!nd_dft_wlteh_webp_3","26考研,考研上岸经验,考研经验分享,考研时间安排,一战成硕,考研复习,考研规划,考研备考攻略,极限考研,考研,考研初试,考研过来人的避坑法则,加油吧考研人",1765036251465,https://www.xiaohongshu.com/explore/690dfea50000000005002884?xsec_token=ABPKlmC-pJjsU1htLlAd5_TzllFI02kE2-xJXn8QMyXE4=&xsec_source=pc_search,研究生考试,ABPKlmC-pJjsU1htLlAd5_TzllFI02kE2-xJXn8QMyXE4=
692119e5000000001e038a87,normal,这些题你都会吗？,#考研[话题]##腿姐[话题]# #极限考研[话题]# #考研党[话题]# #考研人[话题]##每日一题[话题]# #徐涛[话题]# #肖秀荣[话题]# #加油吧考研人[话题]# #政治[话题]#,,1763777350000,1763777350000,5e35b8f00000000001000378,粥粥学姐（求上岸版）,https://sns-avatar-qc.xhscdn.com/avatar/1040g2jo31p335bqi2o005nhln3o080rouidkr9g,969,360,34,52,湖北,"http://sns-webpic-qc.xhscdn.com/202512062350/c8480ba20a0a84bfe23a880676c197fb/notes_pre_post/1040g3k831p60ie3n2u7g5nhln3o080rojubi1lo!nd_dft_wgth_webp_3,http://sns-webpic-qc.xhscdn.com/202512062350/9c0b6c1f56a158efe45fe2b948dfc832/notes_pre_post/1040g3k831p60ie3n2u705nhln3o080ro99d2n08!nd_dft_wgth_webp_3,http://sns-webpic-qc.xhscdn.com/202512062350/5530c2667bc462a1bdc1a25bb70ed186/notes_pre_post/1040g3k831p60ie3n2u905nhln3o080ro0nclmno!nd_dft_wgth_webp_3,http://sns-webpic-qc.xhscdn.com/202512062350/f677140f322694e3c08a73d8b35a3071/notes_pre_post/1040g3k831p60ie3n2u805nhln3o080robfcq61g!nd_dft_wgth_webp_3,http://sns-webpic-qc.xhscdn.com/202512062350/b6ce7d19a8070d83f8bb44b7db6e877a/notes_pre_post/1040g3k831p60ie3n2ub05nhln3o080ro7d89a88!nd_dft_wgth_webp_3,http://sns-webpic-qc.xhscdn.com/202512062350/a5b97ae5ee249bebfb9410fe83fd5feb/notes_pre_post/1040g3k831p60ie3n2u8g5nhln3o080ro7lijv88!nd_dft_wgth_webp_3,http://sns-webpic-qc.xhscdn.com/202512062350/f6ffb96f0107ac36fb51d217c5c0e2be/notes_pre_post/1040g3k831p60ie3n2ubg5nhln3o080rorcbt3mo!nd_dft_wgth_webp_3,http://sns-webpic-qc.xhscdn.com/202512062350/bf8b546ff394b1f5e1bfd7e6f3ffdc73/notes_pre_post/1040g3k831p60ie3n2u9g5nhln3o080ro4trs578!nd_dft_wgth_webp_3,http://sns-webpic-qc.xhscdn.com/202512062350/aec3ca4aafd08ef5e8b602407375ccbc/notes_pre_post/1040g3k831p60ie3n2uag5nhln3o080ro72u0ddg!nd_dft_wgth_webp_3,http://sns-webpic-qc.xhscdn.com/202512062350/c964da8270c2d775f4df5a50660f2830/notes_pre_post/1040g3k831p60ie3n2ua05nhln3o080rovjs726o!nd_dft_wgth_webp_3","考研,腿姐,极限考研,考研党,考研人,每日一题,徐涛,肖秀荣,加油吧考研人,政治",1765036251468,https://www.xiaohongshu.com/explore/692119e5000000001e038a87?xsec_token=ABK_vj_HyMCctf0Q6I11ykYCzpAlElAUq5MMrb9cXDY90=&xsec_source=pc_search,研究生考试,ABK_vj_HyMCctf0Q6I11ykYCzpAlElAUq5MMrb9cXDY90=
692e7619000000001e0071d8,normal,都说考研英语压的准，这是今年新的！快背！,#26考研[话题]# #考研英语[话题]# #考研复习[话题]# #研究生考试[话题]# #考研英语单词[话题]# #考研英语阅读[话题]# #考研英语备考[话题]# #考研英语写作[话题]# #考研备考[话题]# #考研英语资料[话题]#,,1764652569000,1764652569000,68ee3fd20000000031020bcb,脆弱的本宫,https://sns-avatar-qc.xhscdn.com/avatar/1040g2jo31pd41kee2c605q7e7v9cc2ub78jl5co,956,741,285,76,河北,"http://sns-webpic-qc.xhscdn.com/202512062350/814d2853578fa6df9a5ba241d4413ee4/1040g2sg31pj23onlk0cg5q7e7v9cc2ubj739nmo!nd_dft_wlteh_webp_3,http://sns-webpic-qc.xhscdn.com/202512062350/2187cf4201875089fc1bcf05cbaf4cd6/1040g2sg31pj23onlk0c05q7e7v9cc2ubfiv5gng!nd_dft_wlteh_webp_3,http://sns-webpic-qc.xhscdn.com/202512062350/2f6254aca98b4ed50e7ca55cbfe6d8f7/1040g2sg31pj23onlk08g5q7e7v9cc2ubc11ga90!nd_dft_wlteh_webp_3,http://sns-webpic-qc.xhscdn.com/202512062350/ceba985a86498b41db3c6172120809bd/1040g2sg31pj23onlk0dg5q7e7v9cc2ubghkhe78!nd_dft_wlteh_webp_3,http://sns-webpic-qc.xhscdn.com/202512062350/0ee17255da437458a620972a8ea544ef/1040g2sg31pj23onlk0905q7e7v9cc2ubn81c8ig!nd_dft_wlteh_webp_3,http://sns-webpic-qc.xhscdn.com/202512062350/580ff29f59189526b819c426d65f62ad/1040g2sg31pj23onlk09g5q7e7v9cc2ub88qvs6o!nd_dft_wlteh_webp_3,http://sns-webpic-qc.xhscdn.com/202512062350/a52177d2d3f226a3d57c02b6107bda69/1040g2sg31pj23onlk0a05q7e7v9cc2ubna702t0!nd_dft_wlteh_webp_3,http://sns-webpic-qc.xhscdn.com/202512062350/14b7f8bbff48f81ac54e504c2c798375/1040g2sg31pj23onlk0ag5q7e7v9cc2ub5g164jo!nd_dft_wlteh_webp_3,http://sns-webpic-qc.xhscdn.com/202512062350/acacc585cc86e20de75af786e80f0186/1040g2sg31pj23onlk0bg5q7e7v9cc2ubgdqtujg!nd_dft_wlteh_webp_3","26考研,考研英语,考研复习,研究生考试,考研英语单词,考研英语阅读,考研英语备考,考研英语写作,考研备考,考研英语资料",1765036251471,https://www.xiaohongshu.com/explore/692e7619000000001e0071d8?xsec_token=ABll_kChCPSFkh7eUsvYyJwMvEdP8gntN76SBvS3U-YVU=&xsec_source=pc_search,研究生考试,ABll_kChCPSFkh7eUsvYyJwMvEdP8gntN76SBvS3U-YVU=
692901ef000000001b0201b2,normal,提醒一下，下下下周六参加考研的人（救命版 #,#考研加油[话题]# #研究生考试[话题]# #考研规划[话题]# #考研人的日常[话题]# #加油吧考研人[话题]# #考研过来人的避坑法则[话题]# #考研经验分享[话题]# #考研党[话题]# #考研背书[话题]# #考研政治[话题]# #考研英语[话题]# #考研[话题]# #考研人[话题]# #26考研[话题]# #考研政治[话题]# #考研规划[话题]# #考研上岸经验[话题]# #考研政治资料[话题]# #考研经验[话题]#,,1764295151000,1764295151000,689fdc9300000000190137fc,雾月随,https://sns-avatar-qc.xhscdn.com/avatar/1040g2jo31p150c1j32005q4vri9madvso5fi860,940,765,188,117,江西,"http://sns-webpic-qc.xhscdn.com/202512062350/a9b385b9a3a6e2dd4f7059c2e39dd1be/1040g2sg31pd9gkr2ig1g5q4vri9madvsqk2psl0!nd_dft_wlteh_webp_3,http://sns-webpic-qc.xhscdn.com/202512062350/da0cf463dd59f206712a1b9d45bca9b3/1040g2sg31pd9gkr2ig105q4vri9madvs6n9injg!nd_dft_wlteh_webp_3,http://sns-webpic-qc.xhscdn.com/202512062350/09a15e6945e7b079b61caef6a0710563/1040g2sg31pd9gkr2ig0g5q4vri9madvs24d0p00!nd_dft_wlteh_webp_3,http://sns-webpic-qc.xhscdn.com/202512062350/74c64820e2fdbfe421c0974b6f154b19/1040g2sg31pd9gkr2ig205q4vri9madvsek5uni0!nd_dft_wlteh_webp_3,http://sns-webpic-qc.xhscdn.com/202512062350/2d1781bf4f4867eb2932feeab0d3a8e6/1040g2sg31pd9gkr2ig2g5q4vri9madvs7i536k8!nd_dft_wlteh_webp_3,http://sns-webpic-qc.xhscdn.com/202512062350/8be732f81943a2489184401c2fb05c48/1040g2sg31pd9gkr2ig3g5q4vri9madvs06nmjb0!nd_dft_wlteh_webp_3,http://sns-webpic-qc.xhscdn.com/202512062350/21f03a8b62efb2a8ed8f70bab71f8295/1040g2sg31pd9gkr2ig305q4vri9madvs7nfe5do!nd_dft_wlteh_webp_3,http://sns-webpic-qc.xhscdn.com/202512062350/4bfac8abc9762f4ab0b0ad6401385898/1040g2sg31pd9gkr2ig6g5q4vri9madvssqd5tl8!nd_dft_wlteh_webp_3,http://sns-webpic-qc.xhscdn.com/202512062350/7942fb13250854d12734e9beb09b7ba6/1040g2sg31pdnnb3aislg5q4vri9madvs4h4m678!nd_dft_wlteh_webp_3,http://sns-webpic-qc.xhscdn.com/202512062350/de97b0faad4983d6c999900fcb9eadc6/1040g2sg31pd9gkr2ig5g5q4vri9madvsdikudo8!nd_dft_wlteh_webp_3,http://sns-webpic-qc.xhscdn.com/202512062350/2e61c45448016ca725c8e1570d9c84e5/1040g2sg31pd9gkr2ig505q4vri9madvs1u7qee8!nd_dft_wlteh_webp_3,http://sns-webpic-qc.xhscdn.com/202512062350/dafc823749c131ec0be30e99fed0be57/1040g2sg31pd9gkr2ig405q4vri9madvsi5g6dfg!nd_dft_wlteh_webp_3,http://sns-webpic-qc.xhscdn.com/202512062350/02fa0ab0ec99b8f787734d95956b58cb/1040g2sg31pdnnb3aism05q4vri9madvs4cg5ch0!nd_dft_wlteh_webp_3,http://sns-webpic-qc.xhscdn.com/202512062350/0c4e2c08e1ab9c23d64992b68cd979cd/1040g2sg31pd9gkr2ig4g5q4vri9madvsl6nf1qo!nd_dft_wlteh_webp_3,http://sns-webpic-qc.xhscdn.com/202512062350/12778938b3636ff8553e9b1a29ba54a0/1040g2sg31pd9gkr2ig605q4vri9madvsf87pha0!nd_dft_wlteh_webp_3,http://sns-webpic-qc.xhscdn.com/202512062350/230391a3f50cfef3b8cf69e95c9ea68a/1040g2sg31pdnnb3aisl05q4vri9madvsl3934e0!nd_dft_wlteh_webp_3","考研加油,研究生考试,考研规划,考研人的日常,加油吧考研人,考研过来人的避坑法则,考研经验分享,考研党,考研背书,考研政治,考研英语,考研,考研人,26考研,考研上岸经验,考研政治资料,考研经验",1765036251474,https://www.xiaohongshu.com/explore/692901ef000000001b0201b2?xsec_token=ABaY3SbIb3HkJpjitPATEutynOkU3xn7VMhG2dQtJZndg=&xsec_source=pc_search,研究生考试,ABaY3SbIb3HkJpjitPATEutynOkU3xn7VMhG2dQtJZndg=
65dc00b8000000000102b3c9,normal,考研成绩出来了,给大家看一下3个月成果，[笑哭R]政治英语确实没咋学，考这么低。#考研出分[话题]# #考研初试[话题]# #一战成硕[话题]# #电子信息[话题]# #考研分数线[话题]# #国家线[话题]#,,1708916920000,1708916921000,64be6d6d000000001403dce5,连名带姓,https://sns-avatar-qc.xhscdn.com/avatar/64be740f30791eb2be1c2eaa.jpg,944,706,123,45,,http://sns-webpic-qc.xhscdn.com/202512062350/69b2f2d5735801a95a6602f9096b6a66/1040g00830vkhakj8lq505p5udlml7n755foqheo!nd_dft_wlteh_webp_3,"考研出分,考研初试,一战成硕,电子信息,考研分数线,国家线",1765036251477,https://www.xiaohongshu.com/explore/65dc00b8000000000102b3c9?xsec_token=ABiGd0mNTHFhezlIN2c7AqD_zYCE8KamDyu5MDfWKIpug=&xsec_source=pc_search,研究生考试,ABiGd0mNTHFhezlIN2c7AqD_zYCE8KamDyu5MDfWKIpug=
66a36a3c000000002701253f,normal,453分上岸北大，我买对了哪些书,#25考研[话题]# #考研[话题]# #考研政治[话题]# #考研英语[话题]# #考研数学[话题]# #考试蚁[话题]# #考研经验[话题]# #上岸[话题]#,,1722333648000,1722310797000,5f3fdd1d00000000010042f1,布鲁biu,https://sns-avatar-qc.xhscdn.com/avatar/1040g2jo312gk8jht6g005npvrkeg8gnhoq9fjtg,925,1026,15,63,,"http://sns-webpic-qc.xhscdn.com/202512062350/26cd4c690312d384106500664bcdbe83/1040g008315n8tm5h1e005npvrkeg8gnhuhc1k8o!nd_dft_wlteh_webp_3,http://sns-webpic-qc.xhscdn.com/202512062350/51f11689db2c08eb5868756809d45136/1040g2sg315s40tlbgu705npvrkeg8gnhmimsd2o!nd_dft_wlteh_webp_3,http://sns-webpic-qc.xhscdn.com/202512062350/08d4eb7633b6926425c4e0a3f3d2d114/1040g2sg315s40tlbgu7g5npvrkeg8gnhhvdcojo!nd_dft_wlteh_webp_3,http://sns-webpic-qc.xhscdn.com/202512062350/3b460eaee2705c1ca8b2eb824f8e18fd/1040g2sg315s40tlbgu805npvrkeg8gnhndgk99o!nd_dft_wlteh_webp_3,http://sns-webpic-qc.xhscdn.com/202512062350/4143c5edb4c638206ed941250201f94f/1040g2sg315s40tlbgu8g5npvrkeg8gnhb3upk2o!nd_dft_wlteh_webp_3","25考研,考研,考研政治,考研英语,考研数学,考试蚁,考研经验,上岸",1765036251480,https://www.xiaohongshu.com/explore/66a36a3c000000002701253f?xsec_token=ABBdk9GQ-X2OsQFjHnSem2ZT4ppLVrk3KwqhU9EQ1piyU=&xsec_source=pc_search,研究生考试,ABBdk9GQ-X2OsQFjHnSem2ZT4ppLVrk3KwqhU9EQ1piyU=
676d2c510000000013003234,normal,研究生科研伦理与学术规范的期末考试答案,"雨课堂
科学伦理与学术规范的期末考试答案做个分享[微笑R]",,1735208018000,1735208018000,60a1bf0100000000010039af,小红薯60A330BA,https://sns-avatar-qc.xhscdn.com/avatar/60a20fc35dbaf327f534ffa9.jpg,900,598,31,216,,http://sns-webpic-qc.xhscdn.com/202512062350/7d0c63d017a2aea8c4350c9af2178c65/1040g00831bs9suca08005o51ns0g8edf5bvt8d0!nd_dft_wlteh_webp_3,,1765036251483,https://www.xiaohongshu.com/explore/676d2c510000000013003234?xsec_token=ABWEl1DHiaOgkP6rFXkHO93epODchJv4VQwfp7RIoPBRU=&xsec_source=pc_search,研究生考试,ABWEl1DHiaOgkP6rFXkHO93epODchJv4VQwfp7RIoPBRU=
6830388200000000230106c4,normal,三次考研经历，骂醒一个是一个,"我之前考过四次
	
第一次：英语 61，政治：68，专业：210。
第二次：英语 65，政治：66，专业：248，面试落榜
第三次：英语 79，政治：80，专业：261，成功上岸
	
作为过来人，想总结一些经验分享给大家：打算 26 考研的同学一定要知道！
考研需要认真准备，但如果用力过猛，只闷头刷题是行不通的。我三次考研经历，每天刷好几万道题，甚至有时还学到凌晨，但是成绩一直提不上去，是因为没有用对方法，导致效率低下。
因此，准备参加 26 考研的姐妹，听句劝，考研尊嘟不要做太多无用功。
因为自己淋过雨，所以想为更多的考研人撑把伞～
🌈过来人的亿点点经验：
不用焦虑，考研只是你人生中选择之一，以平常心来对待会更加提㫒你的学习效率。
没考上之前，切忌声张，在结果出来之前要低调，要知道就算通过也会有公示期
🟢数学
强烈建议刚开始做套卷可以先做 17 年之后的！！！不要怕浪费真题。
基础薄弱的就先从【数学分册】开始学。这一遍要把概念、公式以及基础的解题方法学会背会。
有基础后看【高芬指南】，可以结合着陆一舟的数学 ke 一起进行，重点听第一遍没有掌握的知识点，把书上没有的解题方法补充进去。
🟢英语：
单词：想提升词汇量的就看【红宝书】，根据自己的基础和时间安排背 80 左右的词汇，不需要会拼写和读音，能把单词意思词性记住就行。
真题：根本不需要额外买模拟题，把真题做烂，第一遍精翻，然后二刷三刷，做透真题基本上就稳了。
长难句：讲得比较好的有田静 、刘晓艳 等，这才刚开始，前期需要系统的学习，但战线不能拉得太长，后续大家根据自己的情况。
🟢专业课：
根据目标院校或统考专业课真题的试卷构成，按照分数占比，确定科目的学习顺序
专业课重点在于搭建知识体系并学会应用，可以通过画思维导图的方式在脑海中搭建
利用搭建的知识体系去做历年真题，做题时时刻关注题目考什么知识点，对应到知识体系上的知识点，对于这些知识点要熟悉强化
🟢政治：
基础阶段：7 月 - 8 月
看徐涛老师的强化 ke，写肖 1000 题，总结思维导图，听课时一定要理解不要盲目背诵！
强化阶段：9 月 - 10 月
复习回顾知识，二刷 1000 题，一些不是很清楚的知识点重点背记，重点留意错题。
冲刺阶段：11 月 - 12 月
等到十二月初，肖四出来后，快点买。不要因为今年考研政治的情况就觉得肖四肖八没用哇，你背了多少东西就有多少可写，考研人必备的两本书！
#考研带给我的人生变化[话题]# #考研加油[话题]# #考研上岸经验[话题]#",,1747990658000,1747990658000,67020992000000001d023738,超爱喝美式,https://sns-avatar-qc.xhscdn.com/avatar/1040g2jo31hf327754q605po21697cdpo9pi1al0,901,463,102,69,,"http://sns-webpic-qc.xhscdn.com/202512062350/46647b4bcc49599ccd23f91957f48701/1040g00831hqp3hs5k26g5po21697cdpo8rulq10!nd_dft_wlteh_webp_3,http://sns-webpic-qc.xhscdn.com/202512062350/531d20d54bb741abbcb0936a4dab1cd6/1040g00831hqp3hs5k2505po21697cdpo7l2p07g!nd_dft_wlteh_webp_3,http://sns-webpic-qc.xhscdn.com/202512062350/50ecd0e99c9c134069f01f9103bd80e8/1040g00831hqp3hs5k25g5po21697cdpolpqt97g!nd_dft_wlteh_webp_3","考研带给我的人生变化,考研加油,考研上岸经验",1765036251486,https://www.xiaohongshu.com/explore/6830388200000000230106c4?xsec_token=ABBemvJEaiDy86Ibn0S4nQyYrFyyU9CNqy5L6H3eITFf8=&xsec_source=pc_search,研究生考试,ABBemvJEaiDy86Ibn0S4nQyYrFyyU9CNqy5L6H3eITFf8=
69269719000000001e008eb2,normal,巨累，但能十五天过12.20管综考研,#在职MBA[话题]# #199管综考研[话题]# #管综[话题]##管综数学[话题]# #管综199联考[话题]##199管综[话题]#   #199管综数学[话题]##管综199[话题]##管综逻辑[话题]#,,1764136730000,1764136730000,68e09d690000000031014c0e,叭叭不停,https://sns-avatar-qc.xhscdn.com/avatar/1040g2jo31p8hqqor26kg5q70jlksaj0ec2nejg0,909,795,419,76,海南,"http://sns-webpic-qc.xhscdn.com/202512062350/1267bf4de48929f27a4fb483bc3892a1/1040g00831pa8ttq3262g5q70jlksaj0es9v9720!nd_dft_wlteh_webp_3,http://sns-webpic-qc.xhscdn.com/202512062350/c45c2d2e47051720bf883d1c5d04fad8/1040g00831pa8ttq3261g5q70jlksaj0eo3iio60!nd_dft_wlteh_webp_3,http://sns-webpic-qc.xhscdn.com/202512062350/58a8648db672fb32f32317519b637aaf/1040g00831pa8ttq326105q70jlksaj0ea0iqm6g!nd_dft_wlteh_webp_3,http://sns-webpic-qc.xhscdn.com/202512062350/bd5ba502fc5f47c5a8232017dec8bc2f/1040g00831pa8ttq326305q70jlksaj0e54bsjpo!nd_dft_wlteh_webp_3,http://sns-webpic-qc.xhscdn.com/202512062350/1d79e2e5cbbf8d6fb5f08a89d930655e/1040g00831pa8ttq3263g5q70jlksaj0en10ckb0!nd_dft_wlteh_webp_3","在职MBA,199管综考研,管综,管综数学,管综199联考,199管综,199管综数学,管综199,管综逻辑",1765036251489,https://www.xiaohongshu.com/explore/69269719000000001e008eb2?xsec_token=ABFDZrC5whWFyQ4vHkP4PP7JuKwNM7bnCXPwixKwbq6PE=&xsec_source=pc_search,研究生考试,ABFDZrC5whWFyQ4vHkP4PP7JuKwNM7bnCXPwixKwbq6PE=
69304703000000001b031f52,normal,以为完蛋了，实际上全都考过了,"突然翻到考研和以前期末考试的记录
竟然每一次以为自己完蛋了实际最后都成功了[生气R]
不少次甚至都拿到了意料之外的惊喜成绩😤
-
这个月有太多考试！！但是大家都别担心
把我一路以来的欧气全都复制粘贴给你们！
牢记“心态爆炸就狗带 剩者为王爽歪歪！”
稳住 肯定都会过的 都会考上的[生气R][生气R][生气R]
-
干就完了奥😡😤
	
#考试[话题]# #学习[话题]# #学习日常[话题]# #研究生日常[话题]# #研究生[话题]# #埋头学学学[话题]# #纯动力学习[话题]# #学习动力[话题]# #拒绝内耗[话题]# #干就完了[话题]#",,1764771587000,1764771588000,5f29863a000000000101e11b,小王同学.,https://sns-avatar-qc.xhscdn.com/avatar/1040g2jo31gjml6t33s005np9got0bo8rd3m25so,899,66,46,3,四川,"http://sns-webpic-qc.xhscdn.com/202512062350/d281c8e20a60a36b7a828b6f646c4e92/1040g2sg31pkq85684ki05np9got0bo8rn2u1hjo!nd_dft_wlteh_webp_3,http://sns-webpic-qc.xhscdn.com/202512062350/17bf1b7a54498b6814a9d672386efc5a/1040g2sg31pkq85684kg05np9got0bo8r7i5svrg!nd_dft_wlteh_webp_3,http://sns-webpic-qc.xhscdn.com/202512062350/d673cdb5e94b7504313994bbcf57dc4e/1040g2sg31pkq85684kh05np9got0bo8rne5p92o!nd_dft_wlteh_webp_3,http://sns-webpic-qc.xhscdn.com/202512062350/068b447a83eb893ef509289241bc8a27/1040g2sg31pkq85684keg5np9got0bo8rr643b1g!nd_dft_wlteh_webp_3,http://sns-webpic-qc.xhscdn.com/202512062350/125ffefe9be4a5fe25ccf2ceb1407531/1040g2sg31pkq85684kgg5np9got0bo8riogc8u0!nd_dft_wlteh_webp_3,http://sns-webpic-qc.xhscdn.com/202512062350/5919a536aebbf0dd3bbdcf6589b9cfe4/1040g2sg31pkq85684kf05np9got0bo8rthcr268!nd_dft_wlteh_webp_3,http://sns-webpic-qc.xhscdn.com/202512062350/a09a634286a4a934c2b1e2e5a3162fac/1040g2sg31pkq85684ke05np9got0bo8r6o8t150!nd_dft_wlteh_webp_3,http://sns-webpic-qc.xhscdn.com/202512062350/ea0df978903ed7cd5238f1a9176a7a03/1040g2sg31pkq85684khg5np9got0bo8r72ojvo8!nd_dft_wlteh_webp_3,http://sns-webpic-qc.xhscdn.com/202512062350/1a8b7afb67e2d0dfb8e00d35f5f7806d/1040g2sg31pkq85684kfg5np9got0bo8rmdjc6h8!nd_dft_wlteh_webp_3","考试,学习,学习日常,研究生日常,研究生,埋头学学学,纯动力学习,学习动力,拒绝内耗,干就完了",1765036251492,https://www.xiaohongshu.com/explore/69304703000000001b031f52?xsec_token=ABf-6T74d-wKVbwD-tW7pg2xFdWbBOGQbdF_fPCLpZdVI=&xsec_source=pc_search,研究生考试,ABf-6T74d-wKVbwD-tW7pg2xFdWbBOGQbdF_fPCLpZdVI=
68920eb600000000220228c7,normal,26考研｜何时葡萄熟透 你要静候再静候,"最佳最让我开心的就是阅读[哭惹R][哭惹R][哭惹R]
每天333复习默写要好久[哭惹R][哭惹R]
专二也在每天默写了
单词快要二轮了[大笑R][大笑R]
按部就班
#我的学习进化论[话题]# #26考研[话题]# #我的考研日常[话题]# #333[话题]# #考研日记[话题]# #考研打卡[话题]# #学习日记[话题]# #考研留给先准备的人[话题]# #备考日常[话题]# #考研倒计时[话题]#",,1754402487000,1754402487000,5e60f05f0000000001000ac1,晚睡鱼鱼鱼🍭,https://sns-avatar-qc.xhscdn.com/avatar/1040g2jo31empm4hb5i005nj0u1fg82m11fs3di8,876,144,78,27,,"http://sns-webpic-qc.xhscdn.com/202512062350/73fea5bbb4acb62a2c2bb7f7403a0783/notes_pre_post/1040g3k831kqacaks328g5nj0u1fg82m10u2cri0!nd_dft_wlteh_webp_3,http://sns-webpic-qc.xhscdn.com/202512062350/b814463b47c57ac6abdad553c8ce08e5/notes_pre_post/1040g3k831kqacaks32905nj0u1fg82m1on9r44g!nd_dft_wlteh_webp_3,http://sns-webpic-qc.xhscdn.com/202512062350/a837e18c02fcb71e16e4231151a67d3c/notes_pre_post/1040g3k831kqacaks329g5nj0u1fg82m1ut734dg!nd_dft_wlteh_webp_3,http://sns-webpic-qc.xhscdn.com/202512062350/9b8c88631de109360885dd4a445fe921/notes_pre_post/1040g3k831kqacaks32a05nj0u1fg82m1rtsmsmo!nd_dft_wlteh_webp_3,http://sns-webpic-qc.xhscdn.com/202512062350/a61c5aeacfa84e513ba72bdf37920fe8/notes_pre_post/1040g3k831kqacaks32ag5nj0u1fg82m1c6e7i60!nd_dft_wlteh_webp_3,http://sns-webpic-qc.xhscdn.com/202512062350/652d007e58a3f21b31cf1df5e919387e/notes_pre_post/1040g3k831kqacaks32b05nj0u1fg82m1087nm4o!nd_dft_wlteh_webp_3,http://sns-webpic-qc.xhscdn.com/202512062350/e6fcf23535c6d94b3671092e99cb9a17/notes_pre_post/1040g3k831kqacaks32bg5nj0u1fg82m1p6sg5po!nd_dft_wlteh_webp_3,http://sns-webpic-qc.xhscdn.com/202512062350/886dc0a50f270b8e9ee22ffa9fcb1e3b/notes_pre_post/1040g3k831kqacaks32c05nj0u1fg82m1nj4udi8!nd_dft_wlteh_webp_3,http://sns-webpic-qc.xhscdn.com/202512062350/f5a91f75f47f2ad1b7e373aaa7b86d60/notes_pre_post/1040g3k831kqacaks32cg5nj0u1fg82m1buknf30!nd_dft_wlteh_webp_3,http://sns-webpic-qc.xhscdn.com/202512062350/657dae8b0af37dedddeca83f9ce6feeb/notes_pre_post/1040g3k831kqacaks32d05nj0u1fg82m1noeqf20!nd_dft_wlteh_webp_3,http://sns-webpic-qc.xhscdn.com/202512062350/83378918823624404b0d81372db857c2/notes_pre_post/1040g3k831kqacaks32dg5nj0u1fg82m1meatd90!nd_dft_wlteh_webp_3,http://sns-webpic-qc.xhscdn.com/202512062350/714ebf0bc979073d7776e94693322c5e/notes_pre_post/1040g3k831kqah62b34e05nj0u1fg82m1sjatu8g!nd_dft_wlteh_webp_3,http://sns-webpic-qc.xhscdn.com/202512062350/4f035e64b1e2d97768a4a0975dc742b9/notes_pre_post/1040g3k831kqah62b34eg5nj0u1fg82m1ufvs2a0!nd_dft_wlteh_webp_3,http://sns-webpic-qc.xhscdn.com/202512062350/4d7e85ea4c6b59c1c77280dddd1e4c56/notes_pre_post/1040g3k831kqah62b34f05nj0u1fg82m110dd558!nd_dft_wlteh_webp_3,http://sns-webpic-qc.xhscdn.com/202512062350/4fbc6f99d1314a45ef2d711775d92052/notes_pre_post/1040g3k831kqah62b34g05nj0u1fg82m1ai628s8!nd_dft_wlteh_webp_3,http://sns-webpic-qc.xhscdn.com/202512062350/85f49bb4c2113ba9a3465925d308607d/notes_pre_post/1040g3k831kqah62b34gg5nj0u1fg82m1j8kop50!nd_dft_wlteh_webp_3,http://sns-webpic-qc.xhscdn.com/202512062350/bc2028f5841842fc0ea302e997e972f8/notes_pre_post/1040g3k831kqah62b34hg5nj0u1fg82m1s8pfth8!nd_dft_wgth_webp_3","我的学习进化论,26考研,我的考研日常,333,考研日记,考研打卡,学习日记,考研留给先准备的人,备考日常,考研倒计时",1765036251495,https://www.xiaohongshu.com/explore/68920eb600000000220228c7?xsec_token=AB01Y3lriv5RrldCU5w8mvc6689mEJYkHrj23LC_riRFw=&xsec_source=pc_search,研究生考试,AB01Y3lriv5RrldCU5w8mvc6689mEJYkHrj23LC_riRFw=
66dadf32000000000c01b3ba,normal,26考研你一定要知道,#考研[话题]# #25考研[话题]# #考研数学[话题]# #考研英语[话题]# #考研政治[话题]# #武忠祥老师高数基础篇[话题]# #李永乐复习全书基础篇[话题]# #660[话题]# #考研自习室[话题]#,,1725620018000,1725620018000,5f3fdd1d00000000010042f1,布鲁biu,https://sns-avatar-qc.xhscdn.com/avatar/1040g2jo312gk8jht6g005npvrkeg8gnhoq9fjtg,842,833,49,55,,"http://sns-webpic-qc.xhscdn.com/202512062350/e30a16164a005d2a378229246f68728b/1040g2sg317ddvjjm4a705npvrkeg8gnhg3o21s0!nd_dft_wlteh_webp_3,http://sns-webpic-qc.xhscdn.com/202512062350/998ac87d6f5d5cf31d55f271c000645b/1040g2sg317ddvjjm4a7g5npvrkeg8gnhf5smg88!nd_dft_wlteh_webp_3,http://sns-webpic-qc.xhscdn.com/202512062350/ac391b9cd83b023126b002a7f07c99e9/1040g2sg317ddvjjm4a805npvrkeg8gnhr1m190o!nd_dft_wlteh_webp_3,http://sns-webpic-qc.xhscdn.com/202512062350/fc1f225dcfbb9b73aead0695d731852f/1040g2sg317ddvjjm4a8g5npvrkeg8gnhe441b38!nd_dft_wlteh_webp_3,http://sns-webpic-qc.xhscdn.com/202512062350/86859522edacfbbf554f23734bb0c2a5/1040g2sg317ddvjjm4a905npvrkeg8gnhdov038g!nd_dft_wlteh_webp_3,http://sns-webpic-qc.xhscdn.com/202512062350/4c881424526d505e4123664a4e7ad42a/1040g2sg317ddvjjm4a9g5npvrkeg8gnhoiieluo!nd_dft_wlteh_webp_3,http://sns-webpic-qc.xhscdn.com/202512062350/b8a2453273caf055b8d7a320fd80c907/1040g2sg317ddvjjm4aa05npvrkeg8gnhqoe2fag!nd_dft_wlteh_webp_3,http://sns-webpic-qc.xhscdn.com/202512062350/9db28f5a4c02b723b453447a2196ec5c/1040g2sg317ddvjjm4aag5npvrkeg8gnh92j3438!nd_dft_wlteh_webp_3,http://sns-webpic-qc.xhscdn.com/202512062350/4c477c9524ecc816d994334dc9cda831/1040g2sg317ddvjjm4ab05npvrkeg8gnhsr371v8!nd_dft_wlteh_webp_3","考研,25考研,考研数学,考研英语,考研政治,武忠祥老师高数基础篇,李永乐复习全书基础篇,660,考研自习室",1765036251498,https://www.xiaohongshu.com/explore/66dadf32000000000c01b3ba?xsec_token=ABwu5uFDBEW4_wEvl0y-2AbDByavOGcOwsC6a6nqWBGvs=&xsec_source=pc_search,研究生考试,ABwu5uFDBEW4_wEvl0y-2AbDByavOGcOwsC6a6nqWBGvs=
691092d500000000070373c4,video,二本考研40天上岸211！逆风翻盘！决胜秘籍！,#考研[话题]# #邪修[话题]# #ai[话题]# #我的学习进化论[话题]# #人生无限自习室[话题]# #视觉传达设计考研[话题]# #美术考研[话题]# #音乐考研[话题]# #戏剧与影视学考研[话题]# #舞蹈考研[话题]#  #艺术生[话题]##考研打卡[话题]##艺术考研[话题]# #视觉传达设计考研[话题]# #26考研[话题]##复试[话题]# #考研自习室[话题]# #考研上岸经验[话题]##考研复试[话题]#,http://sns-video-bd.xhscdn.com/pre_post/1040g2t031olrgnh2kq005n69o0q48ruepb3bfmo,1762693845000,1763014025000,5cc9c0340000000011006fce,充哥崛起,https://sns-avatar-qc.xhscdn.com/avatar/1040g2jo312mps2q9hm005n69o0q48ruepkbefbo,843,696,34,102,北京,http://sns-webpic-qc.xhscdn.com/202512062350/cbff34ac55f1ba452bb70364dda7deaa/1040g00831olrgnhg52005n69o0q48rueoai6n4o!nd_dft_wlteh_webp_3,"考研,邪修,ai,我的学习进化论,人生无限自习室,视觉传达设计考研,美术考研,音乐考研,戏剧与影视学考研,舞蹈考研,艺术生,考研打卡,艺术考研,26考研,复试,考研自习室,考研上岸经验,考研复试",1765036251501,https://www.xiaohongshu.com/explore/691092d500000000070373c4?xsec_token=ABifh3JVwvoT2cxNhABHpllK4gFUA22zTkpzs-WlgvM1s=&xsec_source=pc_search,研究生考试,ABifh3JVwvoT2cxNhABHpllK4gFUA22zTkpzs-WlgvM1s=
692aa293000000001e008e07,video,三个大傻笔 气死我了#考研人精神状态[话题]##考研[话题]#,三个大傻笔 气死我了#考研人精神状态[话题]##考研[话题]#,http://sns-video-bd.xhscdn.com/pre_post/1040g0cg31pfah94724l05pvcr123ideoh04o6h8,1764401811000,1764401812000,67ecd844000000000e0135d8,韩莹莹,https://sns-avatar-qc.xhscdn.com/avatar/1040g2jo31nffa6k0kq005pvcr123ideo4us6tig,11.6万,7306,9481,3.9万,江苏,http://sns-webpic-qc.xhscdn.com/202512051936/8241c5bff56b71c6b67ba1553b483ca9/1040g00831pfah9kai8005pvcr123ideo7eulf9g!nd_dft_wlteh_webp_3,"考研人精神状态,考研",1764934622842,https://www.xiaohongshu.com/explore/692aa293000000001e008e07?xsec_token=AB3VztolZ29Oh7d3s2NCJc6mX8kY2ewZ7GNbiQtR49rV8=&xsec_source=pc_search,考研,AB3VztolZ29Oh7d3s2NCJc6mX8kY2ewZ7GNbiQtR49rV8=
67f4f271000000001c02f3c8,video,天终于亮了,#考研[话题]# #考研上岸后[话题]#,http://sns-video-bd.xhscdn.com/pre_post/1040g0cg31g0sptba0e005omsj6d7jopjrh1ho00,1744106097000,1744106097000,62dc999a000000001e01e333,长腿的🐟,https://sns-avatar-qc.xhscdn.com/avatar/1040g2jo31g2bda0jne005omsj6d7jopj8i1vjeg,4.8万,6293,366,777,,http://sns-webpic-qc.xhscdn.com/202512051936/19a74659224cf116ee14d4254d21484a/1040g00831g0sqrmb0c005omsj6d7jopjkkjv8lg!nd_dft_wlteh_webp_3,"考研,考研上岸后",1764934623676,https://www.xiaohongshu.com/explore/67f4f271000000001c02f3c8?xsec_token=ABa_WlO4e0qns4isiLf-tVLGgEBI7WdrU-HK0ZPzY1Yro=&xsec_source=pc_search,考研,ABa_WlO4e0qns4isiLf-tVLGgEBI7WdrU-HK0ZPzY1Yro=
66fa9b90000000001902d296,normal,考研其实就是几张卷子，看到本质，大道至简,"之前提过这个观点，但是并没有系统地写过。今天再详细写一下。
	
一开始考研，大多数人一般的思路肯定是找经验帖。最后发现好像很复杂，好像要规划很多，要背好多本书，要一天学几个小时，感觉压力很大。
但其实一上来就接触几个月要学的内容，肯定是没概念而且不适应的。
	
不妨去转变思维，从考研这件事本身出发，去思考一下它的本质，再理清备考思路。从目的倒推过程，由果溯因，会让你思路清晰，少走很多弯路。
	
首先，我们最后其实就考那一张卷子。不是看你中间努力了多少。你只要做对考场那道题，可能努力一分钟就够，也可能努力十个月这道题一分没得。
	
[种草R]所以，要考研，必须随时以真题为准绳。更准确地说，要以你自己答真题为准绳。
必须先弄清楚考什么，自己先研究真题，哪些题型，从哪出的题，哪些地方考的最多，答题什么形式等等。
	
听起来好像不需要强调，但其实我自己考研一开始就忽略了这一点，直接看经验帖，看书看课，以为还像高中那样按部就班练就行。其实大错特错。当时我虽然看了真题，但也就看了一眼知识点，没有挖掘出更多信息。但实际上，仔细去思考真题，调整备考策略，你会发现一切迎刃而解。
	
首先，从真题看备考范围、备考重点、备考复习的精力分配。真题考得多，你就看得多。真题考得少，你就看得少。要遵循二八定律，不要每次都从头到尾一视同仁地看知识点。
	
其次，从真题的答题形式，倒推你的准备程度。这点其实很重要。
比如说，你准备政治选择题，它最后只考你选择，就不要按照默写题去准备，你只要选出来就行。比如说，这个原则有123个，你的任务不是要背xx原则有哪些，而是记住这三个准则的记忆点，见到不是这三个能分辨出来就行。
再比如说，你答主观题，一答题发现篇幅就那么大，就五百字，你准备五千字，背五千字，多做很多无用功。问题是，你考场还很多话都不是原话，很多还要靠自己临场写。所以，你只需要分辨出，哪些点你是必须要写出来的，记住几个关键点，其他能临场发挥的、能用自己话写出来这个意思的，或者能换成适合自己的说法的，都不要背。这是我到十一月尝试答题才悟出来的，意识到这点少了很多焦虑。
	
另外，用真题去检验你的备考策略、复习水平。那些有标准答案的题就不说了，重点是主观题，比如英语作文。不要闷头准备语料，一定要反复看你准备的东西能不能用得上、能用在几篇作文里面。好用的语料再留下，其他果断放弃，背了也用不上。总之，时刻以答题为准绳。
#考研[话题]#",,1727699856000,1750407761000,5f0eda6f000000000101c39c,香甜汉堡,https://sns-avatar-qc.xhscdn.com/avatar/1040g2jo31709k7ps3m5g5noer9ngbgss5jf6q4g,2.4万,1.7万,407,2087,,http://sns-webpic-qc.xhscdn.com/202512051936/db5c9b5b1e66ca911aadee9c98541eb9/1040g008318cdnfj0466g5noer9ngbgssbe2a1l0!nd_dft_wlteh_webp_3,考研,1764934623679,https://www.xiaohongshu.com/explore/66fa9b90000000001902d296?xsec_token=ABAgnF6BX8b51UpwU_higsgQ7npRgmmyr0NriObszVwxw=&xsec_source=pc_search,考研,ABAgnF6BX8b51UpwU_higsgQ7npRgmmyr0NriObszVwxw=
68c3e666000000001b03e76a,video,手工圈考研了？！！！,热度过去了我才蹭#自制玩具[话题]# #自制[话题]# #手工[话题]# #小红书手工友好季[话题]# #过家家[话题]# #小红书手工友好季[话题]# #万物皆可做[话题]# #DIY手工制作[话题]# #有趣的手工[话题]# #手工爱好者[话题]#,http://sns-video-bd.xhscdn.com/1040g2so31mb01nu4mg705n161nihn39902plur8,1757668966000,1757668967000,5c260de50000000006038d29,小小颖吖,https://sns-avatar-qc.xhscdn.com/avatar/1040g2jo31m8qsvbclm005n161nihn399g0bupk8,2.4万,1.4万,234,353,,http://sns-webpic-qc.xhscdn.com/202512051936/7c2f077b7065eb65b2c0208b7ce325d4/1040g2sg31mb01nu9mg705n161nihn39972s2un0!nd_dft_wlteh_webp_3,"自制玩具,自制,手工,小红书手工友好季,过家家,万物皆可做,DIY手工制作,有趣的手工,手工爱好者",1764934623683,https://www.xiaohongshu.com/explore/68c3e666000000001b03e76a?xsec_token=ABQeU2IGlFE_MYzqrupYaNA8_2sg6BGmAN2Pldsna_-x0=&xsec_source=pc_search,考研,ABQeU2IGlFE_MYzqrupYaNA8_2sg6BGmAN2Pldsna_-x0=
6892f48e0000000025012723,normal,妹子你这研还考吗,"七月留校还能和室友互相监督每天学七八小时，八月回家了你是打算放飞自我了吗宝宝？
	
每天十点才起，晚上学到八点就休息了，下午四个小时有三个小时在玩手机….妹子你要不别考了吧，有你这样的竞争对手上考场估计人家都要跪着接..
	
两本600页的书你到底准备什么时候开始背？每天走马观花的背完150个单词美滋滋又刷上手机了，刷一半突然反应过来不许玩了，又装模作样打开政治网课听涛涛的课，其实根本没听进去内容。
	
英语完型做着做着几乎要睡过去，写完一对答案又是9/20，还要抱怨自己没认真做浪费真题，对完答案就扔到一边也不想听解析，四舍五入又是无效做题。
	
专业课背了五分钟就又成功催眠自己了哈，趴桌子上美美睡一小时，醒来惊恐的发现已经到晚上了，着急忙慌的草草画了两个思维导图又到八点了，抱着平板回房间打游戏。
	
大姐你真的还考吗？骗骗别人可以，别把自己也骗了，别等12月考试的时候又开始后悔，幻想自己如果能回到八月重新开始…不要再有侥幸心理了，考试会惩罚每一个假学习的孩子哈…
#考研人精神[话题]# #26考研[话题]# #考研打卡[话题]# #摆烂[话题]# #考研人的日常[话题]# #考研[话题]#",,1754461326000,1754461326000,5d27ddca00000000100081f7,西西西西瓜精Wenny,https://sns-avatar-qc.xhscdn.com/avatar/5d27ddca00000000100081f7.jpg,2.2万,5686,2058,1545,,http://sns-webpic-qc.xhscdn.com/202512051936/33396d90f5660faf01ba2d639e2d1666/1040g2sg31kr675m9j6s05n97rn5410fn9u68gfo!nd_dft_wlteh_webp_3,"考研人精神,26考研,考研打卡,摆烂,考研人的日常,考研",1764934623687,https://www.xiaohongshu.com/explore/6892f48e0000000025012723?xsec_token=AB01Y3lriv5RrldCU5w8mvc6ok61_yTVuo_joSl4wPs4k=&xsec_source=pc_search,考研,AB01Y3lriv5RrldCU5w8mvc6ok61_yTVuo_joSl4wPs4k=
692ab732000000001e034786,video,手工圈这是要考研了？！！！,#手工[话题]# #优质创作者[话题]# #谢谢大家喜欢[话题]# #小红书手工友好季[话题]# #自制玩具[话题]# #自制[话题]# #营销号[话题]#,http://sns-video-bd.xhscdn.com/1040g00g31pkof8l0ku705n161nihn399dt3eqa0,1764407090000,1764766489000,5c260de50000000006038d29,小小颖吖,https://sns-avatar-qc.xhscdn.com/avatar/1040g2jo31m8qsvbclm005n161nihn399g0bupk8,2万,1万,247,235,湖北,http://sns-webpic-qc.xhscdn.com/202512051936/3705eab5c136808982d44185200e6d7c/1040g00831pfd299eio1g5n161nihn399u0d0d00!nd_dft_wlteh_webp_3,"手工,优质创作者,谢谢大家喜欢,小红书手工友好季,自制玩具,自制,营销号",1764934623690,https://www.xiaohongshu.com/explore/692ab732000000001e034786?xsec_token=AB3VztolZ29Oh7d3s2NCJc6ncbnWVhnA0vVcSPF30EPDU=&xsec_source=pc_search,考研,AB3VztolZ29Oh7d3s2NCJc6ncbnWVhnA0vVcSPF30EPDU=
675410a10000000002014801,normal,考研于我最大的意义是认清自己,"从七月份备考到今天，我最大的收获是认清了我是个什么样的人。
	
我有些别扭，或许这叫我与“完美主义”的冲突。如果早上没准点起，我醒来后就会行动不了；如果课本知识没有完整地理解，我就不会看一眼题目——即使题目可能根本不考某个知识点；如果我没有完全做完一件事，我宁可摆烂也无法开始下一件事。
在备考前，我从未如今天这般深刻地理解“60分比100分重要”这句话。过去我并不认为我是个完美主义者，我的生活区域并不整洁，大部分时间都在踩点，印象里我是一个做事情很“随便”的人。但直至今日，我发现我大部分的逃避都从一些小错误开始——我会认为这一点小错误导致整个事情都毁了，进而完全否定自己。
	
我不是一个坚持不懈、能够规划未来的人。我难以制定长期计划，或者三分钟努力后又开始放飞自我。我无法衡量我该掌握到什么水平、我需要多少时间来完成一件事情、各个事情的重要程度排名，我都无法估计。在过去的日子里，我尚且可以凭借一点小聪明和突击的努力得过且过，维持个人表面平和的秩序。在他人的称赞中，我尽可能让自己的陪笑看起来真实，不要暴露我在生活和学习上岌岌可危的处境。
	
我的大部分精力都放在了自卑和自我怀疑上，而非真正行动。我很多时间里都在内耗，焦虑得无法行动，物理意义上的。当我焦虑一两天甚至几天后，我逼着自己看一页书，会发现实际上并没有这么难。然后回想起前几天的自己，好像一个彻头彻尾的乌龟。于是更讨厌自己了，更加认为这样的我做不好任何事情。恶性循环便开始了。
	
我是我从一始终的敌人。
夸奖我很棒的是我，痛骂我废物的是我；希望我上岸的是我，诅咒我活该考不上的是我；惩罚自己不吃饭不睡觉的是我，挣扎行动却无果的是我，一路上阻碍我的从来都是我。我才意识到，为自己开脱的解释都是借口，抱怨和缅怀过去是无用的，只有杀死过去的自己才能拯救自己。
	
过去将近五个半月，我的进度断断续续，中间停过两个月。至今还剩半个月不到，我眼睁睁看着上岸愈发渺茫，却也无力回天。专业课堪堪过了一轮，没有强化刷题，只做了几套真题；政治几套选择题，英语还未开始。我有点想放弃了。我偶尔会想，如果明知道考研会失败，那么这时还有坚持的意义吗？
	
我想考研于我最大的意义早已诠释了。
我看见了自己，优柔寡断，软弱无能。
但话说回来，60分比100分重要，不是吗？
#25考研[话题]# #考研[话题]# #成长[话题]# #焦虑[话题]#",,1733562529000,1733563475000,613064e4000000000201d190,momo,https://sns-avatar-qc.xhscdn.com/avatar/be4e54a984a21be925a215a08fb36c8b.jpg,1.9万,9837,1145,1975,,http://sns-webpic-qc.xhscdn.com/202512051936/39ccb17e9fe055bf8ad1190230b80b1b/1040g2sg31b3p8p3t7m705o9gcji0jkcgf02e660!nd_dft_wlteh_webp_3,"25考研,考研,成长,焦虑",1764934623693,https://www.xiaohongshu.com/explore/675410a10000000002014801?xsec_token=ABJtCsEU745lsmbG6MnUE_FsKCVN2Tl5YCUO88ZaYOeW0=&xsec_source=pc_search,考研,ABJtCsEU745lsmbG6MnUE_FsKCVN2Tl5YCUO88ZaYOeW0=
68bdc5c1000000001b036993,normal,考研求助,目前大三上，27考研，现在一头雾水[哭惹R]有没有过来人指点指点[完啦R] #考研党[话题]# #考研备考[话题]# #考研[话题]#,,1757267393000,1757267394000,648b13f2000000001c028756,PicriL.,https://sns-avatar-qc.xhscdn.com/avatar/1040g2jo31opd2ebemg6g5p4b2fp751qm8ggch7o,1.8万,2.3万,1441,1299,,http://sns-webpic-qc.xhscdn.com/202512051936/5e049fc1c3cf69ebe4882095e35c08d9/1040g2sg31m50geki58d05p4b2fp751qm4su0rg0!nd_dft_wlteh_webp_3,"考研党,考研备考,考研",1764934623697,https://www.xiaohongshu.com/explore/68bdc5c1000000001b036993?xsec_token=ABVaAATfaavKtpXnU8Hzv421H0P2Zg3EdZ0Y0RgbDcFTA=&xsec_source=pc_search,考研,ABVaAATfaavKtpXnU8Hzv421H0P2Zg3EdZ0Y0RgbDcFTA=
691c9c65000000001f00f2ae,normal,肖八第一套知识点总结！,"听完大牙的课之后，重新整理一遍知识点，更加清晰明确了，相当于复习了一遍。
（不知道为什么我在评论区回复好像不显示[哭惹R][哭惹R][哭惹R]
谢谢大家的支持，我会更新的，但是我是文科类，背诵任务比较重，每天分给政治的时间不多，听课加整理确实比较费时间，我的计划是两天完成一套
#肖八[话题]# #考研政治[话题]# #肖八第一套[话题]# #肖八肖四[话题]# #肖八第一套选择题[话题]# #肖秀荣政治[话题]# #肖八总结[话题]# #肖八笔记[话题]#",,1763482725000,1763564065000,5c5edc69000000001b00287b,玥莱悦好.,https://sns-avatar-qc.xhscdn.com/avatar/646ecc63ac60cdeaa02c4491.jpg,1.7万,1.4万,66,2116,山东,"http://sns-webpic-qc.xhscdn.com/202512051936/af0287626f127bb51591e60995f45483/1040g00831p1kairq2g005n2urhkmoa3rpvlum08!nd_dft_wlteh_webp_3,http://sns-webpic-qc.xhscdn.com/202512051936/ed3179af2640a1a47721f162e660f294/1040g00831p1kairq2g105n2urhkmoa3r8lil8b8!nd_dft_wlteh_webp_3,http://sns-webpic-qc.xhscdn.com/202512051936/326e1410aead3e3f13f2edb4adc88a2e/1040g00831p1kairq2g0g5n2urhkmoa3rtetjurg!nd_dft_wlteh_webp_3","肖八,考研政治,肖八第一套,肖八肖四,肖八第一套选择题,肖秀荣政治,肖八总结,肖八笔记",1764934623701,https://www.xiaohongshu.com/explore/691c9c65000000001f00f2ae?xsec_token=ABuHaZz662bj0PxHtum05EAGBU7PTokOtjdmibD1OoML8=&xsec_source=pc_search,考研,ABuHaZz662bj0PxHtum05EAGBU7PTokOtjdmibD1OoML8=
69297ebd000000001e03aee1,normal,最后冲刺阶段了，你真的要狠下心来学习了,"你那点敷衍的付出，连自己都骗不过，还指望能骗过考试？别回头纠结过去的漏洞，当初偷懒的时候怎么不想着补？那些无意义的内耗就是在慢性自杀，剩下的时间够你翻盘，不够你浪费。
	
别整天揣测结果好不好，你现在的状态，其实早就注定了大半。与其担心考不上怎么办，不如想想怎么在剩下的时间里多捞几分。
	
越是临近终点，越能看出谁在裸泳，别抱着说不定能蒙混过关的侥幸，考试可不会对你手下留情。冲刺期分秒必争，没人有功夫陪你在错题里死磕内耗，作业帮能精准揪出你的知识漏洞，快速答疑补弱，帮你少做无用功。旗下25亿题库，备考刷题查题型轻轻松松。核心AI搜题答疑太懂备考痛点了，考研各科高频考点都覆盖到，拍照搜题秒出详细解题步骤，AI还能扒透题目背后的命题思路。碰到模糊知识点尽管追着问，智能批改还能快速找到薄弱点，想更加方便还可以冲个vip，功能更齐全。备考真得少走这些弯路才高效。但前提是你真的想利用它，而不是把它当成又一个逃避学习的借口。把你那点可怜的专注力收回来，今天该背的知识点别拖到明天，该练的题型别嫌麻烦。
	
最后这些天你也该放弃幻想直面现实了，别再被外界的风吹草动干扰，你现在浪费的每一分钟，都是未来可能追悔莫及的瞬间。每天问问自己，今天的任务能不能完成？知识点能不能吃透？错题能不能复盘？别给自己找任何借口，完不成就是没努力，学不会就是没下功夫。
	
别再自欺欺人了，如果这点压力都承受不住，还是建议现在就放弃。后面的路还这么长，现在的眼泪不过是开场白，好了我不说了，你哭完擦擦眼泪一定要继续学，别看不清楚去往山顶的路了。
#考研[话题]# #考公[话题]# #临阵磨枪不快也光[话题]# #学习经验[话题]# #学习[话题]# #作业帮[话题]# #作业帮app[话题]# #AI学习上作业帮[话题]# #搜题软件[话题]# #AI学习工具[话题]# #学完我要怒玩手机[话题]# #学不了滚[话题]#",,1764411626000,1764327178000,5d386e850000000010009065,不学习就滚,https://sns-avatar-qc.xhscdn.com/avatar/1040g2jo31a04nfdonc005n9odq2k1435bksgs48,1.7万,2824,265,217,河南,"http://sns-webpic-qc.xhscdn.com/202512051936/932947ff8336387e67d1015db3eff47f/notes_pre_post/1040g3k031pe6uio72g005n9odq2k1435uf1k13o!nd_dft_wgth_webp_3,http://sns-webpic-qc.xhscdn.com/202512051936/26949e3b1b46fa66265abadd7556195d/notes_pre_post/1040g3k031pe6uio72g2g5n9odq2k1435ai5ivo0!nd_dft_wlteh_webp_3,http://sns-webpic-qc.xhscdn.com/202512051936/9961e83a965d864d5761b301eb0a6036/notes_pre_post/1040g3k031pe6uio72g305n9odq2k1435vospid0!nd_dft_wlteh_webp_3,http://sns-webpic-qc.xhscdn.com/202512051936/230f9380980f473f679873c3de3120e0/notes_pre_post/1040g3k031pe6uio72g0g5n9odq2k14355nt9p1o!nd_dft_wlteh_webp_3,http://sns-webpic-qc.xhscdn.com/202512051936/985296f9009739119fe5994dd8c72e61/notes_pre_post/1040g3k031pe6uio72g205n9odq2k14359ofmgi8!nd_dft_wlteh_webp_3,http://sns-webpic-qc.xhscdn.com/202512051936/beabbe8b658f5d88ac639a87c459178e/notes_pre_post/1040g3k031pe6uio72g1g5n9odq2k14356lj2pig!nd_dft_wlteh_webp_3,http://sns-webpic-qc.xhscdn.com/202512051936/60a9bd46245fc5b7e0a06a2051d5de92/notes_pre_post/1040g3k031pe6uio72g105n9odq2k14354bne71o!nd_dft_wlteh_webp_3","考研,考公,临阵磨枪不快也光,学习经验,学习,作业帮,作业帮app,AI学习上作业帮,搜题软件,AI学习工具,学完我要怒玩手机,学不了滚",1764934623704,https://www.xiaohongshu.com/explore/69297ebd000000001e03aee1?xsec_token=ABaY3SbIb3HkJpjitPATEut_2k8-BJqS3xTS1XQzE5DJQ=&xsec_source=pc_search,考研,ABaY3SbIb3HkJpjitPATEut_2k8-BJqS3xTS1XQzE5DJQ=
691079ff0000000003013411,normal,我来讲一下我的初试经历吧,"考前那天我根本没学习，整个人都很浮躁，下午我爸把我送到我定好的酒店。我先走过去看了考点，是个小学，看完考点去打印准考证（我打印了七张…因为七上八下），回酒店吃完饭收拾好考试的东西我就洗澡睡觉了。
	
考试第一天早上六点起床，拉开窗帘发现可以看到日出（p2，北方的冬天真的蛮冷的…到了考场大家都在外面背书，外面太冷我怕把手冻僵了写不了题就想赶紧进考场，小学教室里是小小的桌子小小的椅子。
	
做题的过程里我发现政治选择题我都模棱两可，大题有几个根本没背，但交卷铃响的时候卷子我也全都写满了。
	
下午英语，阅读理解看得懂每个单词，但抓不住整体意思….作文题目一看就懂，但我写的干巴巴的…我现在回忆都觉得尴尬，我好不容易才答完题🥹…我秉承着考完一门抛弃一门的原则，考完就光速冲出考场打车回酒店了，那天我点的炸鸡和小蛋糕（别管真的很想吃…）。
	
第二天专业课，排队进考场的时候和前后的陌生同学都互相开玩笑说真的学的不咋样，还没学会就开考了。拿到目标院校寄来的信封，我一点也不慌张，我只想尽可能地把能想到的内容都写上去，超级全神贯注，监考老师也都很有耐心，会一步一步演示怎么密封试卷。
	
那天走出考场天都快黑了，但是我觉得挺好看的还拍了照片（p3，回酒店拿完箱子就自己打车回家了。一路上我都超级平静，路上我在想：一年的努力，化作了几张小小的卷子，这几张卷子又有可能会决定你接下来几年的人生走向，这几年的走向又有可能会改变你的整个人生，蛮神奇的…
	
我到家的时候我爸做好了饭，站在家门口接我，爸爸妈妈一点也没问我考的好不好，好像那天我哪都没去，特别普通。后来我也没对答案，考完就啥都没管。
	
现在我研二了，如今回想起来，好像考研的意义不在于具体的题目和答案，而在于它教会了我如何在压力下保持尊严，在不确定性中坚持前行。那时的我无论如何也想不到，两年后能够如此平静地回忆这段经历。
	
我考前那几天没咋复习，考试那两天也没顶着寒风在考场外面背书，但最后考的出乎意料又合情合理的好。考研不难，考试那几天也特别普通，难的是你会在备考过程中不断怀疑自己，如果你看到这里，你只需要放轻松就好，安心学完这40天，相信你自己，一切自有天意。
#考研[话题]# #26考研[话题]# #考研打卡[话题]# #考研经验分享[话题]# #考研上岸经验[话题]# #考研带给我的人生变化[话题]#",,1762687487000,1762687487000,63033700000000000f00534c,你怎么知道我考研上岸了,https://sns-avatar-qc.xhscdn.com/avatar/639b0c89c02cb1719fa2d6b8.jpg,1.5万,4204,1314,923,山东,"http://sns-webpic-qc.xhscdn.com/202512051936/6e20fcef760efbf6c0230401f5270375/1040g00831ololsmmmg805oo36s03okqc4gm8ug8!nd_dft_wlteh_webp_3,http://sns-webpic-qc.xhscdn.com/202512051936/00356a00fd4298ee08eed59d3fde84d1/1040g00831ololsmmmg705oo36s03okqcg5efka8!nd_dft_wlteh_webp_3,http://sns-webpic-qc.xhscdn.com/202512051936/cef5ec329f7def144ed510283a66339c/1040g00831ololsmmmg7g5oo36s03okqc8hcs3do!nd_dft_wlteh_webp_3","考研,26考研,考研打卡,考研经验分享,考研上岸经验,考研带给我的人生变化",1764934623707,https://www.xiaohongshu.com/explore/691079ff0000000003013411?xsec_token=ABifh3JVwvoT2cxNhABHpllBdKuuImoLLUHCORHArmaVU=&xsec_source=pc_search,考研,ABifh3JVwvoT2cxNhABHpllBdKuuImoLLUHCORHArmaVU=
69203584000000001e03b3b3,normal,不是，你到底正在纠结什么❓几点开始学都不晚,"什么时候了还在这琢磨这个纠结那个？先纠结早上六点起还是七点起，再纠结押题卷到底写三套还是五套，纠结这道题要不要标记下次再看，纠结到太阳落山，最后焦虑倒攒了一肚子。你真以为现在时间还够？时间一点点流走，你还在为这些没用的琐事内耗。都不准再躲在舒适区里自我感动了，怎么能在这眼睁睁看着时间一点点浪费干净？
	
我知道现在你是也懵也闷，急得上火又不知道怎么开始，现在真算是你这辈子感觉突发状况至多的时候，整个人晕晕的看起来忙忙的其实自己一复盘感觉什么也没忙出个名堂。感觉天天晕晕乎乎的乱忙，晕晕乎乎的摆烂，又晕晕乎乎的狂学。
	
现在每分每秒都在筛人，哪有功夫让你磨磨唧唧。你所谓的不想学，根本不是没毅力，就是一次次面对不会的题目、看不懂的解析，攒够了挫败感而已。一道数学题卡半小时，翻答案只看到个最终结果，解题步骤跳得跟跨栏似的，下次遇到同类题照样错，这种无效学习，在考研的倒计时阶段就是纯纯浪费上岸机会，换谁谁能坚持？
	
现在不是比谁坐得久，而是比谁能真弄懂，尤其冲刺期，每道题都得发挥最大价值。为啥有人刷题越刷越有底气？因为他们每做一道题都能吃透解题逻辑，不是光对着答案机械核对，有人说答案我真的是越看越糊涂，高数题别说算出正确答案了，过程我都看不懂，咱有时候就得学会借力，上夸克试试拍照搜题吧，不仅能快速给你准确的答案，还能把解题思路拆解得明明白白，不懂就追问，直到搞透为止，不用再对着模糊的解析死磕浪费时间。考研英语政治数学什么题都能搜，就算是手写公式、图表混合的复杂题型，识别率和准确率都高得很，可以让你跳出只对答案的低效循环，让倒计时里的每一分钟都用在提分上
	
别再抱着那些没用的顾虑不放，都到这个时候了，还唉声叹气干什么，搁那怀念过去的猛劲有啥用啊？现在的你是以前的你吗 现在的你是更好的你！赶紧把那点矫情收起来，两眼一睁就给我学！！！！不准再磨磨蹭蹭哭丧脸了，好吗？好的。
#考研[话题]# #考研数学[话题]# #考研英语[话题]#  #大学生搜题软件[话题]# #悬浮窗搜题[话题]# #夸克[话题]# #备考[话题]# #倒计时[话题]# #学不了滚[话题]# #操[话题]#",,1763720568000,1763718533000,5d386e850000000010009065,不学习就滚,https://sns-avatar-qc.xhscdn.com/avatar/1040g2jo31a04nfdonc005n9odq2k1435bksgs48,1.5万,2807,310,218,河南,"http://sns-webpic-qc.xhscdn.com/202512051937/0ee652265536cbfd2c9cb688ad906e2f/1040g2sg31p54gtobjc705n9odq2k1435eboi5cg!nd_dft_wgth_webp_3,http://sns-webpic-qc.xhscdn.com/202512051937/1947559c6a03adbe8cb1e207f0f6d615/1040g2sg31p54gtobjc9g5n9odq2k1435km3qpc8!nd_dft_wlteh_webp_3,http://sns-webpic-qc.xhscdn.com/202512051937/6045f3a8e26bc4656b050bb5b65b9b4f/1040g2sg31p54gtobjc7g5n9odq2k1435b8lblpo!nd_dft_wlteh_webp_3,http://sns-webpic-qc.xhscdn.com/202512051937/e3a0f20772fe592ac1cb8f65352a16e8/1040g2sg31p54gtobjc8g5n9odq2k1435bnuigm8!nd_dft_wlteh_webp_3,http://sns-webpic-qc.xhscdn.com/202512051937/19ef2b05ec3c9e231a493b423e90d637/1040g2sg31p54gtobjc805n9odq2k1435bb46aqo!nd_dft_wlteh_webp_3,http://sns-webpic-qc.xhscdn.com/202512051937/9c002a45e369466cc52d7a358ea6c088/1040g2sg31p54gtobjc905n9odq2k143571jbff8!nd_dft_wlteh_webp_3","考研,考研数学,考研英语,大学生搜题软件,悬浮窗搜题,夸克,备考,倒计时,学不了滚,操",1764934623711,https://www.xiaohongshu.com/explore/69203584000000001e03b3b3?xsec_token=ABc6P7RxIEOjqMrXrEL6mLNrPoxHTys0aid2ABMspIPhA=&xsec_source=pc_search,考研,ABc6P7RxIEOjqMrXrEL6mLNrPoxHTys0aid2ABMspIPhA=
68a59f47000000001b0203f7,normal,人怎么可以争气到这种程度,"翻到以前在职考研的照片
真的很佩服那时候的自己
是怎么每天强制开机6点醒的
只睡5个小时每天都觉得自己要嘎了
喝咖啡喝到心跳加速
每天都安慰自己快结束了很快就结束了
每天都说明天再也不要早起了
6点的闹钟一响还是弹射惊醒
	
可能是不甘心吧
不甘心高考怎么发挥失常了
从年级前100掉到四五百
不甘心怎么当年没有勇气去复读
在二本读大学的日子里
也很努力地去提升自己学习了很多的东西
努力让自己这四年来不后悔
他们说：如果大二了你还觉得自己是高考失败了才来到这所学校就证明是你没有能力了
确实是
一时的失败会将你带到一个不如意的环境
如果过去了很久你依然没能释怀说明你沉溺在过去的失败里
	
可是还是会有遗憾吧
遗憾的是18岁想去的地方没有去到
遗憾的是18岁没有直面失败的勇气
所以考研已经不单纯是为了研究生学历
为了92tittle
为的是24岁时完成了18岁的梦想
#二本考研[话题]# #考研上岸经验[话题]# #质疑理解成为[话题]# #在职备考[话题]#",,1755684679000,1755684679000,6298e1380000000021027307,章鱼想参观戏剧,https://sns-avatar-qc.xhscdn.com/avatar/1040g2jo31hvnl7nn5u5g5okos4s8cso7gqitacg,9068,1191,304,94,,http://sns-webpic-qc.xhscdn.com/202512051937/fd2458eb21f24029bbc94b02f271a431/notes_pre_post/1040g3k831lddtug05m605okos4s8cso735ecrlg!nd_dft_wlteh_webp_3,"二本考研,考研上岸经验,质疑理解成为,在职备考",1764934623725,https://www.xiaohongshu.com/explore/68a59f47000000001b0203f7?xsec_token=ABLDHfGFHsvFFW7QDJswSA0NurVH42EfyH0lDlzLGDyGI=&xsec_source=pc_search,考研,ABLDHfGFHsvFFW7QDJswSA0NurVH42EfyH0lDlzLGDyGI=
6912e8f400000000070390ca,normal,不管还剩几天 只要学习我们都能上岸,"宝宝呀，你偶尔会忍不住自我怀疑，被焦虑反复缠绕，但你还是不管不顾地坚持到了现在 —— 不管是一战还是二战，这段拼尽全力的旅程，本身就足够让人骄傲。其实人生哪有那么多 “上岸” 的标准答案，你慢慢长大、慢慢变强的每一步，都是在靠近自己的 “岸”，你定义的岸，就是最对的岸。
	
这个阶段的你，第一次真切尝到了成年人的迷茫，却也慢慢放下了对父母的依赖，坚定地选了自己想走的路。没人能预知选择的对错，但你敢做决定、愿意为自己负责的样子，就是最耀眼的成长。勇气，本就是人间最动人的光芒，在当下的环境里，你敢踏上考研这条路，就已经是个超有勇气的人啦。
	
这个阶段会怀疑自己太正常了，没多少人能在这样的压力下泰然自若。每个人都有自己的节奏，一步一步踏实走就好：背得慢就多花点时间，错得多就好好复盘，没有什么能挡住你的脚步。那些让你没完没了焦虑的事，就狠狠忽略掉 —— 自己永远是最重要的，别跟着别人一起苛责自己。
	
别为过去浪费的时间自责，那些都已经翻篇了。新的一天不会因为你的后悔停留，也不会因为你的犹豫等待，你要记得，只要愿意开始，永远都不算晚。
#考研人精神[话题]# #考研人的心理状态[话题]# #我一定上岸[话题]# #我们都会上岸[话题]# #你一定会上岸[话题]#",,1762846964000,1762846965000,68da2883000000002101acd1,梨说什么,https://sns-avatar-qc.xhscdn.com/avatar/1040g2jo31o28t6q2l26g5q6q521obb6hd11d8v0,8717,423,2232,88,广东,http://sns-webpic-qc.xhscdn.com/202512051937/1676f61d4538ecafbd5c928cca35543b/notes_pre_post/1040g3k031omt2hj350305q6q521obb6hpt0ift0!nd_dft_wlteh_webp_3,"考研人精神,考研人的心理状态,我一定上岸,我们都会上岸,你一定会上岸",1764934623729,https://www.xiaohongshu.com/explore/6912e8f400000000070390ca?xsec_token=AB0kcjoH3M_IJ5cqkpSG0QlAmFtFkjQsn03eBNn1yNaNI=&xsec_source=pc_search,考研,AB0kcjoH3M_IJ5cqkpSG0QlAmFtFkjQsn03eBNn1yNaNI=
68baae4e000000001c00c8f2,normal,个人认为考研英语进步最快的方式（差生版）,"大家好，我是从双非一战考研上岸985的卷卷，主打一个疯狗式学习法，考不上不罢休！很多同学说自己的英语很差，从9月开始备考，英语究竟该怎么学？提到自己试着做真题阅读，能五错四，甚至全错，已经要绝望了。我认为，考研英语的词汇是基础，需要持续巩固；阅读理解分值占比大，是提分的关键；写作则要通过练习在短时间内取得较好的效果；翻译和新题型也不容忽视，要掌握相应的技巧。下面结合我的经验，给大家分享一下从9月开始的英语学习计划，希望大家顺利备考。
#考研[话题]# #26考研[话题]# #考研上岸经验[话题]# #考研英语阅读[话题]# #考研经验分享[话题]# #考研备考攻略[话题]# #考研备考[话题]# #考研经验[话题]# #考研规划[话题]#",,1757064782000,1757064782000,668d09780000000003033312,小红薯6905E6A8,https://sns-avatar-qc.xhscdn.com/avatar/645b7f6e338379fac1893093.jpg,8714,7313,112,512,,"http://sns-webpic-qc.xhscdn.com/202512051937/6fcbd7fb34a7d21235506beb6540208f/1040g00831m200j9o666g5pkd15s0ucoihbm9slo!nd_dft_wlteh_webp_3,http://sns-webpic-qc.xhscdn.com/202512051937/98d05aef2dabde2a624dbfb4b20d9725/1040g00831m200j9o66605pkd15s0ucoio8mfrg0!nd_dft_wlteh_webp_3,http://sns-webpic-qc.xhscdn.com/202512051937/f7b72442c114d1eca0dca7e7cadabd78/1040g00831m200j9o66505pkd15s0ucoici5q92o!nd_dft_wlteh_webp_3,http://sns-webpic-qc.xhscdn.com/202512051937/31e7417b00c873c7377878e36ec6a85a/1040g00831m200j9o664g5pkd15s0ucoi9pfb3so!nd_dft_wlteh_webp_3,http://sns-webpic-qc.xhscdn.com/202512051937/a2d582773cb4b77434d8e09220d4c8a3/1040g00831m200j9o663g5pkd15s0ucoi2cd7c18!nd_dft_wlteh_webp_3,http://sns-webpic-qc.xhscdn.com/202512051937/b3ac3790fd8430295cf81df88d734817/1040g00831m200j9o662g5pkd15s0ucoitjcbdb8!nd_dft_wlteh_webp_3,http://sns-webpic-qc.xhscdn.com/202512051937/658f5799e5e1a6fc9bbc14b0bf82a950/1040g00831m200j9o66405pkd15s0ucoi8ofl9ao!nd_dft_wlteh_webp_3,http://sns-webpic-qc.xhscdn.com/202512051937/52ba61d03a6e84d9fdbdb37e4755ac8e/1040g00831m200j9o66305pkd15s0ucoil0tof1g!nd_dft_wlteh_webp_3,http://sns-webpic-qc.xhscdn.com/202512051937/369e4ee23280ad255683b1f326186ebd/1040g00831m200j9o66205pkd15s0ucoifcs5le0!nd_dft_wlteh_webp_3,http://sns-webpic-qc.xhscdn.com/202512051937/df61ab95458c6c091fac60c5b25e23be/1040g00831m200j9o661g5pkd15s0ucoitebn6fg!nd_dft_wlteh_webp_3,http://sns-webpic-qc.xhscdn.com/202512051937/fd5096e2fcc3de59f5994b017f5fa21d/1040g00831m200j9o66105pkd15s0ucoil3bb9mo!nd_dft_wlteh_webp_3,http://sns-webpic-qc.xhscdn.com/202512051937/399cd6ead931e33005e4b452a50bae21/1040g00831m200j9o665g5pkd15s0ucoii3sptjg!nd_dft_wlteh_webp_3,http://sns-webpic-qc.xhscdn.com/202512051937/6a757d1dd180c79817abe55c1a750a0d/1040g00831m200j9o660g5pkd15s0ucoiblme8qg!nd_dft_wlteh_webp_3,http://sns-webpic-qc.xhscdn.com/202512051937/a2bcd96fd63700e37cccd9f6df4f15c2/1040g00831m200j9o66005pkd15s0ucoi92imkng!nd_dft_wlteh_webp_3,http://sns-webpic-qc.xhscdn.com/202512051937/4d2e7b705fcc4fa2258b41e0213750ca/1040g00831m200m9766605pkd15s0ucoia3r2vao!nd_dft_wlteh_webp_3,http://sns-webpic-qc.xhscdn.com/202512051937/fc778a0e020b2ddfecafdb167df39edf/1040g00831m200m97665g5pkd15s0ucoiuj3i8m8!nd_dft_wlteh_webp_3","考研,26考研,考研上岸经验,考研英语阅读,考研经验分享,考研备考攻略,考研备考,考研经验,考研规划",1764934623732,https://www.xiaohongshu.com/explore/68baae4e000000001c00c8f2?xsec_token=AB-b-LnXWAR5Ia2V-DqEWPwnSqmiydkWwE-GgWmnhcANQ=&xsec_source=pc_search,考研,AB-b-LnXWAR5Ia2V-DqEWPwnSqmiydkWwE-GgWmnhcANQ=
6884d63e000000001c032eb6,normal,让我们恭喜这位女士在21:00,"结束12h学习👏🏻
连续七天早6晚11！
	
晚上好大家！树再次准时打卡🌲 今天背专业课背崩溃了 没想到五页A4纸会背两个多小时🥹 中途想过放弃等明天再继续 但是！树撑住了！因为明天有明天的安排 今日事就要今日毕👊🏻
过去一周真的很幸福！除了完成好多学习目标🎯 还意料之外地得到622位宝宝喜欢！像梦一样诶 我也是好起来了嘿嘿嘿😼 感谢大家的认可！我们备考都顺顺顺顺利～
	
闺闺们请看 今日树的MVP结算🥇
数学函数极限110题
英一2015 Text2+单词300
专业课4h+
逻辑综推小测
政治思修单选
	
关于有宝宝问如何提高效率的问题🙋‍♀️
我觉得最好用的方法就是“任务导向”！
虽然我有在计时⌛️ 但其实原因是方便复盘 调整一下每科目学习时间⏰ 避免在次重要科目上花费太多时间
‼️千万不要时间导向 很容易出现虚假计时 看似时间很长但都是无效学习（我的经验😭）
想通过任务导向提高学习效率和能力🔝 可以每天“多”给自己列Todo🧾
“多”的程度就是——稍稍超过现在的水平 但是咬咬牙还能完成✅ 不要一次性倍加任务 很容易产生挫败感🙅‍♀️ 反而不能持续学习📚
每完成一次这样的增加可以奖励一下自己🎁 可以是一顿漂亮饭 也可以是美丽文具 然后就很容易正循环啦🔄
	
OK！能说的太多但是零零碎碎还没措好词！我们明天见！可能会更如何保持专注？或者分享文具？看到有宝宝说想看时间安排 也可以安排 但是那种上次那种超详细碎碎念版应该不会有了🤔 我写一次要好久😭
大家有什么想了解的随时问我嗷！有合适的我会出专题！
	
#学习[话题]# #学习日常[话题]# #考研[话题]# #埋头学学学[话题]# #学习分享[话题]# #学习动力[话题]# #学习碎片[话题]# #study[话题]#  #studywithme[话题]# #studyaccount[话题]# @薯条小助手 @薯管家 @薯队长 @日常薯 @生活薯 @校园薯",,1753536062000,1753536063000,686fc2d4000000001d00aafd,八爪树_yy,https://sns-avatar-qc.xhscdn.com/avatar/1040g2jo31jsn7a2534005q3foba79ant4a3ckpg,8086,690,129,128,,"http://sns-webpic-qc.xhscdn.com/202512051940/f874e190f465ca937885aa969380dab6/notes_pre_post/1040g3k031kdd6odrio005q3foba79antjm9bsno!nd_dft_wlteh_webp_3,http://sns-webpic-qc.xhscdn.com/202512051940/788bb4b85b5dd73d240aa65847c54848/notes_pre_post/1040g3k031kdd6odrio0g5q3foba79antrs3l12o!nd_dft_wlteh_webp_3,http://sns-webpic-qc.xhscdn.com/202512051940/a35d956ef14bee936c68f67d3afd9e6b/notes_pre_post/1040g3k031kdd6odrio105q3foba79antj440qeg!nd_dft_wlteh_webp_3,http://sns-webpic-qc.xhscdn.com/202512051940/cf6230b2941d46a2c96ee5ce042fe5e6/notes_pre_post/1040g3k031kdd6odrio1g5q3foba79antd8ak548!nd_dft_wlteh_webp_3,http://sns-webpic-qc.xhscdn.com/202512051940/e3acb6381e7b35cea20a0212025e50be/notes_pre_post/1040g3k031kdd6odrio205q3foba79ant9jf8u4o!nd_dft_wlteh_webp_3,http://sns-webpic-qc.xhscdn.com/202512051940/491e5811b1d9aed77311be91ef4fbaba/notes_pre_post/1040g3k031kdd6odrio2g5q3foba79antplusdmo!nd_dft_wlteh_webp_3,http://sns-webpic-qc.xhscdn.com/202512051940/22ed6334724dc756ee5fe916e1a88c03/notes_pre_post/1040g3k031kdd6odrio305q3foba79ant5mrei38!nd_dft_wlteh_webp_3,http://sns-webpic-qc.xhscdn.com/202512051940/3babb3e0e4b2d03b515a1ea7936e1451/notes_pre_post/1040g3k031kdd6odrio3g5q3foba79antk4qn7go!nd_dft_wlteh_webp_3,http://sns-webpic-qc.xhscdn.com/202512051940/c17f9e63d5f15fb371f4e43309a7c095/notes_pre_post/1040g3k031kdd6odrio405q3foba79antaqv4vvg!nd_dft_wlteh_webp_3,http://sns-webpic-qc.xhscdn.com/202512051940/f87c2f72ea7620d700d835c221ea9493/notes_pre_post/1040g3k031kdd6odrio4g5q3foba79ant052d9p0!nd_dft_wlteh_webp_3","学习,学习日常,考研,埋头学学学,学习分享,学习动力,学习碎片,study,studywithme,studyaccount",1764934863267,https://www.xiaohongshu.com/explore/6884d63e000000001c032eb6?xsec_token=ABrYqWvuzLLdoI6WlQOBpM8e8nu_E0NFEumyZZgQ7UbKo=&xsec_source=pc_search,考研,ABrYqWvuzLLdoI6WlQOBpM8e8nu_E0NFEumyZZgQ7UbKo=
6921cf7f000000001e013ede,normal,考研补天。。。。[微笑R],考研补天。。。。[微笑R],,1763823487000,1763823488000,65dc6c43000000000b030506,momo,https://sns-avatar-qc.xhscdn.com/avatar/1040g2jo31pkthc2uju5g5pesdh1iu186etpsj08,7635,1663,1498,488,山东,http://sns-webpic-qc.xhscdn.com/202512051940/94bfc3cab43151777d8cce4f9432e002/1040g00831p6mpumci6005pesdh1iu186v5erlho!nd_dft_wlteh_webp_3,,1764934863272,https://www.xiaohongshu.com/explore/6921cf7f000000001e013ede?xsec_token=ABK_vj_HyMCctf0Q6I11ykYEgiQfru2EKgzQKtjDRhixk=&xsec_source=pc_search,考研,ABK_vj_HyMCctf0Q6I11ykYEgiQfru2EKgzQKtjDRhixk=
681c2b990000000023017f4c,video,我发誓要更努力更有勇气（考研上岸版）,继续成为更好的人吧#考研[话题]##女性成长[话题]##上岸[话题]##二战[话题]#,http://sns-video-bd.xhscdn.com/pre_post/1040g0cg31h76gfupja005om52tv6tdnn99rb0bo,1746676633000,1746676634000,62c5177e000000001b02b6f7,咸菜,https://sns-avatar-qc.xhscdn.com/avatar/1040g2jo31pi8aub2k0005om52tv6tdnnshaq17g,7626,1036,49,79,,http://sns-webpic-qc.xhscdn.com/202512051940/02db4fee91c5a8cd743ae17dc546c458/1040g2sg31h76i4d738505om52tv6tdnn5mjnhp8!nd_dft_wlteh_webp_3,"考研,女性成长,上岸,二战",1764934863275,https://www.xiaohongshu.com/explore/681c2b990000000023017f4c?xsec_token=ABCtCZeyK4qYAGS2DfNEMTF9D9kUws4FVfpUEHNCQGb5U=&xsec_source=pc_search,考研,ABCtCZeyK4qYAGS2DfNEMTF9D9kUws4FVfpUEHNCQGb5U=
67e676d40000000009014ede,normal,给大家普及一下考研第一名的备考强度,"我本科是个普通二本，如果我大三考研时，有人告诉我这些就好了，我大三准备考研时真是什么也不懂，在某乎上看几篇经验贴就云里雾里地开始了。一路没少踩坑、焦虑、自我怀疑。
作为上岸的过来人，我写这篇干货贴，希望可以帮到考研小白熟悉考研流程、少走弯路。 内容均为我个人见解，有问题欢迎🍎论区交流。
【每天作息】
~~~早上~~~
6.30-7.30左右开始背单词，背高频词汇，150个左右。
8.00-10.30刷网棵、看专业书、刷真题试卷
中间休息15分钟
11.00-12.00刷唐迟、刷试卷
12.00-12.30整理上午学到的知识点，重点和难点
12.30-14.00午饭和午休时间
~~~下午~~~
14.00-15.30背专业知识、刷专业真题试卷
15.30-16.30刷刘晓燕、练习英语作文
16.30-18.00刷徐涛、背政治知识点
18.00-19.00晚饭和休息
~~~晚上~~~
20.00-21.00刷专业真题
21.00-22.00刷一遍错题，总结记忆
22.00-23.00整理今天的知识点、把每明白的知识点再刷一遍
23.00洗漱睡觉😴
---考研小贴士---
1、通过视频学习单词是最耗时的方式，拿起单词书，踏踏实实背诵！
2、对于招生人数少于4人的专业，考虑报考时请三思。你不知道是否会有关系户或者优秀的竞争者同时报考，你的优秀成绩可能会变得无足轻重，只会让你留下遗憾。
3、理科生和文科生在考研政治的得分上并无明显差距，实际上，前者往往比后者更有优势。
4、四六级分数与考研英语并没有太大关系！
5、英语真题是蕞优秀的学习资料，只要完全掌握历年真题，无论是英语一还是英语二，高分也不是不可能
6、千万别熬夜学习，深夜的学习只会降低你的智商。
7、千万别和别人比较，掌握好自己的进度就行了，不要沾沾自喜，也不要自轻自负。看进度并不能说明什么。
8、要慎重对待经验帖，尤其是考研失败的。有人说看失败的经验帖才有参考价值，这是错误的。正因为是失败的经验帖，为了让自己看上去没有那么“无能”，所以在经验帖里夸大自己的努力。
9、在备考初期，你可能会发现自己学习5分钟就开始玩手机2小时，无法静下心来，这是常见的现象。此时，你不需要过于焦虑，尽量抛开非必需的社交活动，逐渐增加自己的学习时间，形成稳定的备考生活节奏
10、考研期间，你可能会不断地想玩游戏、看小说或刷微博，然而考研结束后，你可能会发现这些东西都变得索然无味。#考研[话题]# #当代读书人[话题]# #考研经验分享[话题]# #考研人精神[话题]# #备考[话题]# #当代读书人[话题]#",,1743156948000,1748311013000,655ca1c30000000002036e2a,考研茶多芬,https://sns-avatar-qc.xhscdn.com/avatar/1040g2jo31kmc2ilbj4005pask71gmrhaap5kqt0,7520,5301,125,244,,http://sns-webpic-qc.xhscdn.com/202512051940/c89f1288d92925320304f615e4e0837d/1040g2sg31hvhsorpmc6g5pask71gmrham4eua4o!nd_dft_wgth_webp_3,"考研,当代读书人,考研经验分享,考研人精神,备考",1764934863279,https://www.xiaohongshu.com/explore/67e676d40000000009014ede?xsec_token=ABHfZZhO5AoF6I953Rz3OKUAvifYZV9PRWBZ5ZqqQ2mME=&xsec_source=pc_search,考研,ABHfZZhO5AoF6I953Rz3OKUAvifYZV9PRWBZ5ZqqQ2mME=
692f6c6a000000001f00ff51,normal,像等死那样等着考研那天到来#考研人的心理状态[话题]#,像等死那样等着考研那天到来#考研人的心理状态[话题]#,,1764715626000,1764715626000,5bfc08652522590001e46f2e,。,https://sns-avatar-qc.xhscdn.com/avatar/5bfca1fbb5f86600014a8af5.jpg,9285,1422,1623,1992,浙江,http://sns-webpic-qc.xhscdn.com/202512051940/d01178c3c9bf5d68431995ee61de53f3/1040g00831pk07466km604bu62o46arpelj02rm0!nd_dft_wlteh_webp_3,考研人的心理状态,1764934863286,https://www.xiaohongshu.com/explore/692f6c6a000000001f00ff51?xsec_token=ABdxrvuGA19he87I-O_idpkYTVGe0pud3YtAmEb2HkdLs=&xsec_source=pc_search,考研,ABdxrvuGA19he87I-O_idpkYTVGe0pud3YtAmEb2HkdLs=
69257d00000000001e00a2e0,normal,腿姐肖老预测的重点时政（必考）,"[向右R]上海合作组织天津峰会，在肖八中多次考察。腿姐也重点预测了。
[向右R] 全球治理倡议  肖八（一）16
主权平等是全球治理的首要前提  （圈钱）
国际法治是全球治理的根本保障 （法宝）
多边主义是全球治理的基本路径 （路边）
以人为本是全球治理的价值取向 （人家）
行动导向是全球治理的重要原则 （导员）
助记:导员为了圈钱在路边问人家要法宝
[向右R]全球治理倡议 肖八（一）33
[一R]是中国为引领全球治理变革贡献的新理念
[二R]是对现行全球治理体制机制的调整改革和创新完善
[三R]有利于促进国际社会共享发展机遇、应对全球性挑战
[四R]有利于推动构建更加公正合理的全球治理体系，携手迈向人类命运共同体
[向右R]上海精神  肖八（二）33
[一R] 被视为处理国与国关系的理念典范
[二R]彻底摒弃冷战思维、零和博弈、文明冲突的历史沉渣
[三R]成为成员国同舟共济、世代友好的凝聚力量
[四R]是上合组织的“根”和“魂”#肖八[话题]##肖秀荣[话题]# #考研政治[话题]# #考研笔记[话题]# #腿姐[话题]# #腿姐政治[话题]# #肖秀荣背诵手册[话题]# #腿姐背诵手册[话题]# #26考研政治[话题]# #肖秀荣政治[话题]#",,1764064512000,1764064512000,5f0fae7e00000000010069f5,小岛来信,https://sns-avatar-qc.xhscdn.com/avatar/1040g2jo318q2kfgb0m605noflpv08qflbi96abo,7058,6271,41,591,江苏,"http://sns-webpic-qc.xhscdn.com/202512051940/de142bcf60810795ce0ca1643f705b68/notes_pre_post/1040g3k031pa9h1i6ic0g5noflpv08qflma4s0v0!nd_dft_wlteh_webp_3,http://sns-webpic-qc.xhscdn.com/202512051940/ab39c816f4fcf5295fbf761527794406/notes_pre_post/1040g3k031pa9fk4gi4bg5noflpv08qfl47umam8!nd_dft_wlteh_webp_3,http://sns-webpic-qc.xhscdn.com/202512051940/460c4ff5f3c9a1335da67fc39489e5b1/notes_pre_post/1040g3k031pa9fk4gi4b05noflpv08qflpd7aie8!nd_dft_wgth_webp_3,http://sns-webpic-qc.xhscdn.com/202512051940/5e56a3fa84684761cc4f608d1ade71a9/notes_pre_post/1040g3k031pa9fk4gi4805noflpv08qflhoqgg50!nd_dft_wlteh_webp_3","肖秀荣,考研政治,考研笔记,腿姐,腿姐政治,肖秀荣背诵手册,腿姐背诵手册,26考研政治,肖秀荣政治,肖八",1764934863289,https://www.xiaohongshu.com/explore/69257d00000000001e00a2e0?xsec_token=ABBFpdTrEgyOSi8Lg36zJrdJ8Dn7fuY6beOmuM3P70ndY=&xsec_source=pc_search,考研,ABBFpdTrEgyOSi8Lg36zJrdJ8Dn7fuY6beOmuM3P70ndY=
690be59f000000000503afd2,normal,再坚持一下 四面漏风说明你有在砌墙,"站在这个时间点上，你感觉外面的冷空气也没有考研进度的四面漏风让人心寒。但是还好，你是四面漏风，风只是漏进来而不是涌进来，你并不是完全站在风中。你为自己盖了房子，虽然不完全牢靠但是已经初具雏形，这是你自己的“陋室铭”罢了。
	
剩下的时间你大可对你的墙缝进行修补，盖地基这么难你都坚持下来了，接下来的修修补补就继续坚持一下，添砖加瓦争取让自己住上心里最满意的房子。
	
#再坚持一下[话题]# #考研[话题]# #锐评[话题]# #加油特种兵[话题]# #毒舌[话题]# #考研人[话题]#",,1762387359000,1762486494000,64672f13000000001002849d,桂花瑞士莲,https://sns-avatar-qc.xhscdn.com/avatar/1040g2jo31lueama4l8005p375s9k514t6i45220,6428,1082,326,558,河北,http://sns-webpic-qc.xhscdn.com/202512051940/a1b6d74c23de8494f01cd08ade94b1d7/notes_pre_post/1040g3k831oha0ctp6m705p375s9k514t94i2bc8!nd_dft_wgth_webp_3,"再坚持一下,考研,锐评,加油特种兵,毒舌,考研人",1764934863293,https://www.xiaohongshu.com/explore/690be59f000000000503afd2?xsec_token=ABlJRP6H2EPPSh_TU0a1ailS_IxRT89c09l7bZVDU-Evk=&xsec_source=pc_search,考研,ABlJRP6H2EPPSh_TU0a1ailS_IxRT89c09l7bZVDU-Evk=
691c86d4000000000d03efa8,normal,做完333模拟卷的进,"丹丹、徐影和洪哥都觉得重要的论述题
学姐把三家的模拟卷论述题进行了汇总，333考研儿们你们都拿这些问题练过手了吗？
在汇总的时候发现三家出的题目很多都是相同的，但是问法可能有些许差异。
从题量上看，洪哥有八套模拟卷，涵盖的考点更全面，中教史上的王守仁、《学记》、壬子癸丑学制、科举制以及书院学姐认为都是高频考点，蔡元培去年考过了，虽然考的不是北京大学改革，但是暂时可以放一放，以选择题方式记忆即可，外教史上福禄培尔和蒙台梭利、赫尔巴特、新教育运动和进步教育运动是高频考点，大家请熟背，针对二战后的教育改革，大家多看看答案是怎么阐述的，如果真的考到了，脑袋里也不是空空如也。
学姐推荐大家把三家的题，拿几个高频考点题目拿来练手，其他题目尝试自己写写要点再看参考答案是如何回答的。
学姐标上颜色的题目都值得一做，大家加油。#教育学洪哥[话题]# #教育综合考研[话题]# #洪哥333[话题]# #教育学考研[话题]# #凯程考研[话题]# #丹丹[话题]#",,1763477205000,1763477205000,606cf3ea000000000101cdcf,河同学又有进步了,https://sns-avatar-qc.xhscdn.com/avatar/1040g2jo31nlg7jud5m0g5o5659b09c3iasclbu0,6206,6066,88,552,浙江,"http://sns-webpic-qc.xhscdn.com/202512051940/9b3cfb645ffee9e006cab24c11abe338/1040g00831p1h61aciu2g5o3cufl0bjefrp6g9ng!nd_dft_wlteh_webp_3,http://sns-webpic-qc.xhscdn.com/202512051940/096ee61a1e0bb3e13b654e6dbdb3bf42/1040g00831p1h61aciu205o3cufl0bjef9eln3o8!nd_dft_wlteh_webp_3,http://sns-webpic-qc.xhscdn.com/202512051940/3abbd100eb72a1db6b8b816c13229934/1040g00831p1h61aciu1g5o3cufl0bjefk16tq58!nd_dft_wlteh_webp_3,http://sns-webpic-qc.xhscdn.com/202512051940/1ff37fa44647a45bec5586af5c5160ff/1040g00831p1h61aciu105o3cufl0bjeffe1vp1g!nd_dft_wgth_webp_3,http://sns-webpic-qc.xhscdn.com/202512051940/c6726cb5030e9f9cff059855805e7098/1040g00831p1h61aciu0g5o3cufl0bjef945lpl8!nd_dft_wgth_webp_3,http://sns-webpic-qc.xhscdn.com/202512051940/a27549b1fd7263ab8334e5d45b53658e/1040g00831p1h61aciu005o3cufl0bjefsi054l0!nd_dft_wgth_webp_3","教育学洪哥,教育综合考研,洪哥333,教育学考研,凯程考研,丹丹",1764934863300,https://www.xiaohongshu.com/explore/691c86d4000000000d03efa8?xsec_token=ABuHaZz662bj0PxHtum05EACs_wO6J5onspLicb_WZmxQ=&xsec_source=pc_search,考研,ABuHaZz662bj0PxHtum05EACs_wO6J5onspLicb_WZmxQ=
673331ab000000003c014263,normal,"终于知道为什么十一月是最多人放弃考研的时候了。
复习的是一坨狗屎，放弃没勇气，坚持也不想坚持了[石化R]老天爷。。到底谁发明的考研。","终于知道为什么十一月是最多人放弃考研的时候了。
复习的是一坨狗屎，放弃没勇气，坚持也不想坚持了[石化R]老天爷。。到底谁发明的考研。",,1731408300000,1731408300000,610e2d02000000000101c373,喜欢小桃子,https://sns-avatar-qc.xhscdn.com/avatar/6135fe486c257c0dd68a08e0.jpg,5550,1224,2463,1594,,http://sns-webpic-qc.xhscdn.com/202512051941/c4c06195812607e7939f21660387cb80/1040g00831a3m1rgbne005o8e5k10bgrjq58s4ko!nd_dft_wlteh_webp_3,,1764934863307,https://www.xiaohongshu.com/explore/673331ab000000003c014263?xsec_token=ABB5W_jBb4fipPNdh2hqBXhIq_uoJdFET3udGJA8J-Dhc=&xsec_source=pc_search,考研,ABB5W_jBb4fipPNdh2hqBXhIq_uoJdFET3udGJA8J-Dhc=
68fe17c3000000000700e7a6,normal,#极限考研[话题]# 玩了好几个月，本来应该游刃有余，现在真的连滚带爬了，第一轮都没过完，完蛋了啊啊啊啊啊啊啊，从明天开始真的不能再玩了，准备极限冲刺五十多天，准备每天六点起床学到晚上十二点，每天打卡时长和完成的任务，加油加油最后坚持一下💪,#极限考研[话题]# 玩了好几个月，本来应该游刃有余，现在真的连滚带爬了，第一轮都没过完，完蛋了啊啊啊啊啊啊啊，从明天开始真的不能再玩了，准备极限冲刺五十多天，准备每天六点起床学到晚上十二点，每天打卡时长和完成的任务，加油加油最后坚持一下💪,,1761482691000,1761482692000,68b415ea000000001900ce4f,老天爷让我考上研究生吧求求了,https://sns-avatar-qc.xhscdn.com/avatar/1040g2jo31o3qbcn44q1g5q5k2nl69jifffjsa1o,5494,1788,746,284,,http://sns-webpic-qc.xhscdn.com/202512051941/e331d68537686a0b06b1d64f1921a3cd/notes_pre_post/1040g3k031o3qe299500g5q5k2nl69jife1da2l0!nd_dft_wlteh_webp_3,极限考研,1764934863311,https://www.xiaohongshu.com/explore/68fe17c3000000000700e7a6?xsec_token=AB69JvpazZBqG1dctSMQZPLd57c0atzCKGScKgIFEMbYg=&xsec_source=pc_search,考研,AB69JvpazZBqG1dctSMQZPLd57c0atzCKGScKgIFEMbYg=
690b1b04000000000302f56b,video,无敌好用又上瘾的考研背单词方法！yyds！,"#00:09[时刻]# 方法适用人群
#00:26[时刻]# 总体介绍 333 背单词大法：三个时间+三个工具+三个方法
	
3个工具（括号是我用的）：单词app（墨墨 or 扇贝）➕纸质书（闪过单词书）➕笔记本（A4活页）
	
#00:55[时刻]# 1️⃣黄金时间点1：早上（单词 APP/小程序）
#01:37[时刻]# 2️⃣黄金时间点2：午饭后（单词 APP+手写）
#02:15[时刻]# 3️⃣黄金时间点3：晚饭后（纸质书）
#02:36[时刻]# ❇️单词加工方法 1：词根（举例-spect）
#03:10[时刻]# ❇️单词加工方法 2：谐音（举例ambulance、sting）
#03:32[时刻]# ❇️单词加工方法 3：找朋友！（举例 compliment 和 complement）
	
作为一个英语基础薄弱，四六级擦边 英一 79 的选手，背单词这条路上真的走了太多弯路，这期是我这么多年的背单词方法总结，建议大家收藏！
	
[火R]为什么是这3个3，他们能达到什么效果？
	
1️⃣3 个时间点：醒来坐起来背单词，这个小技巧让我彻底戒掉赖床。中午和晚饭后，则是因为我观察到自己经常饭后玩手机忘了时间！后面我饭后回图书馆立马开始背单词，学习状态快速被拉回来！节省了大量时间，而且分散背词压力。
2️⃣3 个工具：app 可充分利用碎片时间；纸质书信息更多，勾画积累成就感；笔记本可帮助梳理思路（比如我整理了很多词根、相似单词）
3️⃣3 个单词加工方法：不同的方法会让我们记单词更容易、更有趣、更难忘。
	
另外背单词千万不能均匀发力，非常非常容易产生疲惫，一定要从高频到低频！！先背高频词，不仅可以让我们在做阅读的时候快速获得正反馈，还可以让我们找到背单词的爽感和成就感！由高频到低频的顺序+333 单词大法 是上瘾的关键[加油R][加油R]
#26考研[话题]# #27考研[话题]# #考研[话题]# #考研英语单词[话题]# #背单词[话题]# #考研词汇闪过[话题]#  #小糖的成长日记[话题]# #学习效率[话题]# #词根[话题]# #考研英语[话题]#",http://sns-video-bd.xhscdn.com/spectrum/1040g35031oggdlv7ks7g5obvdu30jciqjibvcag,1762395136000,1762934663000,617f6f86000000000201b25a,小糖的成长日记,https://sns-avatar-qc.xhscdn.com/avatar/1040g2jo30u7s59a4le005obvdu30jciqqj9oj6g,5221,2295,35,140,广东,http://sns-webpic-qc.xhscdn.com/202512051941/ad4c3e581d261b9f52ea0204079fb5a9/spectrum/1040g0k031oggedjc4s005obvdu30jciqt850dr0!nd_dft_wlteh_webp_3,"26考研,27考研,考研,考研英语单词,背单词,考研词汇闪过,小糖的成长日记,学习效率,词根,考研英语",1764934863315,https://www.xiaohongshu.com/explore/690b1b04000000000302f56b?xsec_token=ABlJRP6H2EPPSh_TU0a1ailc7J3_abxqxvnLs0qUw79yY=&xsec_source=pc_search,考研,ABlJRP6H2EPPSh_TU0a1ailc7J3_abxqxvnLs0qUw79yY=
6818a64a000000000f038ced,video,何时葡萄先熟透 你要静侯再静候,"希望明年这个时候 我能拿着研究生录取通知书 慢慢回忆来时的路 告诉自己未来可期
	
考研就像在黑屋子里洗衣服 你也不知道有没有洗干净 你也不知道什么时候天会亮 只能不停的洗 不停的洗
	
最近其实挺迷茫的 因为我一直在不停尝试 有些我觉得效果不好的学习方法 我就不停的调整 最后发现还是之前的方法好  时间越来越近 情绪也很焦虑  这个压力不只是身体上的 更是精神上的   吃好 睡好 学好 别拿未发生的事情折磨自己 别预支焦虑 学的时间都没有了 还有时间焦虑呢 总之保持好的心态 这条路走不通 我们就换条路继续卷  永远不会停止前进的步伐 一起加油
	
同时希望看到这条视频的朋友们 都能一战上岸#人间小卷瓜[话题]# #不是山谷1225[话题]# #考研留给先准备的人[话题]# #不是山谷的考研日记[话题]# #小卷瓜的考研日记[话题]# #学习薯[话题]#",http://sns-video-bd.xhscdn.com/pre_post/1040g2t031h3o5scvjqeg5oc7ri140onumfe4iko,1746445898000,1746445898000,6187dc8200000000100062fe,不是山谷咕,https://sns-avatar-qc.xhscdn.com/avatar/1040g2jo31efufm310k005oc7ri140onuqveckh8,5094,568,56,47,,http://sns-webpic-qc.xhscdn.com/202512051941/b11a477f95b2ae2d08f40ddbd14280c5/1040g00831h3ohcnu3u005oc7ri140onuipmvqng!nd_dft_wlteh_webp_3,"人间小卷瓜,不是山谷1225,考研留给先准备的人,不是山谷的考研日记,小卷瓜的考研日记,学习薯",1764934863322,https://www.xiaohongshu.com/explore/6818a64a000000000f038ced?xsec_token=ABka-SBdJu5VFxLRBUgxVYv4x02qiWN3s-v1wRZ_6hh6k=&xsec_source=pc_search,考研,ABka-SBdJu5VFxLRBUgxVYv4x02qiWN3s-v1wRZ_6hh6k=
684ff07a000000002100de48,normal,一个笨女孩边哭边学，6个月极限考研上岸,"首先给大家介绍一下我的个人情况：我的上岸成绩是英一80，思政81，总分412的兔然卷学姐[派对R]
我的备考时长大概就是6个月，成功从双非上岸985！我是25考研双非上岸985。我不是一个聪明的人，甚至有点笨，本科是双非院校，基础薄弱，进度也比较慢，最开始规划考研的时候经常怀疑自己行不行，有时候情绪崩溃的时候真的很想放弃🥹不过还好我坚持了下来，正式开始备考的时间大概就是从六月开始的，现在开始一点也不晚！
look at my eyes！！ 我分享一下成绩猛涨的小tips：
距离26考研只剩6个月了，很多宝宝可能现在才开始备考，可以来看看我的经验分享！泪水打湿白米饭，再苦再累接着干！跟着本兔现在开始猛猛地开始卷好吗！#考研上岸经验[话题]# #考研复习[话题]# #考研经验分享[话题]# #考研时间安排[话题]# #一战成硕[话题]# #极限考研[话题]# #考研备考攻略[话题]# #考研留给先准备的人[话题]# #26考研[话题]#",,1750069370000,1750069371000,684bdd05000000001e005539,兔然卷,https://sns-avatar-qc.xhscdn.com/avatar/1040g2jo31nvmoqeo066g5q2brk2ngl9p30h4mvg,5080,5119,92,268,,"http://sns-webpic-qc.xhscdn.com/202512051941/215e8528e2f8c9db1e30ba5c6bff88f1/notes_pre_post/1040g3k831ipoamgv1a005q2brk2ngl9ps2vj5l0!nd_dft_wlteh_webp_3,http://sns-webpic-qc.xhscdn.com/202512051941/89a4b75361c9d8ff7444775d5e54aa7d/notes_pre_post/1040g3k831ipoan99h4705q2brk2ngl9p2ia04d0!nd_dft_wlteh_webp_3,http://sns-webpic-qc.xhscdn.com/202512051941/02b609599906b9e5f0c4a86f156367bc/notes_pre_post/1040g3k831ipoan3m1e005q2brk2ngl9pau9v3s8!nd_dft_wlteh_webp_3,http://sns-webpic-qc.xhscdn.com/202512051941/0f22f16371fff5b9224d56ecd43b6dec/notes_pre_post/1040g3k831ipoan1uhe005q2brk2ngl9pp0qc2p0!nd_dft_wlteh_webp_3,http://sns-webpic-qc.xhscdn.com/202512051941/0438fcefb8952e7a117337dd9654f327/notes_pre_post/1040g3k031ipoamu01a705q2brk2ngl9p0mb1v8g!nd_dft_wlteh_webp_3,http://sns-webpic-qc.xhscdn.com/202512051941/f635c6a2c6eb1bb932495e9c0727d176/notes_pre_post/1040g3k031ipoampk1e005q2brk2ngl9pp9v33k8!nd_dft_wlteh_webp_3,http://sns-webpic-qc.xhscdn.com/202512051941/cb84a2fd12ca992ba94f3a0816f3a856/notes_pre_post/1040g3k031ipoaml21a705q2brk2ngl9p25jagrg!nd_dft_wlteh_webp_3","考研上岸经验,考研复习,考研经验分享,考研时间安排,一战成硕,极限考研,考研备考攻略,考研留给先准备的人,26考研",1764934863325,https://www.xiaohongshu.com/explore/684ff07a000000002100de48?xsec_token=ABpKQKBZwVv4ZWLlMKUysgdYjCPGTSXVO4tP4Os29UQrk=&xsec_source=pc_search,考研,ABpKQKBZwVv4ZWLlMKUysgdYjCPGTSXVO4tP4Os29UQrk=
68e2638500000000070390ec,normal,27考研现在应该干点什么[微笑R],27考研现在应该干点什么[微笑R],,1759667077000,1759667077000,66b111ad000000001d022ced,蹦跶,https://sns-avatar-qc.xhscdn.com/avatar/1040g2jo31m124n344u005plh26mncb7dcpspg58,5069,5067,353,364,,http://sns-webpic-qc.xhscdn.com/202512051941/d7f97846365a4a02dabb6d78e51c9e0f/1040g2sg31n8os565l2005plh26mncb7dhid34ng!nd_dft_wlteh_webp_3,,1764934863329,https://www.xiaohongshu.com/explore/68e2638500000000070390ec?xsec_token=ABoLZ4FfcPuvxZsfCiVmtL_1BeKJRXcdGaKMH4YwLytYk=&xsec_source=pc_search,考研,ABoLZ4FfcPuvxZsfCiVmtL_1BeKJRXcdGaKMH4YwLytYk=
68e7615b0000000005030278,video,考研学不进去了就看一遍,"朋友，考研这条路，确实很辛苦。
我知道，你每天都在做题。660题，题目很基础，但也很难。一道题可能要想很久，算很多遍。草稿纸上写满了数字，有时候算对了，心里会踏实一点；算不对，就要翻书看答案，再重新做一遍。这个过程很枯燥，也很考验人。但请你一定要坚持下去，因为做这些题的目的，就是为了把基础打牢。每一个你搞懂的知识点，都会成为你考场上的底气。
等660题做得差不多了，你还会遇到330题。那里的题目会更综合，会把好几个知识点放在一起考你。你可能会觉得更难，可能会受挫。这都很正常。但这正好能帮你把之前零散学的东西，串联成一个整体。
做题，犯错，订正，再做题。这就是你每天的生活。考研的成绩，不是运气变出来的，就是这样一题一题做出来的。
别想太多结果，把握住现在的每一天。今天的计划完成了吗？错题都弄懂了吗？这就够了。
坚持住，等你走上考场的那一刻，你会感谢现在这个认真、努力的自己。
加油。
#考研经验分享[话题]#           #考研上岸经验[话题]#           #考研数学[话题]#           #26考研[话题]#           #武忠祥[话题]#          #武忠祥高数[话题]#          #考研数学武忠祥[话题]#          #李永乐线代[话题]#  #武忠祥严选题[话题]#",http://sns-video-bd.xhscdn.com/1040g00g31ndks31a5me05pug0ri3jpbemnvufu8,1759994203000,1760881923000,67d006e4000000000e01e56e,酥po爱豆,https://sns-avatar-qc.xhscdn.com/avatar/1040g2jo31j92blpg34005pug0ri3jpbe32qnrc0,5070,1828,274,116,,http://sns-webpic-qc.xhscdn.com/202512051941/b5fdaa0a10d73e3181985e5bbc477fc8/1040g2sg31ndks319lie05pug0ri3jpbeoru3bl0!nd_dft_wlteh_webp_3,"考研经验分享,考研上岸经验,考研数学,26考研,武忠祥,武忠祥高数,考研数学武忠祥,李永乐线代,武忠祥严选题",1764934863332,https://www.xiaohongshu.com/explore/68e7615b0000000005030278?xsec_token=AB6xh2mX7kIbFnhGWeA_4ShHSH968Mod66d41Se25lN40=&xsec_source=pc_search,考研,AB6xh2mX7kIbFnhGWeA_4ShHSH968Mod66d41Se25lN40=
690ca6080000000004006cca,normal,一到11月刷到我的同学就多了（扶额苦笑）,"首先20天考研上岸是真的，我那年是12月24号考试，我是从12月初开始准备的，我是零基础，四级没过，本科双非，工作了两年且和专业不相关，拖延加懒惰。
虽然就二十天了，但是我还是决定把所有知识点都过一遍，我用的方法很极限，因为我时间太紧张，我差不多是每天早上六点睡觉，睡到中午十二点起床，除去吃饭，一天16+的时间都在学习，我的目标是五天一门专业课，所以我差不多是1.5或两倍速听小破站的课，配套刷考研真题。刷到滚瓜烂熟的程度，中间专业课学恶心了就刷肖四肖八，不过推荐时间紧张专业课最好一口气一本学完，陆续几天只学一门专业课，这样效率高一些，理学一本正常教材跟着网课大概四五天是可以结束的。
英语大小作文感觉是保底的，单词来不及的话要好好准备大小作文，我当时单词来不及背，只准备了大小作文最后考了五十多，基础不好可以参考别人的模板，自己写一个不要那么大众化的。
政治的话，我当时只准备了肖四肖八选择题，还有背了肖四前两套大题，也是五十多，是偏低的，建议至少前四套。
总的来说就是，不要放弃任何一个知识点，系统的学过一遍就有机会！加油加油！
#考研[话题]##祝大家都上岸[话题]# #还有一个月[话题]# #考研上岸经验[话题]# #还来得及吗[话题]# #下一步上岸[话题]#",,1762436616000,1762436616000,63515523000000001802c4be,你不知道,https://sns-avatar-qc.xhscdn.com/avatar/64248900830af0b631ffe66f.jpg,4978,3072,257,432,安徽,http://sns-webpic-qc.xhscdn.com/202512051941/b0b50142e54f875fd2f186f83b2c7fbf/1040g2sg31oi078neg6e05oqhakhm5h5uclb5u3o!nd_dft_wlteh_webp_3,"考研,祝大家都上岸,还有一个月,考研上岸经验,还来得及吗,下一步上岸",1764934863335,https://www.xiaohongshu.com/explore/690ca6080000000004006cca?xsec_token=ABXQdCQA40G6NE88uvcapWHjfWWx4yOCGPzvZOt46_wDs=&xsec_source=pc_search,考研,ABXQdCQA40G6NE88uvcapWHjfWWx4yOCGPzvZOt46_wDs=
688b3826000000002302cee4,normal,八月开始考研，觉得学不完的参考下我的强度,"大家好，我是双非一战考研上岸985的卷卷，主打一个疯狗式学习法，考不上不罢休！本人属于智商平平、低精力人。还记得刚开始我的英语阅读能五错三甚至五错四，考研政治刷题错误率极其高，专业课更是天书一样，背了就忘。但好在我一次又一次push自己，调整好计划后，我发现我在一点点进步。
我深知8月起步的紧迫感，整理了考研英语、考研政治和专业课的全科规划，按照阶段性任务、每月学科规划和心态建议分享，全是实操干货，希望能让大家少走弯路，顺利备考！
8 月：
🍡英语：
每天要保证 3 小时学习时间。
早上用 1 小时背真题里的生词，不用抱着单词书死记，就从 2005 到 2010 年的阅读真题里挑不认识的词，记的时候要结合句子意思。
下午用 2 小时精读两篇阅读，第一遍先限时做，然后逐句翻译，遇到长难句就拆分结构。这种方法虽然慢，但能帮你快速熟悉真题的语言风格。
🍡专业课：
每天至少 4 小时，先把指定教材过一遍，用思维导图梳理章节框架，比如管理学可以按 ""计划 - 组织 - 领导 - 控制"" 四个职能来搭建框架。同时要收集近 5 年的真题，大致看看常考的章节有哪些，不用急着做。
🍡政治：
可以先不着急，等 9 月中下旬再开始，现在主要学习专业课和英语。
	
详细规划大家就看图片吧！祝大家备考顺利！
#考研[话题]# #26考研[话题]# #考研上岸经验[话题]# #考研经验分享[话题]# #考研备考攻略[话题]# #考研经验[话题]# #极限考研[话题]# #考研备考[话题]#",,1753954342000,1753954343000,668d09780000000003033312,小红薯6905E6A8,https://sns-avatar-qc.xhscdn.com/avatar/645b7f6e338379fac1893093.jpg,4950,4191,92,360,,"http://sns-webpic-qc.xhscdn.com/202512051944/06d8173acfd5f5b49ef89c4d0c12e16f/1040g2sg31kjkr2kb30dg5pkd15s0ucoih2o077o!nd_dft_wlteh_webp_3,http://sns-webpic-qc.xhscdn.com/202512051944/63346e0149ec40af5bda0ee111af3c50/1040g2sg31kjkr2kb30d05pkd15s0ucoiifq5sc0!nd_dft_wlteh_webp_3,http://sns-webpic-qc.xhscdn.com/202512051944/6ec70e2022cc4a2e770a1219903234fe/1040g2sg31kjkr2kb30c05pkd15s0ucoinbbdff0!nd_dft_wlteh_webp_3,http://sns-webpic-qc.xhscdn.com/202512051944/345a7ac0b4602a8156aa77c40d360b47/1040g2sg31kjkr2kb30bg5pkd15s0ucoi3est13o!nd_dft_wlteh_webp_3,http://sns-webpic-qc.xhscdn.com/202512051944/46dc03cff47beadec70e68fbeb2b82eb/1040g2sg31kjkr2kb30cg5pkd15s0ucoil2nag3o!nd_dft_wlteh_webp_3,http://sns-webpic-qc.xhscdn.com/202512051944/fbde5f1388d6a8987da0e1694f5008ed/1040g2sg31kjkr2kb30b05pkd15s0ucoigs2earo!nd_dft_wlteh_webp_3,http://sns-webpic-qc.xhscdn.com/202512051944/cfbe66fa8cce0130c52ff5962891f820/1040g2sg31kjkr2kb30ag5pkd15s0ucoiae8sb7g!nd_dft_wlteh_webp_3,http://sns-webpic-qc.xhscdn.com/202512051944/5a09a26d942bba7ef8605ca934361a42/1040g2sg31kjkr2kb309g5pkd15s0ucoiiu02tb0!nd_dft_wlteh_webp_3,http://sns-webpic-qc.xhscdn.com/202512051944/c8810f73bfc1d73953448230ea733b91/1040g2sg31kjkr2kb30805pkd15s0ucoino3u1io!nd_dft_wlteh_webp_3,http://sns-webpic-qc.xhscdn.com/202512051944/e2355777578b3e9863a6964fcc7d04e2/1040g2sg31kjkr2kb30905pkd15s0ucoi31c3ti8!nd_dft_wlteh_webp_3,http://sns-webpic-qc.xhscdn.com/202512051944/cca64b68fcc0e08622866e85875014ab/1040g2sg31kjkr2kb308g5pkd15s0ucoi4k4crk8!nd_dft_wlteh_webp_3,http://sns-webpic-qc.xhscdn.com/202512051944/6f3b0e177b06618be040ba65d6341332/1040g2sg31kjkr2kb30a05pkd15s0ucoii63ao9g!nd_dft_wlteh_webp_3","考研,26考研,考研上岸经验,考研经验分享,考研备考攻略,考研经验,极限考研,考研备考",1764935100897,https://www.xiaohongshu.com/explore/688b3826000000002302cee4?xsec_token=ABgJGltU2-V_-57M4weCr48uctL8mAz6UT-puVzuqsxMU=&xsec_source=pc_search,考研,ABgJGltU2-V_-57M4weCr48uctL8mAz6UT-puVzuqsxMU=
690455c1000000000700bbc5,normal,致考研：我像主人公般选择主动遭遇，掌握命运,"要搬家整理用不到的书📚
翻到考研教材和笔记🥹
*复试结束大多数书都丢了
但民刑腿姐陪伴了全程、记满笔记
读研实习搬了好几次家都没舍得丢
-🤲🏻它们就是我的老朋友、吉祥物、是我最勇敢的纪念品🎁 无论什么时候看到都能传递给我无尽的勇气
	
💬考研那年 我一开始就决定考北大
一整年我没有告诉任何人目标🤐包括爸妈👨🏻👩🏻
他们旁敲侧击了几次  被我稍微一误导
以为我打算考本校就没再问
直到考完那天晚上 我们仨视频📲
😆他俩半开玩笑问：考得怎么样 本校稳了吧
😬我说：其实我..报了北大
😶然后他俩沉默了（是真沉默-对视👀
我呢 说完这句话在屏幕这头 立马开始哭😭
积累一整年的压力在那天晚上大爆发💧
然后我妈也跟着哭😢
我爸则比较镇定 说：我们都以为你考本校
下一句是：还能换志愿吗（考研流程都不清楚
😤我：不能💢
	
👉🏻至今不知道当时哪来的勇气和盲目自信
🤲🏻但考研确实让我变成了我欣赏的狠毒女人👩🏻‍💼
1️⃣我已经坚信 世界上没有我做不成的事
都考过研了 没什么能难倒我✊🏻
做所有事都以：
确定目标、设定/执行计划、复盘推进
2️⃣超绝主体性和心态
之后的这些年
比起被动遭遇苦难的手足无措、惊慌大叫
我会选择开启苦难、在其中磨练心智
这种主人公般的主动遭遇 让我反复觉得我是一个独立的、能掌握自己命运轨迹的强大个体💪🏻
	
于是我永远怀念和感谢那年
·图书馆-食堂-宿舍三点一线的生活
·不用考虑任何人任何事（什么都不关心
·所有精力只留给我和我做的事
努力达成一个可以说是“痴心妄想”的目标
·每天学到精疲力竭 就去操场跑个步睡一觉
只要第二天天一亮  我又变成一块吸满水的海绵 有使不完的劲
—
最后，我致力将腿姐gzh带背安利给所有26考研er
我喜欢边吃早点边听腿姐每日带背
她陪伴你早起 早早更新 大概10min
*听完-默写-做测试题 知识点就进脑子
在结尾鼓励中启程去图书馆
*配套的背诵手册我翻烂用针缝上的
权威性无须多言 ➡️还没买齐冲刺资料的26考研er趁天猫双十一全年最优惠速速购入
📖图书类商品可同时叠加88VIP九折券和满200减30元图书天降券
（淘宝🔍“领券中心”就能领图书天降券
✅腿姐背诵手册到手20.7r
✅肖4+肖8到手53.29r
--
记住！你是主人公！
而主人公到最后都会赢的
	
#下一站请上岸[话题]# #考研[话题]# #考研加油[话题]#",,1761893363000,1761891777000,62ff26950000000012003516,老娘日记byVian,https://sns-avatar-qc.xhscdn.com/avatar/1040g2jo30s2jtitj2g005onv4qakgd8mlh79fo0,4900,559,116,29,,"http://sns-webpic-qc.xhscdn.com/202512051944/32d86ded3dc1552c21d1995cb7d42be9/1040g00831o9rkmsi4s0g5onv4qakgd8mpcnisk0!nd_dft_wlteh_webp_3,http://sns-webpic-qc.xhscdn.com/202512051944/62b7cddc6e201c443c97dd4b250bec47/1040g00831o9rkmsi4s305onv4qakgd8mbtdb2f8!nd_dft_wlteh_webp_3,http://sns-webpic-qc.xhscdn.com/202512051944/798ba0e0fc04928e8f4a6bd61b3c361e/1040g00831o9rkmsi4s5g5onv4qakgd8mjjnk9hg!nd_dft_wlteh_webp_3,http://sns-webpic-qc.xhscdn.com/202512051944/b4374b42630340f92672df405469fc57/1040g00831o9rkmsi4s505onv4qakgd8m2qq2r1o!nd_dft_wlteh_webp_3,http://sns-webpic-qc.xhscdn.com/202512051944/38b5c351ee30276eecd492bb48a2594c/1040g00831o9rkmsi4s105onv4qakgd8m9fgvhdg!nd_dft_wlteh_webp_3,http://sns-webpic-qc.xhscdn.com/202512051944/c5bdb371216100efcab25dcb6226fd8e/1040g00831o9rkmsi4s3g5onv4qakgd8m3eiusa0!nd_dft_wlteh_webp_3,http://sns-webpic-qc.xhscdn.com/202512051944/7ba633911f75940b085f5008320c1998/1040g00831o9rkmsi4s405onv4qakgd8mb8brc2g!nd_dft_wlteh_webp_3,http://sns-webpic-qc.xhscdn.com/202512051944/1bc78d7236a2717defc537e2c8549d8d/1040g00831o9rkmsi4s2g5onv4qakgd8ms5l07r8!nd_dft_wlteh_webp_3,http://sns-webpic-qc.xhscdn.com/202512051944/d389c81b02b9623ac700b880cdc2f981/1040g00831o9rkmsi4s005onv4qakgd8mgkqd7oo!nd_dft_wlteh_webp_3,http://sns-webpic-qc.xhscdn.com/202512051944/ebd3ff4bf878833cc1dca6b3ecb68ac6/1040g00831o9rkmsi4s4g5onv4qakgd8mfcorepg!nd_dft_wlteh_webp_3,http://sns-webpic-qc.xhscdn.com/202512051944/f2640f6d7cf9001882e46be2cedf36a3/1040g00831o9rkmsi4s1g5onv4qakgd8mnm1rt6o!nd_dft_wlteh_webp_3,http://sns-webpic-qc.xhscdn.com/202512051944/b35638d34a47181b8dedf5f5fb108590/1040g00831o9rkmsi4s205onv4qakgd8m3540u50!nd_dft_wlteh_webp_3","下一站请上岸,考研,考研加油",1764935100901,https://www.xiaohongshu.com/explore/690455c1000000000700bbc5?xsec_token=AB_xbjr_qAFH_yvhFaRpUdB8CaH3UbaEd4O3f6_reZaGs=&xsec_source=pc_search,考研,AB_xbjr_qAFH_yvhFaRpUdB8CaH3UbaEd4O3f6_reZaGs=
6846b0ca0000000022007dff,normal,一个笨女孩考研405分的6月进度安排（上岸版,"先说一下我自己的情况，我从小到大都是那种成绩中上游，脑子不太灵活全靠自己花大把时间努力学的小镇文科女。下定决心考研的时间不算早，差不多就是在去年6月份，所以现在开始准备考研的宝子，只要和我一样不考数学就绝对不用慌！去年我刷到了很多红薯博主的考研经验和工具推荐笔记，收获非常多。最近我时间比较多所以今年也想把自己的经验分享给26届考研的宝子，特别是情况和我差不多的普通女生，希望能把上岸的好运分给大家！
#考研备考[话题]# #考研经验分享[话题]# #考研规划[话题]# #考研过来人的避坑法则[话题]# #考研[话题]# #26考研[话题]#",,1749463242000,1749463243000,668d09780000000003033312,小红薯6905E6A8,https://sns-avatar-qc.xhscdn.com/avatar/645b7f6e338379fac1893093.jpg,4875,3937,93,201,,"http://sns-webpic-qc.xhscdn.com/202512051944/f1331083e9c36b2c28cb5fc1c8d4ea23/1040g2sg31ignacruge605pkd15s0ucoi3h96rmg!nd_dft_wlteh_webp_3,http://sns-webpic-qc.xhscdn.com/202512051944/00347ddd1f61620fc68f4b185b3b368e/1040g2sg31ignacruge505pkd15s0ucoilid543g!nd_dft_wlteh_webp_3,http://sns-webpic-qc.xhscdn.com/202512051944/1f461d5da71b60a1aae5ff5fce9e9886/1040g2sg31ignacruge4g5pkd15s0ucoiv5ksecg!nd_dft_wlteh_webp_3,http://sns-webpic-qc.xhscdn.com/202512051944/81a423775823b32a2be08c901dec3cc3/1040g2sg31ignacruge5g5pkd15s0ucoi0lptk28!nd_dft_wlteh_webp_3,http://sns-webpic-qc.xhscdn.com/202512051944/b2ca8b3fc696314a5ff037512b41f39d/1040g2sg31ignacruge405pkd15s0ucoifqgue4g!nd_dft_wlteh_webp_3","考研备考,考研经验分享,考研规划,考研过来人的避坑法则,考研,26考研",1764935100905,https://www.xiaohongshu.com/explore/6846b0ca0000000022007dff?xsec_token=ABLcEOB0EyZh4KUb0B7GuyDlarUqD_2f_VdAfEDOQjYY4=&xsec_source=pc_search,考研,ABLcEOB0EyZh4KUb0B7GuyDlarUqD_2f_VdAfEDOQjYY4=
69248d2b000000001e00a088,normal,去尼麻的考研……..,滚，感觉自己学不完了，背不完了…..明明四月份就开始了，怎么感觉还是极限考研。一天花8h+时间在背书上，还要写卷子，刷题，我想睡觉[哭惹R]……啊啊啊啊怎么就下下下周考试了[哭惹R]肖8还差一套没写，前几套均分33好想死好想死好想死[哭惹R]分析题模版才背了思修和马原，背诵手册都没轮完一轮….英语客观题35-45不定 ，完全看新题型和完型的运气。。尼玛的学艺术也太天打雷劈了、、怎么能把分数线划这么高直逼400啊啊啊…感觉自己的竞争对手都很强大，[哭惹R][哭惹R]#哪有不疯的硬撑罢了[话题]# #考研人精神[话题]# #要考试了[话题]#,,1764003115000,1764003115000,61338d03000000000201bdad,Um19110,https://sns-avatar-qc.xhscdn.com/avatar/1040g2jo31fnppk35ni005o9jhk1gjfdd13ek2n0,4738,388,875,274,四川,"http://sns-webpic-qc.xhscdn.com/202512051944/a0d3ddfb12ccd986e2f92bcc912e0f0f/notes_pre_post/1040g3k031p9c9pjli4005o9jhk1gjfdd08j5rr0!nd_dft_wlteh_webp_3,http://sns-webpic-qc.xhscdn.com/202512051944/aca0e0b89b0515a0205e42c48b3bedc5/notes_pre_post/1040g3k031p9c9pjl24005o9jhk1gjfddvb56fdg!nd_dft_wlteh_webp_3","哪有不疯的硬撑罢了,考研人精神,要考试了",1764935100908,https://www.xiaohongshu.com/explore/69248d2b000000001e00a088?xsec_token=ABH2wC2t8bF_-ZFCUR1hZk3r1mXt2M4QGZ0ATCKv3jZLA=&xsec_source=pc_search,考研,ABH2wC2t8bF_-ZFCUR1hZk3r1mXt2M4QGZ0ATCKv3jZLA=
69217057000000001f0091fe,video,211高校导师给考研学生的8条建议,#考研[话题]# #科研[话题]# #导师[话题]# #联系导师[话题]# #大学老师[话题]# #备考冲刺用元宝[话题]# #腾讯[话题]# #元宝[话题]# #deepseek[话题]# #准研究生必上岸[话题]#,http://sns-video-bd.xhscdn.com/pre_post/1040g0cg31p6arh883c005o5r72rg82727mgjn8g,1763801457000,1763799128000,60bb38b700000000010008e2,方人也marine,https://sns-avatar-qc.xhscdn.com/avatar/619a18c25e63c26902c01223.jpg,4829,1574,34,89,湖北,http://sns-webpic-qc.xhscdn.com/202512051944/2a419bda20da53b9fbbef7de35d2ed7e/1040g2sg31p6arh8b2ue05o5r72rg827290nlaa8!nd_dft_wlteh_webp_3,"考研,科研,导师,联系导师,大学老师,备考冲刺用元宝,腾讯,元宝,deepseek,准研究生必上岸",1764935100912,https://www.xiaohongshu.com/explore/69217057000000001f0091fe?xsec_token=ABK_vj_HyMCctf0Q6I11ykYEh5ApoVbhDrpMMvjXpSeLs=&xsec_source=pc_search,考研,ABK_vj_HyMCctf0Q6I11ykYEh5ApoVbhDrpMMvjXpSeLs=
6927b5c3000000001f00ab57,normal,肖四肖八我将一直拥护你,"手都要写出火星子了哈哈哈
跟大家分享一个我个人的做题技巧：
多选题只要和材料相关没有错误表述一般就能选 也就是我常说的“疑对全选”
大家可以在复盘的时候有意识的代入看看 是不是这个规律
希望对大家有用(^з^)
反叛建议先看电子版详解 然后对照手写笔记背～
#考研政治[话题]# #政治[话题]# #26考研[话题]# #考研政治背诵手册[话题]# #肖四[话题]# #肖八[话题]# #肖秀荣[话题]# #背诵手册[话题]# #学习日常[话题]#",,1764210115000,1764210115000,660e6a2b000000000600c3dd,咕咕蘑咕,https://sns-avatar-qc.xhscdn.com/avatar/1040g2jo31b3au9ufng005pged8lhhgutc0s9o7g,4414,3074,79,307,江苏,"http://sns-webpic-qc.xhscdn.com/202512051944/0d7841a52374e3f5b23cc62f1a4a4e23/note_pre_post_uhdr/1040g3r031pb9gmea2o305pged8lhhgut7stuuqg!nd_dft_wlteh_webp_3,http://sns-webpic-qc.xhscdn.com/202512051944/44d5a620a790a927ca9f5d80ff00c69b/note_pre_post_uhdr/1040g3r031pb9gmea2o3g5pged8lhhgutm3q04j8!nd_dft_wlteh_webp_3,http://sns-webpic-qc.xhscdn.com/202512051944/a06c35d6bae59db85e86a88e4b7bf08d/note_pre_post_uhdr/1040g3r031pb9gmea2o405pged8lhhgut8v2aa8g!nd_dft_wlteh_webp_3","考研政治,政治,26考研,考研政治背诵手册,肖四,肖八,肖秀荣,背诵手册,学习日常",1764935100919,https://www.xiaohongshu.com/explore/6927b5c3000000001f00ab57?xsec_token=ABy-wUIJOzra7peLD4KSj8c30KqQNzGAdX13_JsyHHIz4=&xsec_source=pc_search,考研,ABy-wUIJOzra7peLD4KSj8c30KqQNzGAdX13_JsyHHIz4=
6900da8c0000000007034baa,normal,333必背大题（26考研 针对大题版！）,"宝们，教心大题在另一条帖子。
宝们看清楚哦，针对大题！针对大题！针对大题的！
丹丹老师也说了不押题，冲高分肯定是四本书全覆盖全背最好。但是有些宝和我一样极限考研或者是考非全，时间紧，所以出此帖。
[气球R]使用方法如下：
1.极限考研打法：建议先通读完整本资料后，先背这些大题。剩下的都是选择题考点，就把这些当成是大题范围去准备，这些已经是最少的了！属于重中之重！必须能够全部默写！但是也别担心不够用，保底肯定够了。保底！保底！保底！那选择题咋办呢？刷题战术即可，在选择题中记碎知识更刺激大脑。而且这些也覆盖了不少选择题考点。
2.正常考研打法：学了好几个月的宝宝们查缺补漏即可。
3.一半一半打法：先把这些硬骨头啃下来再去做大题会发现顺利很多。刚开始背诵的话，先背这些也比较高效。
[请友好R]最后，总而言之这是保命题，不是押题，不能再减少了！背过教原和教心的宝们放心大胆做主观题哦，够用！友好交流发言哦，欢迎大家补充，主包也是为爱发电！#教育学考研[话题]# #专业课背诵[话题]# #教育学原理[话题]# #主观题[话题]# #教育学[话题]# #333[话题]# #丹丹333[话题]# #冲刺[话题]##高效备考[话题]#",,1761663628000,1764250843000,68a96785000000001901af48,生姜可乐,https://sns-avatar-qc.xhscdn.com/avatar/1040g2jo31o0036oe520g5q59cu2mbbq861r9sco,4419,4401,308,481,山东,"http://sns-webpic-qc.xhscdn.com/202512051944/106a7d1f8d549dbc236a75caca80256c/1040g00831o7ffidn4s005q59cu2mbbq8e2ae0q8!nd_dft_wlteh_webp_3,http://sns-webpic-qc.xhscdn.com/202512051944/3f63d302642637b1384b863a1bab1d2f/1040g2sg31p10p03r2ce05q59cu2mbbq8qccrgdg!nd_dft_wlteh_webp_3,http://sns-webpic-qc.xhscdn.com/202512051944/2d03e531ba608bcf8162da57dc35398b/1040g00831pd2g0hqic0g5q59cu2mbbq86s11v6o!nd_dft_wlteh_webp_3,http://sns-webpic-qc.xhscdn.com/202512051944/552a488161ebda5f55e4f12321703baf/1040g00831pd2g0hqic105q59cu2mbbq87oac8r0!nd_dft_wlteh_webp_3","教育学考研,专业课背诵,教育学原理,主观题,教育学,333,丹丹333,冲刺,高效备考",1764935100922,https://www.xiaohongshu.com/explore/6900da8c0000000007034baa?xsec_token=ABYKcraXef_jrBoVuGKTWTRjOinTeCRJuS1TKBBwPzbf0=&xsec_source=pc_search,考研,ABYKcraXef_jrBoVuGKTWTRjOinTeCRJuS1TKBBwPzbf0=
692991aa000000001b026600,normal,肖八做成这样咋整啊,之前也听了徐涛的马原，也听了一部分的腿姐技巧班，每套也都跟着大牙的课，咋就二十来分啊[哭惹R][哭惹R][哭惹R]有什么好方法吗，每天都因为这个政治焦虑#考研[话题]# #考研政治[话题]#,,1764331946000,1764331946000,5d2ef06200000000160229f5,烦8噜^,https://sns-avatar-qc.xhscdn.com/avatar/1040g2jo31k6l00co32005n9eu1h5kafl1l839e8,4380,3377,340,247,辽宁,http://sns-webpic-qc.xhscdn.com/202512051944/b2f3267b062d6a51109d6b9aba950d22/notes_uhdr/1040g3qo31pe98qav2o005n9eu1h5kaflmofrt2g!nd_dft_wlteh_webp_3,"考研,考研政治",1764935100926,https://www.xiaohongshu.com/explore/692991aa000000001b026600?xsec_token=ABaY3SbIb3HkJpjitPATEut34YcLMqNH8PRDWq1XVujJo=&xsec_source=pc_search,考研,ABaY3SbIb3HkJpjitPATEut34YcLMqNH8PRDWq1XVujJo=
68b7f7c2000000001d0341ec,video,送给考研坚持不住的同学一句话,#刘晓艳[话题]# #学丞[话题]#,http://sns-video-bd.xhscdn.com/spectrum/1040g35031lvb3ml7ks005q11d753jqfbm5jkht0,1756902061000,1756886995000,682169ca000000000e01e9eb,晓艳考硏英语,https://sns-avatar-qc.xhscdn.com/avatar/1040g2jo31hcambso3u6g5q11d753jqfbk3gfk2g,4294,1710,71,319,,http://sns-webpic-qc.xhscdn.com/202512051944/bef7891961e88ea7fe2779437a1c8c59/spectrum/1040g0k031lvb7daj4u005q11d753jqfbg2ohe30!nd_dft_wlteh_webp_3,"刘晓艳,学丞",1764935100933,https://www.xiaohongshu.com/explore/68b7f7c2000000001d0341ec?xsec_token=ABaNT1unwDFcJy7tPQiYDwQnAf0MxenyPqCbxeHnc96iU=&xsec_source=pc_search,考研,ABaNT1unwDFcJy7tPQiYDwQnAf0MxenyPqCbxeHnc96iU=
68f998920000000004023778,normal,英一81，贡献一下我自用的小作文模板,"大家好，我是从双非一战考研上岸 985 的卷卷，主打一个疯狗式考研，考不上不罢休！
其实英一备考的时候最让我头疼的就是作文，明明背了一堆素材，到考场上却总卡壳，要么写得东拼西凑不知所云，要么超时写不完。后来我索性沉下心，把小作文真题按信件类型分类，每种类型都总结了一套模板，把这些模板熟练运用举一反三，慢慢地小作文就写的很熟练了。所以今天我就把我整理的模板分享给各位小宝们，希望能帮大家少走弯路，把更多时间花在提分更快的地方，一起稳稳上岸～
#考研[话题]# #考研上岸经验[话题]# #26考研[话题]# #考研英语作文[话题]# #英语作文模板[话题]# #考研英语一[话题]# #英语一[话题]# #考研备考攻略[话题]# #考研经验[话题]# #作文[话题]#",,1761384240000,1761187987000,668d09780000000003033312,小红薯6905E6A8,https://sns-avatar-qc.xhscdn.com/avatar/645b7f6e338379fac1893093.jpg,4233,4634,34,348,,"http://sns-webpic-qc.xhscdn.com/202512051944/4e7a069b49e3765d831d0d1fa883705d/1040g00831nve3o285m6g5pkd15s0ucoib813s3o!nd_dft_wlteh_webp_3,http://sns-webpic-qc.xhscdn.com/202512051944/33be6dd32420adb2be31afc7995e2dce/1040g00831nve3o285m5g5pkd15s0ucoimuoahq0!nd_dft_wlteh_webp_3,http://sns-webpic-qc.xhscdn.com/202512051944/e8f5b5a327ec4e791302f5e1d20c0860/1040g00831nve3o285m505pkd15s0ucoi225l168!nd_dft_wlteh_webp_3,http://sns-webpic-qc.xhscdn.com/202512051944/7ce7fad83d48de8b492f5e454a2cc4aa/1040g00831nve3o285m105pkd15s0ucoi01gcmh8!nd_dft_wlteh_webp_3,http://sns-webpic-qc.xhscdn.com/202512051944/ed7d1914b4318221f837259a596f818d/1040g00831nve3o285m305pkd15s0ucoike43d30!nd_dft_wlteh_webp_3,http://sns-webpic-qc.xhscdn.com/202512051944/abd82e041c09966642e9e61de5d50b99/1040g00831nve3o285m2g5pkd15s0ucoil4e5b2o!nd_dft_wlteh_webp_3,http://sns-webpic-qc.xhscdn.com/202512051944/8cedd1710e41c193a6f1cde3a2117a90/1040g00831nve3o285m405pkd15s0ucoiqheat4o!nd_dft_wlteh_webp_3,http://sns-webpic-qc.xhscdn.com/202512051944/3906559c217f2707b3949a49a1ba51e6/1040g00831nve3o285m3g5pkd15s0ucoigon5rp8!nd_dft_wlteh_webp_3,http://sns-webpic-qc.xhscdn.com/202512051944/64fb955b224a618cb2d549dc08a8cbd4/1040g00831nve3o285m205pkd15s0ucoib2j21jo!nd_dft_wlteh_webp_3","考研,考研上岸经验,26考研,考研英语作文,英语作文模板,考研英语一,英语一,考研备考攻略,考研经验,作文",1764935100936,https://www.xiaohongshu.com/explore/68f998920000000004023778?xsec_token=AB_ZvM0rLxi200XoY1IPoTSAbPX5JtVUJ2-UKqlxesZF4=&xsec_source=pc_search,考研,AB_ZvM0rLxi200XoY1IPoTSAbPX5JtVUJ2-UKqlxesZF4=
6922f097000000001e03474a,normal,考研政治冲刺阶段,"本人上海政治74，最后一个多月政治冲刺计划见上图：
	
需要的东西有：
1.    小程序。用来肖四八二刷，以及刷模拟卷和薄弱知识点的。
2.    肖四肖八。关键啊关键，没下单的快去。
3.    肖四八选择题知识点总结。我打印的是苏一的。
4.    张修齐十页纸：压答案。不管题出什么，纸上内容都可以往上写。以不变应万变。
5.    带背网课和讲解视频。这个看自己需要
	
下周开始更肖八知识点整理。
	
#考研政治[话题]##考研政治押题[话题]##肖四[话题]##肖八[话题]##肖四肖八[话题]# #肖四大题[话题]##张修齐政治[话题]#",,1763897495000,1763897495000,5f439e7b0000000001006dd7,天才王小咪,https://sns-avatar-qc.xhscdn.com/avatar/1040g2jo31pburctljc6g5nq3jptg8ren99rfcug,4173,3333,500,229,浙江,"http://sns-webpic-qc.xhscdn.com/202512051945/58418abb88b5059cc38f84264dfed31e/notes_pre_post/1040g3k831p7q3k8kjck05nq3jptg8ren11pek7g!nd_dft_wlteh_webp_3,http://sns-webpic-qc.xhscdn.com/202512051945/f710a64eb351ad704a25a76afd7b1237/notes_pre_post/1040g3k831p7q3k8kjckg5nq3jptg8renojqarc8!nd_dft_wlteh_webp_3,http://sns-webpic-qc.xhscdn.com/202512051945/ef29fa56fa07b0694915e7cc4565e80f/notes_pre_post/1040g3k831p7q3k8kjcj05nq3jptg8rentfjl780!nd_dft_wlteh_webp_3","考研政治,考研政治押题,肖四,肖八,肖四肖八,肖四大题,张修齐政治",1764935100940,https://www.xiaohongshu.com/explore/6922f097000000001e03474a?xsec_token=ABTLwC8cAFf-c7fp5LN4kQaWk3TyPep13F0VqMUUDcg8s=&xsec_source=pc_search,考研,ABTLwC8cAFf-c7fp5LN4kQaWk3TyPep13F0VqMUUDcg8s=
69247c6e000000001e02115f,normal,关于考研前的二十几天，我想说,"不知道大家现在是什么感觉
反正我个人是觉得越接近考试我越平静了
开始的时候还会因为背不完，错太多而焦虑，因为专业课背不下来，阅读错太多，总是着急，老是想这要是到了考试可咋办
最开始备考的时候，起的早睡的晚，每天有使不完的劲去学，但是时间一长，尤其是临近考前这段日子，早上起来不会再精力满满的去图书馆学习了，先躺在床上先思考几分钟，我能考上吗，万一考不上怎么办。
越临近考试，我发现我越来越波澜不惊，肖八错的多无所谓，专业课背过记不住也无所谓，不知道是不是因为战线拉得太长，没有后劲了，又或者是因为被考研折磨的没力气了。看着网上铺天盖地的学习帖子，我很矛盾，想看又不想看，看到比我学的好的我很气，想屏蔽了，但是还是压不住好奇往下翻，终于找到一个进度比我慢的，然后我心里终于平衡了一点。
还剩最后二十几天了，我知道大家都很累，最早的可能从三四月份就开始准备考研，晚的暑假也开始了，坚持学了小半年，我们不是机器，也不是学习的奴隶，搁谁一直学也受不了，能坚持到现在我们就已经很棒了，比那些半路放弃的人强太多太多了。
九、十月份的时候，我在学校的帖子上看到太多太多出26考研书籍弃考的了，我很不理解，已经坚持了小半年，为什么说放弃就放弃。
所以我们坚持到现在还在战斗的同学，咱们真的很棒了，累是正常的，说明我们正在走上坡路，还有二十几天，往往到达坡顶的那一段路是最难走的，我们可以慢，但是不能停，差几步路就到山顶了。
最后这一段时间，如果学不下去也不要焦虑，我们已经猛猛学了小半年了，剩下这二十天也没必要强加给自己太大的任务量，不管学的多学的少，我们都是在进步不是吗？坚持就会有收获的。
打仗的时候不许叫苦! 越苦越能打胜仗!
#26考研[话题]# #日常[话题]# #学习[话题]# #考研[话题]# #分享[话题]# #大学生[话题]# #我的考研[话题]# #考研倒计时[话题]# #日常分享[话题]# #聊天[话题]#",,1763998830000,1763998831000,6798510b000000000a03e54e,烤盐小天才,https://sns-avatar-qc.xhscdn.com/avatar/1040g2jo31hk35bmb3u6g5psoa45inpaeb6qlr70,3956,311,1435,85,河北,http://sns-webpic-qc.xhscdn.com/202512051945/ebf8a693e491f7620d74350494053065/note_pre_post_uhdr/1040g3r831p99pp2a3ccg5psoa45inpaebb1h9no!nd_dft_wlteh_webp_3,"26考研,日常,学习,考研,分享,大学生,我的考研,考研倒计时,日常分享,聊天",1764935100944,https://www.xiaohongshu.com/explore/69247c6e000000001e02115f?xsec_token=ABH2wC2t8bF_-ZFCUR1hZk3tLRUH2iJIWJDfoYxKagODs=&xsec_source=pc_search,考研,ABH2wC2t8bF_-ZFCUR1hZk3tLRUH2iJIWJDfoYxKagODs=
68d2e4d70000000013015a7b,normal,巨累，但可以89天考研极限上岸（保400分）,#考研规划[话题]# #考研备考攻略[话题]# #26考研[话题]# #极限考研[话题]# #考研初试[话题]# #考研时间安排[话题]# #考研加油[话题]# #考研复习[话题]# #在职考研[话题]# #考研经验分享[话题]# #考研是留给有准备的人[话题]# #考研英语[话题]# #考研[话题]# #26考研政治[话题]# #26考研英语[话题]# #考研留给先准备的[话题]# #一战成硕[话题]#,,1758651607000,1758722059000,68ad5b70000000001a02735e,月倾浅,https://sns-avatar-qc.xhscdn.com/avatar/87afe09f-6c57-324f-8198-678fcda4100a,3752,3630,400,277,,"http://sns-webpic-qc.xhscdn.com/202512051945/f9d8ab88f5015e994b5d724933e496b1/1040g2sg31mqlummtlm8g5q5dbdo6ksqum9d1pgo!nd_dft_wlteh_webp_3,http://sns-webpic-qc.xhscdn.com/202512051945/3da0f12423cbc50ce38c5f6600d72af9/1040g2sg31mqlummtlm805q5dbdo6ksquj1i14g8!nd_dft_wlteh_webp_3,http://sns-webpic-qc.xhscdn.com/202512051945/7ff866019c5b782b4577c23ae10428f8/1040g2sg31mqm8hpq5mkg5q5dbdo6ksqukdb01do!nd_dft_wlteh_webp_3,http://sns-webpic-qc.xhscdn.com/202512051945/ce04760e3bdfef4cf95daf21326fcd95/1040g00831mqm8hpe6g6g5q5dbdo6ksquhutdno8!nd_dft_wlteh_webp_3,http://sns-webpic-qc.xhscdn.com/202512051945/8ecb4fbc729e7f7bf68d102150210d80/1040g00831mqm8hp46g6g5q5dbdo6ksqu41bjeio!nd_dft_wlteh_webp_3,http://sns-webpic-qc.xhscdn.com/202512051945/71b3976e057200a4513fc52553936741/1040g2sg31mqlummtlm6g5q5dbdo6ksquf2kvtjg!nd_dft_wlteh_webp_3,http://sns-webpic-qc.xhscdn.com/202512051945/5153be96d7cd109f218199004cfd5194/1040g2sg31mqlummtlm3g5q5dbdo6ksqu6o3pam8!nd_dft_wlteh_webp_3,http://sns-webpic-qc.xhscdn.com/202512051945/ce9694de89434285e0c7b4bcb29a2b21/1040g2sg31mqlummtlm7g5q5dbdo6ksqupp0rapo!nd_dft_wlteh_webp_3,http://sns-webpic-qc.xhscdn.com/202512051945/3311119f53094642d851937c8cf6c98a/1040g2sg31mqlummtlm405q5dbdo6ksquf3h3660!nd_dft_wlteh_webp_3,http://sns-webpic-qc.xhscdn.com/202512051945/41dd2c1552ae0b2be6c31bf54b941912/1040g2sg31mqlummtlm4g5q5dbdo6ksquum2p4k0!nd_dft_wlteh_webp_3,http://sns-webpic-qc.xhscdn.com/202512051945/7012acf5783e074a0a10f5e42ee41454/1040g2sg31mqlummtlm305q5dbdo6ksquiq9m4m0!nd_dft_wlteh_webp_3,http://sns-webpic-qc.xhscdn.com/202512051945/9023e1054891fa0d9f54575c8de33b0a/1040g2sg31mqlummtlm5g5q5dbdo6ksqu39mpcig!nd_dft_wlteh_webp_3,http://sns-webpic-qc.xhscdn.com/202512051945/414313239e9c946bafcfae9ed2ab19ed/1040g2sg31mqlummtlm505q5dbdo6ksquhtdqsqg!nd_dft_wlteh_webp_3,http://sns-webpic-qc.xhscdn.com/202512051945/e679f8b6ce4d90ed9b80f49c54fc6c6c/1040g2sg31mqlummtlm2g5q5dbdo6ksqusjq439o!nd_dft_wlteh_webp_3,http://sns-webpic-qc.xhscdn.com/202512051945/94207837246c9ec2e888c35d68a1d5d4/1040g2sg31mqlummtlm605q5dbdo6ksqukeli5po!nd_dft_wlteh_webp_3,http://sns-webpic-qc.xhscdn.com/202512051945/f53e1c9439a46c580f87d13bdef00365/1040g2sg31mqlummtlm205q5dbdo6ksqu5tp9usg!nd_dft_wlteh_webp_3,http://sns-webpic-qc.xhscdn.com/202512051945/6edd4123a71bd4913a11aeb546d44184/1040g2sg31mqlummtlm705q5dbdo6ksqun98vjf8!nd_dft_wlteh_webp_3","考研规划,考研备考攻略,26考研,极限考研,考研初试,考研时间安排,考研加油,考研复习,在职考研,考研经验分享,考研是留给有准备的人,考研英语,考研,26考研政治,26考研英语,考研留给先准备的,一战成硕",1764935100951,https://www.xiaohongshu.com/explore/68d2e4d70000000013015a7b?xsec_token=ABvm1jh3mo2VBcaSxrj604ZQhuPrAMizRjmNVLeUBaIFA=&xsec_source=pc_search,考研,ABvm1jh3mo2VBcaSxrj604ZQhuPrAMizRjmNVLeUBaIFA=
6925833f000000001e028ef1,normal,考研少了45w人，现在你知道你自己有多牛了吧,"你能坐得住冷板凳，你能扛住压力，你还能解决问题。怎么说？谁有你厉害？你就是了不起！
	
你在这么多人打退堂鼓的时候，没跟着瞎混，没半路放弃，还能坐在书桌前啃书，我就一句话，你这份定力干什么成什么，你干什么都会成功的。
	
所以你就别再整天念叨自己还有多少知识点没掌握，觉得自己不行。数据明摆着，每年都有一两成到三成的人报了名却不进考场，好学校的弃考率更高，四个报名的就有一个提前开溜。
	
更重要的是，你和那些盲目考研的人不一样，你清楚选的路。知道自己要什么，能把握人生方向，这本身就厉害，你早就跳出了无意义的内卷，开始自己掌舵了。
	
所以别再自我消耗了好不好，做错几道题就以为天塌了？别人复习得快你就慌？还没考就担心考不上？纯他爸属瞎想。现在的你，离目标越来越近，也比以往更有力量，现在还想东想西干嘛？你都走到这儿了你就一定行。#考研[话题]# #考研倒计时[话题]# #二战考研[话题]#  #学不了滚[话题]# #操[话题]# #我就说你能行[话题]# #相信自己[话题]#",,1764066111000,1764066111000,5d386e850000000010009065,不学习就滚,https://sns-avatar-qc.xhscdn.com/avatar/1040g2jo31a04nfdonc005n9odq2k1435bksgs48,3633,298,251,318,河南,http://sns-webpic-qc.xhscdn.com/202512051945/c2294ccc353cc8998fe4559b297fd5d0/notes_pre_post/1040g3k031paaga4uiu005n9odq2k14357c0edh8!nd_dft_wgth_webp_3,"考研,考研倒计时,二战考研,学不了滚,操,我就说你能行,相信自己",1764935100954,https://www.xiaohongshu.com/explore/6925833f000000001e028ef1?xsec_token=ABBFpdTrEgyOSi8Lg36zJrdCcmAnFQVydVH-t4lSyd1i0=&xsec_source=pc_search,考研,ABBFpdTrEgyOSi8Lg36zJrdCcmAnFQVydVH-t4lSyd1i0=
69257969000000001e0302a4,video,考研做题顺序及时间分配,#刘晓艳[话题]# #学丞[话题]# #考研英语[话题]# #26考研[话题]#,http://sns-video-bd.xhscdn.com/spectrum/1040g0jg31pa9939dia005q11d753jqfb7vm6lmo,1764063593000,1764063593000,682169ca000000000e01e9eb,晓艳考硏英语,https://sns-avatar-qc.xhscdn.com/avatar/1040g2jo31hcambso3u6g5q11d753jqfbk3gfk2g,3626,2837,53,265,山东,http://sns-webpic-qc.xhscdn.com/202512051945/2ec32607e0f0ef5ec3281538e503422c/spectrum/1040g34o31pa9a133i40g5q11d753jqfba7epa60!nd_dft_wlteh_webp_3,"刘晓艳,学丞,考研英语,26考研",1764935100958,https://www.xiaohongshu.com/explore/69257969000000001e0302a4?xsec_token=ABBFpdTrEgyOSi8Lg36zJrdJZXlgOHtxpIZNcl8GSHlMc=&xsec_source=pc_search,考研,ABBFpdTrEgyOSi8Lg36zJrdJZXlgOHtxpIZNcl8GSHlMc=
692ebfb2000000001f009e08,normal,究竟是怎样的前程，值得我们把四季都错过,"窗外落叶的时候，你是否刚刚刚合上书页。
	
疲惫地丛书山里抬起头，却撞进一片白。原来风已经裹着冬天来了，而我们好像连秋的落叶都没来得及细细地看。
	
我忽然想起，去年春天的时候，这树曾开着细碎的米白色小花，风一吹就飘得满院都是香，可那时我总在赶，脚步匆匆，只想着昨晚的单词还没背完。
	
那些本该在树荫下乘凉、听蝉鸣、吃冰棒的夏天，也就这样被我们锁在了教室的窗内，锁在了一本本厚厚的模拟题里。
	
我们总在赶路。天没亮的清晨，书包带在肩上勒出浅痕。图书馆的窗外来过春的花，夏的叶，秋的风，可低头时，只有书页里的公式和试卷上的横线。
	
从小被教导务必争气再争气，要沿着一条看似正确的路不停奔跑。仿佛一次落后就满盘皆输，仿佛人生真的只有一条狭窄的赛道。于是我们不听地奔跑，甚至忘记了自己最初为何出发，只记得不能停。
	
最近总刷到大家在说，我们付出的努力到底值不值得。我不知道。我只觉得人生容得下试错，容得下停顿，也容得下改变。那些错过的四季，可能也并非毫无意义。
	
它们沉淀为专注，转化为坚韧，它们让你在为目标跋涉时，脚步更加扎实。所以，请你务必坚持再坚持。路还很长，天终会亮。你笔下正在书写的，不仅是试题的答案，更是自己人生的轨迹。
	
亲爱的宝贝，我们既然选择了这条路，请别怕此刻的辛苦，别怕暂时的错过，我相信 熬过这段时间，未来的风景，一定会等着我们。#考研[话题]# #考公[话题]# #专升本[话题]# #高考[话题]# #女性成长[话题]# #我们有无限的可能[话题]#",,1764671410000,1764671410000,5d386e850000000010009065,不学习就滚,https://sns-avatar-qc.xhscdn.com/avatar/1040g2jo31a04nfdonc005n9odq2k1435bksgs48,3650,547,205,99,河南,http://sns-webpic-qc.xhscdn.com/202512051945/8e4886e8e1646c7284832f8d59deca0d/1040g00831pja6h5n4m0g5n9odq2k143514bmvk0!nd_dft_wgth_webp_3,"考研,考公,专升本,高考,女性成长,我们有无限的可能",1764935100961,https://www.xiaohongshu.com/explore/692ebfb2000000001f009e08?xsec_token=ABll_kChCPSFkh7eUsvYyJwCUNKZrU7dqXJfECegGgqXM=&xsec_source=pc_search,考研,ABll_kChCPSFkh7eUsvYyJwCUNKZrU7dqXJfECegGgqXM=
68e0ef5d000000000402bc3a,normal,考研10-12月份我完成了80%的考研进度！,#考研[话题]# #26考研[话题]# #考研时间安排[话题]# #考研是留给有准备的人[话题]# #我的考研[话题]# #考研上岸经验[话题]# #考研复习[话题]# #考研备考攻略[话题]# #考研经验分享[话题]#,,1759571805000,1759572044000,5cb06303000000001001b20d,小梦学姐（考研版）,https://sns-avatar-qc.xhscdn.com/avatar/1040g2jo316tmiqrkjq005n5gcc1k3cgdr40lpio,2355,1972,62,134,,"http://sns-webpic-qc.xhscdn.com/202512051948/a40e38de111497d18366cb958e2186cd/1040g2sg31n7be6skli005n5gcc1k3cgd6vov2jg!nd_dft_wlteh_webp_3,http://sns-webpic-qc.xhscdn.com/202512051948/6e2b40280b8a08442ca17480cfb540de/1040g2sg31n7be6skli0g5n5gcc1k3cgdb8jtano!nd_dft_wlteh_webp_3,http://sns-webpic-qc.xhscdn.com/202512051948/6e6870807a5d5d0afe7b90a7011416a5/1040g2sg31n7be6skli205n5gcc1k3cgd1fmneao!nd_dft_wlteh_webp_3,http://sns-webpic-qc.xhscdn.com/202512051948/9979a875703653dbc57afe1efb8de9e7/1040g2sg31n7be6skli1g5n5gcc1k3cgd61kjpi0!nd_dft_wlteh_webp_3,http://sns-webpic-qc.xhscdn.com/202512051948/539d628d94ad75e58b14e13fbee6c53c/1040g2sg31n7be6skli105n5gcc1k3cgdp1ibopo!nd_dft_wlteh_webp_3","考研,26考研,考研时间安排,考研是留给有准备的人,我的考研,考研上岸经验,考研复习,考研备考攻略,考研经验分享",1764935340451,https://www.xiaohongshu.com/explore/68e0ef5d000000000402bc3a?xsec_token=ABc0y-jRDQEKxM4U83rQ3SSLLEYd3kpBL3ulhvt0aMYo0=&xsec_source=pc_search,考研,ABc0y-jRDQEKxM4U83rQ3SSLLEYd3kpBL3ulhvt0aMYo0=
691be062000000000d034303,normal,自存一些英二阅读小贱招,"解释说明：此方法笨笨的。也看运气，适用于大部分真题（自己可以试试）
适用人群：❶阅读读不懂的人 ❷读懂了但选不对 ❸经常凭自己主观判断去选择的人 ❹不是适用所有的题，猛|姐技巧课配合着听，也不是看一遍技巧就能全对的
.
1、三长一短选最短（如果AB长短一样的话就数词数，谁的词数更少就选谁）也可以说是选最短的
2、看到may这种圆滑的词秒选，避免选only这种过于绝对的词
3、优先选选项中出现and，but，or的（and最好连接的是两个短句的，如果连接的是两个单词就不做考虑，比如apple and pear这样的就不选，但如果and连接的两个单词，但意思完全不一样就可以直接选，因为apple和 pear都是水果，所以排除）
4、A.We should study hard
B.We should have a good meal
C.We are going to exercise
D.We like playing with mobile phones
那这个选项就是在AB之间，因为AB第二个词是一样的，都是should。
5、选项中出现的词在文章中也出现过就不选（实在不知道选什么在参考这个），除非他们俩表达的意思一模一样。
6、如果选项长短差不多，就数词数，如果像这个情况A.词数5个，B.词数6个，C.词数5个，D.词数7个，通常选B（这个方法比较小概率慎用）
7、只要包含以下内容，就不是主旨句：1. example 2. data 3.comparison 4. parallel structure
8、表人物观点，或结论性的句子要读(例如，I believe that,it reveals that....眼睛往that后面看)
9、强转折词一出现，眼睛往后看(but、yet、however，尤其当他们大写的时候。*however只能示句与句的转折，但是but可表示句中转折)
10、直接引语出现，着重看！(引用别人说的话时，这句话往往是观点更通俗易懂的转述)
#考研英语[话题]# #英语二[话题]# #做题技巧[话题]# #极限备考[话题]# #考研[话题]# #英语阅读[话题]# #考研经验分享[话题]#",,1763434594000,1763434595000,6034cb64000000000100b13a,小音酱.,https://sns-avatar-qc.xhscdn.com/avatar/60e9b1fd2ad37e8d8d273ef3.jpg,2349,2033,15,221,浙江,http://sns-webpic-qc.xhscdn.com/202512051948/efbf1b401d32753493b1859cf2779f29/notes_pre_post/1040g3k031p0tbd0iig0g5o1kpdi09c9qjb1pmn0!nd_dft_wlteh_webp_3,"考研英语,英语二,做题技巧,极限备考,考研,英语阅读,考研经验分享",1764935340458,https://www.xiaohongshu.com/explore/691be062000000000d034303?xsec_token=ABf9a9FUXt_Eg0dPg2OH1XrqV8G3kMvCqSIC2kSAv2dAk=&xsec_source=pc_search,考研,ABf9a9FUXt_Eg0dPg2OH1XrqV8G3kMvCqSIC2kSAv2dAk=
693010ee000000001b0273ce,video,今天你学习了吗？我学死了哦～,"哈哈哈哈哈哈哈哈哈哈
没人不疯！没人不疯！
带着沉重的心情去吃饭……
还能吃得下去呢！mad 脸都不要了
嘻嘻 哈哈哈哈哈哈哈哈哈哈
#考研人精神[话题]# #考研人的精神状态[话题]# #我的考研[话题]# #我爱学习学习爱我[话题]# #精神状态岌岌可危[话题]# #极限考研[话题]# #考研人的日常[话题]# #知识它不进脑子[话题]#",http://sns-video-bd.xhscdn.com/pre_post/1040g0cg31pkho3hfkm7g5oku04l6derhaipb730,1764757742000,1764757742000,629e012a000000001902bb71,JINELLE,https://sns-avatar-qc.xhscdn.com/avatar/1040g2jo31nqlelf458005oku04l6derh23338no,2512,194,442,980,山东,http://sns-webpic-qc.xhscdn.com/202512051948/8a9fc68c3f1fd898375c610d12c0803c/1040g00831pkho3hm4ke05oku04l6derh48nav3g!nd_dft_wlteh_webp_3,"考研人精神,考研人的精神状态,我的考研,我爱学习学习爱我,精神状态岌岌可危,极限考研,考研人的日常,知识它不进脑子",1764935340461,https://www.xiaohongshu.com/explore/693010ee000000001b0273ce?xsec_token=ABf-6T74d-wKVbwD-tW7pg2ylHMRxrE5EksFa_QDnxCog=&xsec_source=pc_search,考研,ABf-6T74d-wKVbwD-tW7pg2ylHMRxrE5EksFa_QDnxCog=
692a5d0d000000000d03537f,normal,提醒一下，下下下周六参加考研的人（救命版 #,#考研备考攻略[话题]# #考研人[话题]# #考研时间安排[话题]# #研究生考试[话题]# #考研复习[话题]# #考研英语[话题]# #考研留给先有准备的人[话题]# #加油吧考研人[话题]# #考研规划[话题]# #我的考研[话题]# #考研加油[话题]# #研究生考试[话题]# #考研规划[话题]# #考研人的日常[话题]# #加油吧考研人[话题]# #考研过来人的避坑法则[话题]# #考研经验分享[话题]# #考研党[话题]# #考研背书[话题]# #考研政治[话题]# #考研英语[话题]# #考研[话题]# #考研人[话题]# #26考研[话题]# #考研政治[话题]# #考研规划[话题]# #考研上岸经验[话题]# #考研政治资料[话题]# #考研经验[话题]#,,1764384013000,1764384013000,689fdc9300000000190137fc,雾月随,https://sns-avatar-qc.xhscdn.com/avatar/1040g2jo31p150c1j32005q4vri9madvso5fi860,2260,2037,562,235,江西,"http://sns-webpic-qc.xhscdn.com/202512051948/f9812446edb0614416c15b7b2ef00213/1040g2sg31pf20ufj3ce05q4vri9madvseeai5gg!nd_dft_wlteh_webp_3,http://sns-webpic-qc.xhscdn.com/202512051948/5a8bfaf6788d6313b7ffdc2b91bd29f8/1040g2sg31pf20ufj3cf05q4vri9madvsotg77d8!nd_dft_wlteh_webp_3,http://sns-webpic-qc.xhscdn.com/202512051948/2ec2ac6ebb66965151d91b2047e23a63/1040g2sg31pf20ufj3ceg5q4vri9madvstesbnco!nd_dft_wlteh_webp_3,http://sns-webpic-qc.xhscdn.com/202512051948/7c9c102641fc7b243b9a12c235fe6391/1040g2sg31pf20ufj3cfg5q4vri9madvso3tm5p0!nd_dft_wlteh_webp_3,http://sns-webpic-qc.xhscdn.com/202512051948/28e257a78f6d8f73c244d26dd6387fe8/1040g2sg31pf20ufj3ch05q4vri9madvsdusm3g0!nd_dft_wlteh_webp_3,http://sns-webpic-qc.xhscdn.com/202512051948/31c8fa02f53ff1d4534a124e13f93178/1040g2sg31pf20ufj3cg05q4vri9madvsnogcs1g!nd_dft_wlteh_webp_3,http://sns-webpic-qc.xhscdn.com/202512051948/c624d0ae876eb8b7ddeb7654bd7ec5d8/1040g2sg31pf20ufj3ci05q4vri9madvsbkdgol0!nd_dft_wlteh_webp_3,http://sns-webpic-qc.xhscdn.com/202512051948/b6eac2b16cf4fd9b95651aa15ef02ed3/1040g2sg31pf20ufj3cig5q4vri9madvsrphik78!nd_dft_wlteh_webp_3,http://sns-webpic-qc.xhscdn.com/202512051948/ae98a846a4d45cdb8f3ac538af8ef8ee/1040g2sg31pf20ufj3cgg5q4vri9madvslnqeebg!nd_dft_wlteh_webp_3,http://sns-webpic-qc.xhscdn.com/202512051948/3a440731e150a4d6c7a0cc70f6a23f41/1040g2sg31pf20ufj3chg5q4vri9madvsjs8f4cg!nd_dft_wlteh_webp_3,http://sns-webpic-qc.xhscdn.com/202512051948/aa1b00316dcdf209926fd2958eeae3d2/1040g2sg31pf20ufj3ck05q4vri9madvsalik228!nd_dft_wlteh_webp_3,http://sns-webpic-qc.xhscdn.com/202512051948/b0f5527d34ed5fe48eec0ad2f18e2902/1040g2sg31pf20ufj3cjg5q4vri9madvs32dlq40!nd_dft_wlteh_webp_3,http://sns-webpic-qc.xhscdn.com/202512051948/002cd5dd5894661d7427a108be7c5c4e/1040g2sg31pf20ufj3cj05q4vri9madvsqkbc800!nd_dft_wlteh_webp_3","考研备考攻略,考研人,考研时间安排,研究生考试,考研复习,考研英语,考研留给先有准备的人,加油吧考研人,考研规划,我的考研,考研加油,考研人的日常,考研过来人的避坑法则,考研经验分享,考研党,考研背书,考研政治,考研,26考研,考研上岸经验,考研政治资料,考研经验",1764935340475,https://www.xiaohongshu.com/explore/692a5d0d000000000d03537f?xsec_token=AB3VztolZ29Oh7d3s2NCJc6jO-zDZjZSSpiQuohtjiFDA=&xsec_source=pc_search,考研,AB3VztolZ29Oh7d3s2NCJc6jO-zDZjZSSpiQuohtjiFDA=
68f660ff000000000300ce76,normal,提醒一下，考研政治12.20政治预测，熬夜背,#考研政治[话题]# #考研规划[话题]# #考研复习[话题]# #考研备考攻略[话题]# #考研初试[话题]# #时政热点[话题]# #准研究生必上岸[话题]# #考研资料分享[话题]# #考研过来人的避坑法则[话题]# #考研经验分享[话题]# #考研加油[话题]# #时事热点[话题]# #考研人[话题]# #26考研[话题]# #马克思主义基本原理[话题]# #马理论考研[话题]#,,1760977151000,1760977151000,68307399000000000e011ec9,聆春雪,https://sns-avatar-qc.xhscdn.com/avatar/1040g2jo31ldd4056lidg5q1geecji7m9of9te7o,2216,1871,481,208,,"http://sns-webpic-qc.xhscdn.com/202512051949/8f9dd7cff22793d22acc0c867627c6e8/notes_pre_post/1040g3k031ns9ii01mmd05q1geecji7m9gfpvqog!nd_dft_wlteh_webp_3,http://sns-webpic-qc.xhscdn.com/202512051949/84cdfd4570cec27a3be3a40344a8828b/notes_pre_post/1040g3k031ns9iiccg6605q1geecji7m9h87ocmg!nd_dft_wlteh_webp_3,http://sns-webpic-qc.xhscdn.com/202512051949/9fc4270c4f69c370ff42e53eb2809106/notes_pre_post/1040g3k031ns9iibd6g5g5q1geecji7m9c5dcss8!nd_dft_wlteh_webp_3,http://sns-webpic-qc.xhscdn.com/202512051949/dcc286b87504044299d136ed76ae14e2/notes_pre_post/1040g3k031ns9ii39mmdg5q1geecji7m93n1f3fo!nd_dft_wlteh_webp_3,http://sns-webpic-qc.xhscdn.com/202512051949/f52ce657c1eb5a6898e93a3b85e0a298/notes_pre_post/1040g3k831ns9ii0a6m6g5q1geecji7m9172n2k8!nd_dft_wlteh_webp_3,http://sns-webpic-qc.xhscdn.com/202512051949/75626f69ac386caf096dd95fd2795470/notes_pre_post/1040g3k831ns9ii0a5mdg5q1geecji7m9vcrpbqg!nd_dft_wlteh_webp_3,http://sns-webpic-qc.xhscdn.com/202512051949/3561aafecf58cb4ad58864c0c4a38c92/notes_pre_post/1040g3k031ns9ii09mm5g5q1geecji7m9ccj0fm8!nd_dft_wlteh_webp_3,http://sns-webpic-qc.xhscdn.com/202512051949/4ba1c586b0b8aa5c63440ea8eac05c07/notes_pre_post/1040g3k831ns9ii03lmd05q1geecji7m9butg66g!nd_dft_wlteh_webp_3","考研政治,考研规划,考研复习,考研备考攻略,考研初试,时政热点,准研究生必上岸,考研资料分享,考研过来人的避坑法则,考研经验分享,考研加油,时事热点,考研人,26考研,马克思主义基本原理,马理论考研",1764935340479,https://www.xiaohongshu.com/explore/68f660ff000000000300ce76?xsec_token=ABfdRi7ib7s2_KUx64WjWOnKuhTyJLR9VfRCNJ47av55c=&xsec_source=pc_search,考研,ABfdRi7ib7s2_KUx64WjWOnKuhTyJLR9VfRCNJ47av55c=
6857dc5e000000002300634b,normal,我要考研！！！,"我想考研了，只力保上岸就好 不要数学。请大家踊跃给予建议 学校和专业。好吗 感谢[害羞R]大家。
#考研党[话题]# #考研人[话题]# #考研备考[话题]# #很担心考研人的精神状态[话题]# #考研人的日常[话题]# #准研究生必上岸[话题]# #考研复习[话题]#",,1750588510000,1750588511000,6844116e000000001d02189b,上岸日记,https://sns-avatar-qc.xhscdn.com/avatar/1040g2jo31j1clg1khc6g5q2425n7c64rfet5330,2231,950,610,92,,"http://sns-webpic-qc.xhscdn.com/202512051949/0cd3f9eca1485dac6b89a05943e0aaf0/notes_pre_post/1040g3k831j1ffvqfh4fg5q2425n7c64r9mokc08!nd_dft_wlteh_webp_3,http://sns-webpic-qc.xhscdn.com/202512051949/df21538f217f3f6695a6cc16b7f65af2/notes_pre_post/1040g3k831j1fsi1dh4d05q2425n7c64r8op8e20!nd_dft_wgth_webp_3","考研党,考研人,考研备考,很担心考研人的精神状态,考研人的日常,准研究生必上岸,考研复习",1764935340482,https://www.xiaohongshu.com/explore/6857dc5e000000002300634b?xsec_token=ABqkFh0AQbFHHPe_gK2FKe-PPzGOb5AEjNJnhcYd5r1ZY=&xsec_source=pc_search,考研,ABqkFh0AQbFHHPe_gK2FKe-PPzGOb5AEjNJnhcYd5r1ZY=
691deb21000000001e0206e0,normal,"突然觉得考研对自己来说不是很重要了。
之前决定考研，一方面是因为想提升学历，去更好的学校看看，另一方面家里人也支持。从三月到现在一直坚持下来。一开始动力满满，觉得自己一定能考上，到了后期经常情绪崩溃。
仔细想想，自己真的想读研吗？其实不是，我更想经济独立，我不喜欢搞科研，不喜欢写论文，本科的论文已经让我焦头烂额，不想开始论文，一想到要写论文我就特别烦。选择考研还有一部分原因是因为周围人都在考，有一种从众心理，也想考上研装x，最近越来越看开了。
工作有什么不好呢，我只想过平淡的生活，和喜欢的人，还有喜欢的宠","突然觉得考研对自己来说不是很重要了。
之前决定考研，一方面是因为想提升学历，去更好的学校看看，另一方面家里人也支持。从三月到现在一直坚持下来。一开始动力满满，觉得自己一定能考上，到了后期经常情绪崩溃。
仔细想想，自己真的想读研吗？其实不是，我更想经济独立，我不喜欢搞科研，不喜欢写论文，本科的论文已经让我焦头烂额，不想开始论文，一想到要写论文我就特别烦。选择考研还有一部分原因是因为周围人都在考，有一种从众心理，也想考上研装x，最近越来越看开了。
工作有什么不好呢，我只想过平淡的生活，和喜欢的人，还有喜欢的宠物，平时可以散散步，追追剧，不用为了考试放弃自己的爱好。虽然我是二本，但是我相信不可能找不到工作。就算找不到特别好的，去奶茶店餐饮店过渡一下，只要能挣钱，我不可能一辈子都只能挣三千四千。我考研都可以坚持这么久。
当然，这并不是说我要放弃考研，只是不把考研看的太重要，考不上不会完蛋。我决定不给自己那么大的压力，最后一个月能学多少学多少，坚持到最后。然后出去玩放松一下，再看看工作，我知道自己大概率考不上了，二本报92，但是，没事，试一下吧。对我又不亏。看看我到底离92差多少吧。我知道自己其实并不是读书的料。
工作了可以攒钱，买想要的东西，还可以放假的时候去旅游。下班可以看剧看综艺刷抖音，不用担心考试过不过，绩点综测排名多少，奖学金又没有拿到等等。我决定不再push自己，按部就班的学习，做好考不上的准备。考上当然最好，不枉费这一年的努力。考不上我就开开心心的去找工作。
就这样，放轻松去学吧，别太有压力。加油。大家都加油。无论结果如何，都是最好的选择
#考研[话题]# #26考研[话题]# #考研不是唯一的出路[话题]# #加油吧考研人[话题]# #随笔[话题]# #日记[话题]#",,1763568417000,1763568417000,67f2ae78000000000d009737,momo,https://sns-avatar-qc.xhscdn.com/avatar/1040g2jo31nmrsh2q6m5g5pvilps395pn87igtdg,2183,577,348,343,新疆,http://sns-webpic-qc.xhscdn.com/202512051949/d588e1bcc1035524f34703fa8ca2ff55/1040g00831p2srcm5j26g5pvilps395pnao5auoo!nd_dft_wlteh_webp_3,"考研,26考研,考研不是唯一的出路,加油吧考研人,随笔,日记",1764935340485,https://www.xiaohongshu.com/explore/691deb21000000001e0206e0?xsec_token=AB19r4q9t2nJNN21bUIKZXEbn-Zfxup7nswdFaeUUcnrk=&xsec_source=pc_search,考研,AB19r4q9t2nJNN21bUIKZXEbn-Zfxup7nswdFaeUUcnrk=
6915f4e10000000004005e07,normal,"考研还剩30来天，还来得及么[石化R][石化R][石化R]
目前进度，刚刷完课一轮背诵还没结束…
	
二编：大家现在这个时间别焦虑！沉住气，好好学！好好复习专业课，政治该刷肖八啦，英语该背作文模板了，专业课也好好背背，大家按照节奏来，别慌，也别放弃，加油💪大家一研为定！
	
三编：还剩20天，稳住，坚持","考研还剩30来天，还来得及么[石化R][石化R][石化R]
目前进度，刚刷完课一轮背诵还没结束…
	
二编：大家现在这个时间别焦虑！沉住气，好好学！好好复习专业课，政治该刷肖八啦，英语该背作文模板了，专业课也好好背背，大家按照节奏来，别慌，也别放弃，加油💪大家一研为定！
	
三编：还剩20天，稳住，坚持",,1763046625000,1764518637000,6856b987000000001e0011e2,清词,https://sns-avatar-qc.xhscdn.com/avatar/1040g2jo31k3992rk326g5q2mn63ng4f2es8qptg,2111,759,400,71,吉林,http://sns-webpic-qc.xhscdn.com/202512051949/2c7f377ea32d9b311aa42d1c4649ce7c/1040g00831or4cc051ad05q2mn63ng4f2986g3u8!nd_dft_wlteh_webp_3,,1764935340489,https://www.xiaohongshu.com/explore/6915f4e10000000004005e07?xsec_token=ABdIhRQRGOT7XvSOxeSQxYUWmNQzCs0CJAslzB3stdfCE=&xsec_source=pc_search,考研,ABdIhRQRGOT7XvSOxeSQxYUWmNQzCs0CJAslzB3stdfCE=
69248364000000001b025c62,normal,12.20考研，无非就这10页纸，背完保底390+,#考研[话题]# #考研人[话题]# #考研党[话题]# #考研打卡[话题]# #考研初试[话题]# #研究生[话题]# #考研政治[话题]# #考研英语[话题]# #考研管综[话题]# #考研西综[话题]#,,1764000612000,1764000612000,68f7321300000000370022d4,秋亦染,https://sns-avatar-qc.xhscdn.com/avatar/fae9435d-994c-3ded-ae70-bfded22111e8,2134,2024,330,272,广东,"http://sns-webpic-qc.xhscdn.com/202512051949/f4a55ac8fa6ebfc6a69dbd23fe0bd1f8/notes_pre_post/1040g3k831p9b8vfc2u705q7n689to8mkqhshrs0!nd_dft_wlteh_webp_3,http://sns-webpic-qc.xhscdn.com/202512051949/c1bfc4f3af4f14eeaa893ef1762db39b/notes_pre_post/1040g3k031p9b91jn3c005q7n689to8mkkjg9tl0!nd_dft_wlteh_webp_3,http://sns-webpic-qc.xhscdn.com/202512051949/e3f3f317591a65826ee7e1fea7c9afba/notes_pre_post/1040g3k031p9b91eo2g005q7n689to8mks7vuf10!nd_dft_wlteh_webp_3,http://sns-webpic-qc.xhscdn.com/202512051949/b021c8346c5db59d76ccdbf00a58ee3e/notes_pre_post/1040g3k031p9b8vkd3c005q7n689to8mkvj1qpm8!nd_dft_wlteh_webp_3,http://sns-webpic-qc.xhscdn.com/202512051949/38ecb829bcc416f1db800b2d10e26dba/notes_pre_post/1040g3k031p9b913ois005q7n689to8mkde0av18!nd_dft_wlteh_webp_3,http://sns-webpic-qc.xhscdn.com/202512051949/c0d48fda0299b000bf9a5d0d6080823c/notes_pre_post/1040g3k031p9b90vbiu005q7n689to8mkllrv66o!nd_dft_wlteh_webp_3,http://sns-webpic-qc.xhscdn.com/202512051949/00f8f74df84028acde9affa6f5d46b5d/notes_pre_post/1040g3k031p9b90nn2u005q7n689to8mkjd90qdg!nd_dft_wlteh_webp_3,http://sns-webpic-qc.xhscdn.com/202512051949/346021faceefe9ecaf94d2bdb955033e/notes_pre_post/1040g3k031p9b90j1iu005q7n689to8mksahjrm0!nd_dft_wlteh_webp_3,http://sns-webpic-qc.xhscdn.com/202512051949/3597d6f7157d5f2a13df8f579fb85c05/notes_pre_post/1040g3k031p9b90893c005q7n689to8mkfhrf0n0!nd_dft_wlteh_webp_3,http://sns-webpic-qc.xhscdn.com/202512051949/7d9606ca9ad30f930ef61a5e69dadec6/notes_pre_post/1040g3k031p9b9003ig005q7n689to8mkvh7eno0!nd_dft_wlteh_webp_3,http://sns-webpic-qc.xhscdn.com/202512051949/1c32446c053df2bd9e66dd01569e2006/notes_pre_post/1040g3k031p9b8vp4jc005q7n689to8mkb7v15bo!nd_dft_wlteh_webp_3","考研,考研人,考研党,考研打卡,考研初试,研究生,考研政治,考研英语,考研管综,考研西综",1764935340492,https://www.xiaohongshu.com/explore/69248364000000001b025c62?xsec_token=ABH2wC2t8bF_-ZFCUR1hZk3uVvhuatTkC7g_4oWDomZ0E=&xsec_source=pc_search,考研,ABH2wC2t8bF_-ZFCUR1hZk3uVvhuatTkC7g_4oWDomZ0E=
692853a1000000000d03f448,normal,25天，极限考研上岸经历，说说我的来时路,"因为考研将至而倍感焦虑的学弟学妹们，我知道你现在是什么感觉。倒计时越来越少，题不认识我我不认识题，心里有个声音在不断地说：“来不及了，放弃吧。”
我懂。去年的我，就是现在的你。保研失败，秋招碰壁，手里只有崭新的考研教材和满心的迷茫。距考研满打满算也只有一个月左右。但真正进入状态全力以赴冲刺的，也就是最后那25天。所以，别慌。25天，不是失败宣告，而是你绝地反击的开始。下面这些话，是我用汗水和眼泪换来的，请你一定认真看。
.
一、总体规划：把25天分成三段
别想着一口吃成胖子，我们把25天拆开，一步一个脚印。
第1⃣️阶段：第1-10天（玩命输入期）
核心任务： 别管能不能完全掌握，用最快的速度，把所有科目的核心知识点和真题过一遍。目的是让你知道“考什么”，建立一个大致的框架，摆脱一无所知的恐惧。
状态： 这10天会非常痛苦，是体力活。你会觉得东西太多，根本记不住，学了跟没学一样。没关系，硬着头皮往下走，允许自己“不求甚解”。
第2⃣️段：第11-20天（疯狂输出期）
核心任务： 做题，做题，还是做题！做真题，做模拟卷。目的是把第一段输入的东西，转化成答题能力。你会发现自己哪里不会，然后精准地回去补。
状态： 从被动接收变为主动攻击。你会开始有“哦，原来是考的是这个知识点”的顿悟时刻，信心会开始建立。
第3⃣️段：第21-25天（回归与保温期）
核心任务： 停止学习新东西！全部精力用来保住分数。反复看你整理的高频考点、错题本、作文模板。全真模拟，调整生物钟。
状态： 心态最容易崩盘的阶段。要做的就是相信前20天的努力，稳住，别自乱阵脚。
	
❤️最后，啰嗦几句：
这25天，会是你人生中一段极其黑暗但也闪闪发光的日子。你会体验到什么叫“绝望中的希望”。当你走出考场，无论结果如何，你都会感谢这个拼过命的自己。
‼️放弃很容易，但坚持到底，真的很酷。别再浪费时间精力去焦虑了，就从这一刻开始，行动起来。
#考研上岸经验[话题]# #极限考研[话题]# #考研复习[话题]# #一战成硕[话题]# #我的考研[话题]# #考研经验分享[话题]# #考研带给我的人生变化[话题]# #考研加油[话题]# #考研时间安排[话题]# #考研备考攻略[话题]#",,1764250529000,1764250530000,6923262b0000000037006274,屿风拾甜,https://sns-avatar-qc.xhscdn.com/avatar/45837da9-67cb-3f7a-946d-72ba71442e63,2068,1514,28,170,贵州,"http://sns-webpic-qc.xhscdn.com/202512051949/f67ae348e10a57d04f15f6fe91094c7e/1040g00831pd2atjsig705q934oltoojks6t42eo!nd_dft_wlteh_webp_3,http://sns-webpic-qc.xhscdn.com/202512051949/c980597a13e57f8f291d192d68a9cf24/1040g00831pd2atjsig7g5q934oltoojk59t078o!nd_dft_wlteh_webp_3,http://sns-webpic-qc.xhscdn.com/202512051949/15fe07a8ac8b87a5c235f7b08b2b1b91/1040g00831pd2atjsig805q934oltoojkgjomado!nd_dft_wlteh_webp_3,http://sns-webpic-qc.xhscdn.com/202512051949/f9706edf6585e2b08da569176b6e9977/1040g00831pd2atjsig8g5q934oltoojkhter9h0!nd_dft_wlteh_webp_3,http://sns-webpic-qc.xhscdn.com/202512051949/6e8b9a8f16f1a70cb9e9bcf2fa07d752/1040g00831pd2atjsig905q934oltoojkk6k85n8!nd_dft_wlteh_webp_3,http://sns-webpic-qc.xhscdn.com/202512051949/a9cda555166a11b85c7e5c3ec69e2139/1040g00831pd2atjsig9g5q934oltoojkbnkdto0!nd_dft_wlteh_webp_3,http://sns-webpic-qc.xhscdn.com/202512051949/54365fff1960688f05edc0167770e596/1040g00831pd2atjsiga05q934oltoojk9pmt1og!nd_dft_wlteh_webp_3,http://sns-webpic-qc.xhscdn.com/202512051949/1d2cfc09f659eb1040bab14b0bc4a2cf/1040g00831pd2atjsigag5q934oltoojkopkbkfg!nd_dft_wlteh_webp_3,http://sns-webpic-qc.xhscdn.com/202512051949/5ce4109675130aaf0318953d969553e2/1040g00831pd2atjsigb05q934oltoojk6r97dgg!nd_dft_wlteh_webp_3","考研上岸经验,极限考研,考研复习,一战成硕,我的考研,考研经验分享,考研带给我的人生变化,考研加油,考研时间安排,考研备考攻略",1764935340496,https://www.xiaohongshu.com/explore/692853a1000000000d03f448?xsec_token=ABPhPuuudNF6AdLLMSsktRX93eH6290dBwdk1tDsykWJ4=&xsec_source=pc_search,考研,ABPhPuuudNF6AdLLMSsktRX93eH6290dBwdk1tDsykWJ4=
692f798d000000001e02ff81,normal,26考研政治，无非这71个口诀，熬夜背！,#考研[话题]# #考研人[话题]# #研究生考试[话题]# #考研政治[话题]# #考研党[话题]# #考研打卡[话题]# #考研日记[话题]# #考研初试[话题]# #考研经验[话题]# #考研倒计时[话题]#,,1764718989000,1764743675000,674dd44f000000001d02f28f,青岚烟,https://sns-avatar-qc.xhscdn.com/avatar/676ab7115b4f480001a60a33.jpg,2097,1758,1084,161,广东,"http://sns-webpic-qc.xhscdn.com/202512051949/ae06bb77959306926144d0282482f566/1040g00831pjkhbf7km9g5pqdqh7ndskf37lvdq0!nd_dft_wlteh_webp_3,http://sns-webpic-qc.xhscdn.com/202512051949/ee359d01d4d61fa75e25043946799227/1040g2sg31pk1qku64o005pqdqh7ndskfiva25lg!nd_dft_wlteh_webp_3,http://sns-webpic-qc.xhscdn.com/202512051949/7b3d4e8c595d39a738bf78702aaca484/1040g2sg31pk1qkrlko005pqdqh7ndskfsh31318!nd_dft_wlteh_webp_3,http://sns-webpic-qc.xhscdn.com/202512051949/db755b1c2acb08b4cebfb64c3ed31f82/1040g2sg31pk1qko04k005pqdqh7ndskfsnu7nh0!nd_dft_wlteh_webp_3,http://sns-webpic-qc.xhscdn.com/202512051949/8fcb411737cb99db0c4cbaeb77c47bff/1040g2sg31pk1qklfkm005pqdqh7ndskfvgg0li0!nd_dft_wlteh_webp_3,http://sns-webpic-qc.xhscdn.com/202512051949/2ca3cf218eb1cfcadb9f20182084acd6/1040g2sg31pk1qkhgkk005pqdqh7ndskf6c6gse0!nd_dft_wlteh_webp_3,http://sns-webpic-qc.xhscdn.com/202512051949/3d859424fba79afe331780b0b66e65f5/1040g2sg31pk1qke34g005pqdqh7ndskf32jso88!nd_dft_wlteh_webp_3,http://sns-webpic-qc.xhscdn.com/202512051949/b9c2e85797ea8d6c00235744fcbfd333/1040g2sg31pk1qkan4o005pqdqh7ndskfgpaimcg!nd_dft_wlteh_webp_3,http://sns-webpic-qc.xhscdn.com/202512051949/8531a79ff24f4c5cef437e3c71f5c519/1040g2sg31pk1qk7j4k005pqdqh7ndskfm2gkj3g!nd_dft_wlteh_webp_3,http://sns-webpic-qc.xhscdn.com/202512051949/d4900fb9c6d46c2cf0bbf9da3194f230/1040g2sg31pk1qk4iko005pqdqh7ndskfl3ro5fg!nd_dft_wlteh_webp_3,http://sns-webpic-qc.xhscdn.com/202512051949/9c95c5f9767fffa53d35673a771e1fd5/1040g2sg31pk1qk0s4k005pqdqh7ndskfmubobv8!nd_dft_wlteh_webp_3,http://sns-webpic-qc.xhscdn.com/202512051949/d08bdd8b73dc61df23b59c7f5d89f1df/1040g00831pk1qjro4k005pqdqh7ndskfa784h6g!nd_dft_wlteh_webp_3","考研,考研人,研究生考试,考研政治,考研党,考研打卡,考研日记,考研初试,考研经验,考研倒计时",1764935340502,https://www.xiaohongshu.com/explore/692f798d000000001e02ff81?xsec_token=ABdxrvuGA19he87I-O_idpkXdYVOe1oS6x4qSFBqRhd78=&xsec_source=pc_search,考研,ABdxrvuGA19he87I-O_idpkXdYVOe1oS6x4qSFBqRhd78=
692ec68d0000000019025026,normal,如何逼自己18天极限考研（玩命上岸版）,"正在冲刺的学弟学妹们，今天想跟大家掏心窝子聊聊我考研最后18天的备考日常。我本科就是一所普通院校，成绩中游，不算那种天赋型选手，但凭着最后这段时间的死磕，一战就考上了目标985。现在回头想，那段日子真的难熬，压力大到整夜失眠是常事，偶尔绷不住就躲在自习室楼道里偷偷哭，但每次擦干眼泪都告诉自己：都坚持到这儿了，差这最后一步认输太亏，咬咬牙就过去了。结果证明，这份坚持真的没白费。
距离25年考研只剩18天了，别觉得时间短就没盼头
18天也足够创造小小的奇迹！
18天能把肖八错题吃透、肖四核心考点背牢，政治选择题稳拿35+，大题踩准得分点，35分也根本不是问题
18天能刷完近5年英语真题，把阅读高频错题的错因摸透，选择题冲30分很有戏
18天能背熟4套大小作文模板，再练3篇翻译真题，英语作文+翻译稳稳拿下20分，过线基本稳了
18天能把专业课核心章节过3遍，真题高频考点背1轮，专业课冲110分不是空想！
我今天就把自己最后18天的冲刺心得分享给大家，希望能帮你们稳住心态，一起在最后阶段冲一把！
基础好的同学，这时候千万别乱了节奏。继续按自己的计划推进，真题和模拟题重点练手感，错题本一定要天天翻，那些之前没吃透的细节、易错点，现在啃下来就是提分点，争取再往上冲一冲，把优势稳住。
基础稍弱的同学，现在真的别贪多求难。难题直接放一放，把精力全放在基础题上——专业课优先背高频考点和真题答案，确保考场上看到熟题能写得又快又准；公共课抓核心考点，别在偏题怪题上耗时间。我去年考前在考场外都攥着专业课笔记没停过，结果真的考到了刚看过的知识点。所以千万别浪费任何碎片时间，万一好运就砸在你身上，考前瞥到的内容刚好考到呢？
最后18天，拼的就是心态和执行力。别再纠结过去复习得好不好，抓住当下能把握的每一分钟，稳扎稳打把该拿的分都拿到。咱们都不是天生的学霸，但都可以做坚持到最后的赢家，加油冲！
现在放弃的都是大笨蛋！
#考研[话题]# #26考研[话题]# #考研经验分享[话题]# #考研是留给有准备的人[话题]# #极限考研[话题]# #考研上岸经验[话题]#",,1764673165000,1764673166000,65d56114000000000401c7a6,柴可秃斯基,https://sns-avatar-qc.xhscdn.com/avatar/65d5c3cf8ed7627613f4c90b.jpg,2095,1211,231,142,江苏,"http://sns-webpic-qc.xhscdn.com/202512051949/94aad4e74731ccd452146fc00d475bfa/notes_pre_post/1040g3k831pjbrj5k4ohg5pelc4a13ht6vpdagd8!nd_dft_wlteh_webp_3,http://sns-webpic-qc.xhscdn.com/202512051949/7fb4579ce6483191ad9ec4af4ec7b558/notes_pre_post/1040g3k831pjbrj5k4oi05pelc4a13ht62g2eg4o!nd_dft_wlteh_webp_3,http://sns-webpic-qc.xhscdn.com/202512051949/c488544357fc6e9140e5b86a4c9bc290/notes_pre_post/1040g3k831pjbrj5k4oig5pelc4a13ht6v0t0tro!nd_dft_wlteh_webp_3,http://sns-webpic-qc.xhscdn.com/202512051949/7f590d675303cc618630222dfab61c4c/notes_pre_post/1040g3k031pjbv83uka0g5pelc4a13ht6s432g38!nd_dft_wlteh_webp_3,http://sns-webpic-qc.xhscdn.com/202512051949/86aa32ceb795c885e07c287a7e58c289/notes_pre_post/1040g3k831pjbrj5k4ojg5pelc4a13ht6fd703dg!nd_dft_wlteh_webp_3,http://sns-webpic-qc.xhscdn.com/202512051949/146353e2a3dd73b0d62bbb766039666a/notes_pre_post/1040g3k831pjbrj5k4ok05pelc4a13ht66v0ii8g!nd_dft_wlteh_webp_3,http://sns-webpic-qc.xhscdn.com/202512051949/a0261285137ef284e5e540b06fd2714f/notes_pre_post/1040g3k831pjbrj5k4okg5pelc4a13ht65db74sg!nd_dft_wlteh_webp_3,http://sns-webpic-qc.xhscdn.com/202512051949/07f4432e939a96c0557228b9cb9c62fc/notes_pre_post/1040g3k031pjbv83uka005pelc4a13ht6ijj3o68!nd_dft_wlteh_webp_3","考研,26考研,考研经验分享,考研是留给有准备的人,极限考研,考研上岸经验",1764935340506,https://www.xiaohongshu.com/explore/692ec68d0000000019025026?xsec_token=ABll_kChCPSFkh7eUsvYyJwH4eNyvmHQ6-aigq30TDIqA=&xsec_source=pc_search,考研,ABll_kChCPSFkh7eUsvYyJwH4eNyvmHQ6-aigq30TDIqA=
692c80d7000000001b030f5e,normal,提醒一下，下下周六参加考研的人（救命版 #,#考研备考攻略[话题]# #考研人[话题]# #考研时间安排[话题]# #研究生考试[话题]# #考研复习[话题]# #考研英语[话题]# #考研留给先有准备的人[话题]# #加油吧考研人[话题]# #考研规划[话题]# #我的考研[话题]# #考研加油[话题]# #研究生考试[话题]# #考研规划[话题]# #考研人的日常[话题]# #加油吧考研人[话题]# #考研过来人的避坑法则[话题]# #考研经验分享[话题]# #考研党[话题]# #考研背书[话题]# #考研政治[话题]# #考研英语[话题]# #考研[话题]# #考研人[话题]# #26考研[话题]# #考研政治[话题]# #考研规划[话题]# #考研上岸经验[话题]# #考研政治资料[话题]# #考研经验[话题]#,,1764524247000,1764748316000,689fdc9300000000190137fc,雾月随,https://sns-avatar-qc.xhscdn.com/avatar/1040g2jo31p150c1j32005q4vri9madvso5fi860,2027,1801,748,335,江西,"http://sns-webpic-qc.xhscdn.com/202512051952/108d765405012b9f529ae25572273b9b/1040g00831ph4f6okis405q4vri9madvsgrub90g!nd_dft_wlteh_webp_3,http://sns-webpic-qc.xhscdn.com/202512051952/c773b5ceb9acd86f6b4a1eb5b8857045/1040g00831ph4f6okis1g5q4vri9madvsoeahgmg!nd_dft_wlteh_webp_3,http://sns-webpic-qc.xhscdn.com/202512051952/b86386baec771198f4cdc2cb02512b46/1040g00831ph4f6okis005q4vri9madvstgbp0c0!nd_dft_wlteh_webp_3,http://sns-webpic-qc.xhscdn.com/202512051952/e2a75530519762409e426eaf6cd6fbeb/1040g00831ph4f6okis105q4vri9madvs56qiir8!nd_dft_wlteh_webp_3,http://sns-webpic-qc.xhscdn.com/202512051952/eec97488ab5799c4948c46920fc5f13c/1040g00831ph4f6okis0g5q4vri9madvsjk9k848!nd_dft_wlteh_webp_3,http://sns-webpic-qc.xhscdn.com/202512051952/796891ae2805dfa185c93ae0b6e9bb2d/1040g00831ph4f6okis4g5q4vri9madvs36cbrdg!nd_dft_wlteh_webp_3,http://sns-webpic-qc.xhscdn.com/202512051952/76d9d9e30af16ba66008f9679399b18e/1040g00831ph4f6okis305q4vri9madvs7goc4m0!nd_dft_wlteh_webp_3,http://sns-webpic-qc.xhscdn.com/202512051952/adf65fead38711731ee8124d6dc20a2d/1040g00831ph4f6okis2g5q4vri9madvsnbknqo0!nd_dft_wlteh_webp_3,http://sns-webpic-qc.xhscdn.com/202512051952/69e7066241c48154dc21ebb064962af4/1040g00831ph4f6okis205q4vri9madvst96d058!nd_dft_wlteh_webp_3,http://sns-webpic-qc.xhscdn.com/202512051952/81f8300d9a3405bde776dbb419d32f4e/1040g00831ph4f6okis3g5q4vri9madvsr1vq2f0!nd_dft_wlteh_webp_3,http://sns-webpic-qc.xhscdn.com/202512051952/e9ab582c5c0c00a4d97ea223e040a3f1/1040g00831ph4f6okis505q4vri9madvsdua4ao8!nd_dft_wlteh_webp_3,http://sns-webpic-qc.xhscdn.com/202512051952/5b016da88d8646470d53addfdfc07d84/1040g00831ph4f6okis605q4vri9madvs3jurfh8!nd_dft_wlteh_webp_3,http://sns-webpic-qc.xhscdn.com/202512051952/842910086188ed14df8c87ca05e0e822/1040g00831ph4f6okis6g5q4vri9madvsfta9jv0!nd_dft_wlteh_webp_3,http://sns-webpic-qc.xhscdn.com/202512051952/8f267bb689a1d0ce32451efc64749704/1040g2sg31ph4v381jce05q4vri9madvsql0s4ko!nd_dft_wlteh_webp_3,http://sns-webpic-qc.xhscdn.com/202512051952/3d993678458d197c4e3c13f148713f01/1040g00831ph4f6okis5g5q4vri9madvs603eb0g!nd_dft_wlteh_webp_3,http://sns-webpic-qc.xhscdn.com/202512051952/a645a656a37027a1eea0011cad361cc2/1040g2sg31ph4v381jceg5q4vri9madvs0eto0bg!nd_dft_wlteh_webp_3,http://sns-webpic-qc.xhscdn.com/202512051952/27cb2b5e7a923b74c50aa8b31eedac1d/1040g2sg31ph4v381jcf05q4vri9madvshbu1rno!nd_dft_wlteh_webp_3,http://sns-webpic-qc.xhscdn.com/202512051952/8c3dfce95374af069c95167065d77faa/1040g2sg31ph4v381jcfg5q4vri9madvs3ngsmfo!nd_dft_wlteh_webp_3","考研备考攻略,考研人,考研时间安排,研究生考试,考研复习,考研英语,考研留给先有准备的人,加油吧考研人,考研规划,我的考研,考研加油,考研人的日常,考研过来人的避坑法则,考研经验分享,考研党,考研背书,考研政治,考研,26考研,考研上岸经验,考研政治资料,考研经验",1764935569907,https://www.xiaohongshu.com/explore/692c80d7000000001b030f5e?xsec_token=AB3pw5HPgKU69T9KztkZxERchRuCT0jlF80XIyKWUAyW8=&xsec_source=pc_search,考研,AB3pw5HPgKU69T9KztkZxERchRuCT0jlF80XIyKWUAyW8=
69249224000000001e031626,normal,27考研人数会少吗,27考研人数会少吗，会不会人数少了又开始都来考研#不懂就问系列[话题]# #27考研[话题]# #27考研人[话题]#,,1764004388000,1764004892000,6069583f000000000101ec87,公主不拉屎,https://sns-avatar-qc.xhscdn.com/avatar/1040g2jo31ldn3a5g5m0g5o39b0vgbr47m5li6l0,1958,1440,175,71,陕西,http://sns-webpic-qc.xhscdn.com/202512051952/b1618b1b2ff567499efefc05a95d2514/1040g00831p9d1n9t3c005o39b0vgbr47ghcb8s0!nd_dft_wlteh_webp_3,"不懂就问系列,27考研,27考研人",1764935569911,https://www.xiaohongshu.com/explore/69249224000000001e031626?xsec_token=ABH2wC2t8bF_-ZFCUR1hZk3l_wFkuLc4BAKF7lyOD_YUE=&xsec_source=pc_search,考研,ABH2wC2t8bF_-ZFCUR1hZk3l_wFkuLc4BAKF7lyOD_YUE=
69291348000000001e02edeb,normal,原来管综考研还可以这样呀，这下安心玩了,#199管综考研[话题]##管综备考[话题]#  #199管综[话题]# #管综数学[话题]##管综199联考[话题]##在职MBA[话题]# #管综199[话题]##管综逻辑[话题]#  #管综[话题]##199管综数学[话题]#,,1764299592000,1764304266000,68a1a9510000000019020d20,西瓜小熊猫,https://sns-avatar-qc.xhscdn.com/avatar/4cb11280-2bd5-3b32-80f3-bc3f2b830283,1938,2079,590,240,海南,"http://sns-webpic-qc.xhscdn.com/202512051952/6aeea630d29b897ea28179e5e521ca47/1040g2sg31pdpph0r2g905q51l58mc390lnim9ho!nd_dft_wlteh_webp_3,http://sns-webpic-qc.xhscdn.com/202512051952/efef5ae811a01a5f6bb0c97d85715ceb/1040g2sg31pdpph0r2g705q51l58mc390bijekt0!nd_dft_wlteh_webp_3,http://sns-webpic-qc.xhscdn.com/202512051952/1f289938d433f7edc9dffe609b85ca74/1040g2sg31pdpph0r2g7g5q51l58mc390sqlbupg!nd_dft_wlteh_webp_3,http://sns-webpic-qc.xhscdn.com/202512051952/a94f9af57c2c94689e9004538fa7e57a/1040g2sg31pdpph0r2g805q51l58mc390i0huq8o!nd_dft_wlteh_webp_3,http://sns-webpic-qc.xhscdn.com/202512051952/c7cd86f2417fd3d7d612974d1a88fa4f/1040g2sg31pdpph0r2g8g5q51l58mc390pqv3k1g!nd_dft_wlteh_webp_3","199管综考研,管综备考,199管综,管综数学,管综199联考,在职MBA,管综199,管综逻辑,管综,199管综数学",1764935569914,https://www.xiaohongshu.com/explore/69291348000000001e02edeb?xsec_token=ABaY3SbIb3HkJpjitPATEutwOfGvrGFmKDpbxOsnIbzbA=&xsec_source=pc_search,考研,ABaY3SbIb3HkJpjitPATEutwOfGvrGFmKDpbxOsnIbzbA=
692a9c80000000001e0023e3,normal,根本不敢看煽情的 因为不煽情的也会掉眼泪 #考研人的心理状态[话题]# #考研党[话题]# #很担心考研人的精神状态[话题]# #考完研后的生活状态[话题]# #加油吧考研人[话题]#,根本不敢看煽情的 因为不煽情的也会掉眼泪 #考研人的心理状态[话题]# #考研党[话题]# #很担心考研人的精神状态[话题]# #考完研后的生活状态[话题]# #加油吧考研人[话题]#,,1764400256000,1764400256000,60d9be82000000000101d120,momo,https://sns-avatar-qc.xhscdn.com/avatar/63d8a0f7ed0aafa081bfe9d4.jpg,2139,136,555,110,山东,http://sns-webpic-qc.xhscdn.com/202512051952/84861cef9ff6bcf02d48c7e08dfd1f0b/1040g00831pf9q9gp2c6g5o6pnq10bk90l03atu0!nd_dft_wlteh_webp_3,"考研人的心理状态,考研党,很担心考研人的精神状态,考完研后的生活状态,加油吧考研人",1764935569918,https://www.xiaohongshu.com/explore/692a9c80000000001e0023e3?xsec_token=AB3VztolZ29Oh7d3s2NCJc6om5oYUXbkp0j6CfvRLnLJw=&xsec_source=pc_search,考研,AB3VztolZ29Oh7d3s2NCJc6om5oYUXbkp0j6CfvRLnLJw=
6906f388000000000503270b,normal,我要是在图书馆累死了可有人知道,为什么最近那么容易累，心理和身体双重打击。我真的觉得我自己现在是一支蜡烛，已经燃到底了。只要动脑子之后我就超级超级累恨不得直接图书馆地上躺了。我好累好累#很担心考研人的精神状态[话题]##管综逻辑[话题]# #考研人精神[话题]#,,1762063240000,1762073399000,5d09c83400000000100139db,k括号k大人,https://sns-avatar-qc.xhscdn.com/avatar/1040g2jo31liiqls45m5g5n89p0q42eer7sitf5o,1894,267,725,133,,http://sns-webpic-qc.xhscdn.com/202512051952/20973f6f168af73b55cf96d58e1d717b/1040g00831ocfclos6m605n89p0q42eer3cuiab8!nd_dft_wlteh_webp_3,"很担心考研人的精神状态,管综逻辑,考研人精神",1764935569921,https://www.xiaohongshu.com/explore/6906f388000000000503270b?xsec_token=ABHHmjh6yAYPUOQ47-veu4Yc1lRKOyt-WaHKZoxwJjpSE=&xsec_source=pc_search,考研,ABHHmjh6yAYPUOQ47-veu4Yc1lRKOyt-WaHKZoxwJjpSE=
693163cc000000001e039313,normal,考研最后15天，没有灵药,#考研[话题]# #考研加油[话题]# #26考研[话题]# #很担心考研人的精神状态[话题]# #考研是留给有准备的人[话题]# #考研人精神[话题]# #考研结束[话题]# #考研倒计时[话题]# #考研留给先准备的[话题]#,,1764844492000,1764844493000,618e16860000000010005122,从头再来lc,https://sns-avatar-qc.xhscdn.com/avatar/6486d09940880beb11009613.jpg,2990,980,232,117,陕西,"http://sns-webpic-qc.xhscdn.com/202512051952/1e90c402bc8e34f43502eb7ba705050a/notes_pre_post/1040g3k831pltllbp4mcg5oce2q340k928ppviv0!nd_dft_wlteh_webp_3,http://sns-webpic-qc.xhscdn.com/202512051952/0f1555f88b1f610e19a0c4d3e1cae020/notes_pre_post/1040g3k831pltllbp4mdg5oce2q340k92htpgqag!nd_dft_wlteh_webp_3,http://sns-webpic-qc.xhscdn.com/202512051952/069a36cb150f14dbdb04561d05abc47b/notes_pre_post/1040g3k831pltllbp4mb05oce2q340k92g1joj60!nd_dft_wgth_webp_3","考研,考研加油,26考研,很担心考研人的精神状态,考研是留给有准备的人,考研人精神,考研结束,考研倒计时,考研留给先准备的",1764935569924,https://www.xiaohongshu.com/explore/693163cc000000001e039313?xsec_token=AB31GMfckohqs4qcL1_RmZKeZVyUur_6aV982_JA1P_I8=&xsec_source=pc_search,考研,AB31GMfckohqs4qcL1_RmZKeZVyUur_6aV982_JA1P_I8=
69313741000000001d03a0ce,normal,"距离考研还有16天
数学之前学的太墨迹了
所以只从17年开始写的卷子，感觉现在来不及了，最后这半个月可以只反复刷21-25年的真题吗#考研[话题]# #考研数学[话题]# #数二[话题]#","距离考研还有16天
数学之前学的太墨迹了
所以只从17年开始写的卷子，感觉现在来不及了，最后这半个月可以只反复刷21-25年的真题吗#考研[话题]# #考研数学[话题]# #数二[话题]#",,1764833089000,1764833089000,616c0b2600000000020278e9,嗯哼哼,https://sns-avatar-qc.xhscdn.com/avatar/1040g2jo31opvvm73h2005obc1cj0ku79npp4f90,1885,1870,94,160,辽宁,http://sns-webpic-qc.xhscdn.com/202512051952/82c38997c4e23976cd731a65e91b1e46/1040g2sg31plo5top4s005obc1cj0ku798vmqbj8!nd_dft_wlteh_webp_3,"考研,考研数学,数二",1764935569928,https://www.xiaohongshu.com/explore/69313741000000001d03a0ce?xsec_token=AB31GMfckohqs4qcL1_RmZKSwq_AWo3uq6gGhSlUdE_oQ=&xsec_source=pc_search,考研,AB31GMfckohqs4qcL1_RmZKSwq_AWo3uq6gGhSlUdE_oQ=
690c492f0000000004021023,normal,英一87 |让我作文只扣个位数的批改指令！,"考研人已经进入英语作文冲刺阶段了
但很多同学反映作文写完了不知道怎么批改、看不出语法错误、找人批改费事费钱、不会用高级词汇、分数无法提升。
我曾经也为批改作文头大，直到我把AI用成了我的“免费高分学长”！作文分数提升10+
今天手把手教你方法！
	
直接打开通义，拍照上传，然后输入指令：
“你现在是一个中国研究生入学考试英语的主观作文的阅卷老师，请校阅以下考生作文按照文章内容要点、语法词汇的丰富程度、行文的连贯性来对文章进行打分，并参考以下评分标准。”后面的五档评分标准就是严格按照考研英语一/英语二的改卷要求来的。
	
最后别忘了再加上一句“你的回答应该包含处于0-10分的给分、文章所处的档位、给分依据、语法错误和纠正、词汇表达的建议以及完善后的文章。图一是这次你要批改的题目，图二是考生答案。”
	
然后通义就会给出语法的纠正和讲解，并且给出润色之后的文章。
它连一些细微的单词错误都可以看出来，我之前写的是For anther，我自己回看的时候都没发现问题，它指出了拼写错误其实是For another。
	
把原来的句型和我修改后的表达比较一下之后，确实表达更丰富流畅了
我原来写的是building strong Chinese language skills id important，它会指出我之前使用的important这个词能有更多样的表达，帮我替换成了vital或者essential。
	
原来的文章中还有一些冗长的表达，我之前用的是I am writing this letter with the aim of，但是它会指出这样的表达不自然，直接用I am writing this letter to就可以，确实是按照英语的说话习惯来的，该有高级词汇的地方做到了替换，刻意炫技的表达就删去了，这样修改之后文章的表达的确更加自然。
	
大家再也不用担心作文写完无人问津了，自己就能打造一个高效提分闭环！
坚持练习+有效批改=作文高分！大家快去试试，效果真的惊喜！
你还有什么批改小妙招？评论区见！
#26考研[话题]# #考研英语作文[话题]# #考研英语一作文[话题]# #考研英语二作文[话题]# #考研英语作文模板[话题]# #通义APP[话题]##通义[话题]##千问[话题]##通义AI[话题]#",,1762419708000,1762412847000,61d7a270000000001000b143,法学牲Evan,https://sns-avatar-qc.xhscdn.com/avatar/1040g2jo31cselaju0s6g5oenk9o41ca3nk0a89g,1795,1418,2,108,吉林,"http://sns-webpic-qc.xhscdn.com/202512051952/81068f4808923c52d03e1f4a6b6b4117/notes_pre_post/1040g3k831ohm2t0s6g005oenk9o41ca3ih93nr0!nd_dft_wlteh_webp_3,http://sns-webpic-qc.xhscdn.com/202512051952/a793c196c73a9c9841cff398aa84e579/notes_pre_post/1040g3k831ohj34k96g905oenk9o41ca3bhmktpo!nd_dft_wlteh_webp_3,http://sns-webpic-qc.xhscdn.com/202512051952/845cfbd4aea02b202a3e2bc4945aa1c8/notes_pre_post/1040g3k831ohm2t435m005oenk9o41ca381qiago!nd_dft_wlteh_webp_3,http://sns-webpic-qc.xhscdn.com/202512051952/9a8f2430c1e89bb43a55d1d2d5e79c1d/notes_pre_post/1040g3k831ohm2til6g005oenk9o41ca3neabigo!nd_dft_wlteh_webp_3,http://sns-webpic-qc.xhscdn.com/202512051952/d7ff63be3d3e24f7e20d76c466d23907/notes_pre_post/1040g3k831ohm2tf758005oenk9o41ca3om1h3do!nd_dft_wlteh_webp_3,http://sns-webpic-qc.xhscdn.com/202512051952/ca70a43026465e76bac7a4344ac0bbec/notes_pre_post/1040g3k831ohm2tcn6g005oenk9o41ca3lh83jn0!nd_dft_wlteh_webp_3,http://sns-webpic-qc.xhscdn.com/202512051952/1c4b8ba2ea37e6535a81ab483cc86e6b/notes_pre_post/1040g3k831ohm2taalm005oenk9o41ca35ut8ssg!nd_dft_wlteh_webp_3,http://sns-webpic-qc.xhscdn.com/202512051952/da284efef63fd5f5776ff528369576b7/notes_pre_post/1040g3k831ohm2t7ulm005oenk9o41ca31nf0vb8!nd_dft_wlteh_webp_3","26考研,考研英语作文,考研英语一作文,考研英语二作文,考研英语作文模板,通义APP,通义,千问,通义AI",1764935569931,https://www.xiaohongshu.com/explore/690c492f0000000004021023?xsec_token=ABXQdCQA40G6NE88uvcapWHvvdgsG6NnjcdkQ9FUhBYTs=&xsec_source=pc_search,考研,ABXQdCQA40G6NE88uvcapWHvvdgsG6NnjcdkQ9FUhBYTs=
692bdd8d0000000019026141,normal,"我真的好累。
没有想到这二十天会这么累 停也停不下来 学又学不进去 有时候想哭一场吧 又确实哭不出来 没到那种寻死觅活的程度 我们这种人 每天行尸走肉 看起来是按部就班 不如说是吊着一口气 等着20号那天咽。
#考研[话题]#","我真的好累。
没有想到这二十天会这么累 停也停不下来 学又学不进去 有时候想哭一场吧 又确实哭不出来 没到那种寻死觅活的程度 我们这种人 每天行尸走肉 看起来是按部就班 不如说是吊着一口气 等着20号那天咽。
#考研[话题]#",,1764482445000,1764495722000,5b5c225811be1076375e1a1d,小鱼摊饼,https://sns-avatar-qc.xhscdn.com/avatar/1040g2jo3185ur0un46004a7julh5g6gtt1fdqno,1787,321,437,58,河南,http://sns-webpic-qc.xhscdn.com/202512051952/8df255802ced7cbaa9cc59b7b072988b/1040g2sg31pggskdiis004a7julh5g6gtluor55g!nd_dft_wlteh_webp_3,考研,1764935569938,https://www.xiaohongshu.com/explore/692bdd8d0000000019026141?xsec_token=ABhBQLTW9IA1W2Uzazd2N1cWwcgJo-6yi6tIc-LtwXcME=&xsec_source=pc_search,考研,ABhBQLTW9IA1W2Uzazd2N1cWwcgJo-6yi6tIc-LtwXcME=
69281d79000000001e026603,normal,一起来创造奇迹｜超全速记口诀，冲75+,"总有宝子想要各个口诀，那就一起背起来吧
#考研政治[话题]# #考研干货[话题]# #腿姐政治[话题]# #考研上岸经验[话题]# #肖秀荣[话题]# #徐涛政治[话题]# #腿姐[话题]# #考点速记[话题]# #考研政治徐涛[话题]# #速记口诀[话题]#",,1764236665000,1764236665000,5af84c07e8ac2b3a38c3a3d0,问问学姐🎓,https://sns-avatar-qc.xhscdn.com/avatar/1040g2jo30puskndjn0004a5a1d60f8ugfev5p8o,1699,1495,168,138,吉林,"http://sns-webpic-qc.xhscdn.com/202512051952/2921f6798d8e327a75bce6aadecc0e7e/1040g2sg31pcrqlib2oh04a5a1d60f8ug3kiaha0!nd_dft_wlteh_webp_3,http://sns-webpic-qc.xhscdn.com/202512051952/44b6e880a99edaa9fe2f7a660c70e97d/1040g2sg31pcrqlib2oe04a5a1d60f8ug7ov6lbg!nd_dft_wlteh_webp_3,http://sns-webpic-qc.xhscdn.com/202512051952/1c177c786e4d0ac519550dbe7f3a8a8d/1040g2sg31pcrqlib2of04a5a1d60f8ugtf17mc0!nd_dft_wlteh_webp_3,http://sns-webpic-qc.xhscdn.com/202512051952/9f3b05a88a9ecb5f035f4746b7b09e34/1040g2sg31pcrqlib2ogg4a5a1d60f8ugmrlrl0o!nd_dft_wlteh_webp_3,http://sns-webpic-qc.xhscdn.com/202512051952/ef6c3e4ce8363b35d3933072a8eb5743/1040g2sg31pcrqlib2ofg4a5a1d60f8ugdi3htg0!nd_dft_wlteh_webp_3,http://sns-webpic-qc.xhscdn.com/202512051952/98dd4600d95a096662cb536818596b25/1040g2sg31pcrqlib2og04a5a1d60f8ugvk47fuo!nd_dft_wlteh_webp_3,http://sns-webpic-qc.xhscdn.com/202512051952/281469defe03abac3dc24ab9ad94ad2e/1040g2sg31pcrqlib2oeg4a5a1d60f8ug47tnck0!nd_dft_wlteh_webp_3","考研政治,考研干货,腿姐政治,考研上岸经验,肖秀荣,徐涛政治,腿姐,考点速记,考研政治徐涛,速记口诀",1764935569942,https://www.xiaohongshu.com/explore/69281d79000000001e026603?xsec_token=ABPhPuuudNF6AdLLMSsktRXyI-HkCF0GZgepOuQ9lgVMo=&xsec_source=pc_search,考研,ABPhPuuudNF6AdLLMSsktRXyI-HkCF0GZgepOuQ9lgVMo=
6922f424000000001f009252,normal,26考研数学，去年压的挺准，快背,#26考研[话题]# #26考研数学[话题]# #考研数学压题密卷[话题]# #考研资料[话题]# #考研加油[话题]# #考研数二[话题]# #考研留给先有准备的人[话题]# #考研备考攻略[话题]# #考研复习[话题]# #研究生考试[话题]#,,1763898404000,1763898404000,61f3caa70000000010009aab,山月栖,https://sns-avatar-qc.xhscdn.com/avatar/e3f4408e-dbf0-379d-9fd8-c47b850061eb,1686,1436,993,104,江西,"http://sns-webpic-qc.xhscdn.com/202512051952/2298a24e1345a8ac487f09f91d9e99af/1040g2sg31p7qhcg7igfg5ofjpajk16lb40eukd0!nd_dft_wlteh_webp_3,http://sns-webpic-qc.xhscdn.com/202512051952/7c22229e72529ecf5fa10b81f61f339c/1040g2sg31p7qhcg7igk05ofjpajk16lbv4phn00!nd_dft_wlteh_webp_3,http://sns-webpic-qc.xhscdn.com/202512051952/ce2a9130c17150216d323f1df1132656/1040g2sg31p7qhcg7igig5ofjpajk16lbok6vhd0!nd_dft_wlteh_webp_3,http://sns-webpic-qc.xhscdn.com/202512051952/a0c5d0aca1ee6f67654547442b4e2cf6/1040g2sg31p7qhcg7igf05ofjpajk16lbbh2pvr0!nd_dft_wlteh_webp_3,http://sns-webpic-qc.xhscdn.com/202512051952/f0e88a4d4ff2496edc1f5e1644afa619/1040g2sg31p7qhcg7igg05ofjpajk16lbmst9uqg!nd_dft_wlteh_webp_3,http://sns-webpic-qc.xhscdn.com/202512051952/c667a8fca68720d733dd7e2ec9c0bec3/1040g2sg31p7qhcg7iggg5ofjpajk16lbsae2ifg!nd_dft_wlteh_webp_3,http://sns-webpic-qc.xhscdn.com/202512051952/407b3fcdaccfb527b096fb3bffa9960d/1040g2sg31p7qhcg7igeg5ofjpajk16lb7pe1p80!nd_dft_wlteh_webp_3,http://sns-webpic-qc.xhscdn.com/202512051952/37896a6b53be11fcdff6e15e017ae2c6/1040g2sg31p7qhcg7igjg5ofjpajk16lb7g67geo!nd_dft_wlteh_webp_3,http://sns-webpic-qc.xhscdn.com/202512051952/857b14e77c0057e009bbf8f3ff89dba4/1040g2sg31p7qhcg7igh05ofjpajk16lb8s5gcr8!nd_dft_wlteh_webp_3,http://sns-webpic-qc.xhscdn.com/202512051952/32dadc99c16cd156a371492f8c3ce146/1040g2sg31p7qhcg7igkg5ofjpajk16lb0su2imo!nd_dft_wlteh_webp_3,http://sns-webpic-qc.xhscdn.com/202512051952/f88d2bff6525ee7ce113f22454f13328/1040g2sg31p7qhcg7ighg5ofjpajk16lb0msu0u0!nd_dft_wlteh_webp_3,http://sns-webpic-qc.xhscdn.com/202512051952/021e069027c71b4402d2a54fdd609440/1040g2sg31p7qhcg7igj05ofjpajk16lbiv0k0ko!nd_dft_wlteh_webp_3,http://sns-webpic-qc.xhscdn.com/202512051952/53ee5dcb9e00db93785fa52428fdf2f6/1040g2sg31p7qhcg7igi05ofjpajk16lbg444798!nd_dft_wlteh_webp_3,http://sns-webpic-qc.xhscdn.com/202512051952/07cd0f5519a7e6a2bc5c17ffa4b87e69/1040g2sg31p7qhcg7ige05ofjpajk16lbiucpm4g!nd_dft_wlteh_webp_3","26考研,26考研数学,考研数学压题密卷,考研资料,考研加油,考研数二,考研留给先有准备的人,考研备考攻略,考研复习,研究生考试",1764935569945,https://www.xiaohongshu.com/explore/6922f424000000001f009252?xsec_token=ABTLwC8cAFf-c7fp5LN4kQaVD78PtiLGUzO-NJf8MweZE=&xsec_source=pc_search,考研,ABTLwC8cAFf-c7fp5LN4kQaVD78PtiLGUzO-NJf8MweZE=
68fa29bd000000000301d75b,normal,考研再不结束我就要结束了,"真没招了，从睁眼困到闭眼，怎么越到后来越困😪别考了，回家睡觉吧，真要命了，有心无力啊
网上看有个比喻很贴切哈哈哈哈
学到这个阶段
总感觉自己像个已经流产却不敢告诉家里人的孕妇
全家人都翘首以盼
年底能生个大胖孩子
但只有你知道
其实你肚子里没啥东西，但是还要硬躺在手术台上",,1761225149000,1761225150000,618b96c7000000002102368e,月岸折桂,https://sns-avatar-qc.xhscdn.com/avatar/1040g2jo31gvmaes2ju6g5ocbir3ocdker784408,1614,124,281,340,,http://sns-webpic-qc.xhscdn.com/202512051952/ac8019c09e0d46951fc3182a8f657df6/notes_pre_post/1040g3k031nvvqro6l86g5ocbir3ocdkemkcghao!nd_dft_wlteh_webp_3,,1764935569949,https://www.xiaohongshu.com/explore/68fa29bd000000000301d75b?xsec_token=ABG3jrQ1i-2qB1FP6iHvWAwDbB9cG0mNe2ovC4jI0hSYY=&xsec_source=pc_search,考研,ABG3jrQ1i-2qB1FP6iHvWAwDbB9cG0mNe2ovC4jI0hSYY=
692fcbc7000000001e010fbb,normal,伟男说数学差想拿五十分建议这么做,"昨天做了一套数学错的多到离谱了，原来是做到了传说中的22年管综数学[哭惹R][哭惹R][哭惹R]错的我都想直接学蒙猜技巧了，就三十多分，认真做的还不如直接蒙的[汗颜R][汗颜R]刚好听到视频里男哥说，想拿五十分左右还是容易的，五十分我这不是谢天谢地了，马上认真听了他的建议，他说建议最后一阶段这么做，跟我一样数学奇烂不能保证拿五十分的宝宝可以看一下：
1.不做模拟题！除非真题已经刷了很多遍了，真题还没一刷二刷完的，都只做真题就够了！但是要用真题计时来模拟真实考试。
2.一边做真题一边记里面考到的相关公式。因为时间有限，我们没办法一天背公式一天刷真题了，所以直接刷真题，每天把真题里不记得的公式背下来就行了，也就是一遍刷真题一遍背里面的公式。
3.听mba压箱底和三天三夜。基础很差现在数学分还只有五十以下的宝宝们，如果目标五十多，不要再去听cc压箱底了！男哥说cc里面讲拔高题创新题多，而我们只要拿下基础题和中等题就能五十多了，不要去为难自己了。直接听mba压箱底，把这几节课听完，mba压箱底只有六节课好像！我做了听了一下，比cc压箱底容易多了，内容也少很多，cc内容多时间长，对于不追求高分的，真的没必要，把mba压箱底听完，再听完12月份的三天三夜，和押题讲课课就好了。对我们来说，达到时间利用最大化[哇R]
4.认认真真选做15题即可！很多宝宝可能和我一样，一小时数学根本做不完，或者有一些根本不会做的，男哥说了，只要选做15道你觉得容易的题就行！保证这15题认真做认真算！如果学的好点的，可以认真做18道题，剩下10道题，我们就用男哥教的技巧和蒙猜大法！！！！啊啊啊这也太好了吧，压力顺利减轻了好多。
数学分很低的宝宝们，不知道该怎么办，可以参考下伟男的建议。我已经接受我数学思维不咋行的状况了，也不勉强自己了，数学就用男哥的建议，努力保证打个五十分[亲一个R][哇R]
想看男哥教的蒙猜技巧的话，我这两天听完课，如果能总结出来的话，会发出来跟大家一起学习分享，感兴趣的宝宝可以点赞关注下#管综[话题]# #管综数学[话题]# #管综逻辑[话题]# #考研[话题]#",,1764740040000,1764740040000,5dc5887f0000000001006af7,努力的椰子,https://sns-avatar-qc.xhscdn.com/avatar/1040g2jo31ocpli0l4s005ne5h1vg8qnn8eap2cg,1612,1123,351,139,湖南,http://sns-webpic-qc.xhscdn.com/202512051952/8c47dd248669cd47edbe6171f7146564/notes_pre_post/1040g3k831pkb7lo2jq705ne5h1vg8qnnmc4s3uo!nd_dft_wgth_webp_3,"管综,管综数学,管综逻辑,考研",1764935569952,https://www.xiaohongshu.com/explore/692fcbc7000000001e010fbb?xsec_token=ABdxrvuGA19he87I-O_idpkTBy1krHGkj0EcX2HGKssR0=&xsec_source=pc_search,考研,ABdxrvuGA19he87I-O_idpkTBy1krHGkj0EcX2HGKssR0=
692fe90d000000001e022033,normal,即便考了396分，当年考研12月的时候我也如此,"赌狗经常一无所有，但也会有走运的时候↓
	
12月4日才参加了第一次模拟考，来不及写，成功垫底。
考研第一天，公共课难到发懵感觉自己无力回天，只想弃考.....还好被朋友劝住，当晚还在抱佛脚、押题、复习到半夜两三点。
	
你猜后来怎么着？！从来都是在大考中失利的我，专业课当天押到了前晚复习的2道名解、一道一模一样的大题，其他的题基本80%都是我复习过的内容，稳得像是提前背过答案。不会写的也凭着之前的记忆硬编，手速异常快，基本把卷子填满了！！
	
✨最后 20天给自己增加上岸概率，建议一定要做的事：
✅政治：肖四肖八吃透！肖八刷完回归教材复盘，肖四不要只死磕一套，多关注老师划的重点题号
✅英语：作文是抢分关键！模板一定要考前写 2 篇实操，不然背了也用不上；抽时间用真题完整模考，确定做题顺序和时间分配
✅专业课：按大纲梳理考点，真题高频书细致背，低频书抓框架，不会的也能凭记忆灵活发挥
	
还有个上岸关键！订对酒店太重要了！二战党血的教训：酒店一定要趁早订！等准考证出来要么涨价要么没房😭
👉优先选步行 / 打车 20 分钟内的，冬天不用冻着，中午还能回房休息
👉重点看隔音、安全、干净度，条件允许就住好点，我二战住的酒店还能叫前台送台灯，抱佛脚效率都高了
✨分享我的订酒店省钱妙招！智行火车票 APP 不仅酒店资源超全，还能省钱，而且许愿分数还能获取开盲盒资格（100/50/20）抽个50的立减券还能选择更好的房型！🌟还有提前抢房工具和住小宝考研版，帮你锁定心仪房间～
	
建议多订几个可免费取消的，等准考证出来再退，避开房价暴涨，还能牢牢守住心仪房型！
	
最后 20 天只要不熄火，总能等到惊喜来！！祝大家都能稳稳上岸，住得舒心考得顺利
	
#考研[话题]# #考研订房上智行[话题]# #智行酒店[话题]# #考研酒店[话题]# #智行旅行[话题]# #考研订酒店[话题]##考研经验分享[话题]##26考研[话题]##考研上岸经验[话题]# #极限考研[话题]#",,1764749150000,1764747533000,58021b6c6a6a695b92ef330e,冒泡冻柠乐,https://sns-avatar-qc.xhscdn.com/avatar/1040g2jo317339uctjm0048pd4gdmocoeeigk2qo,1608,591,14,48,上海,"http://sns-webpic-qc.xhscdn.com/202512051952/19d0594b567b50a097752032c958ae90/1040g00831pkfcfgc4g0048pd4gdmocoe02h0fp0!nd_dft_wlteh_webp_3,http://sns-webpic-qc.xhscdn.com/202512051952/fee677de8d68ad1ec7b648cbaa7a0137/1040g00831pkfcfgc4g1g48pd4gdmocoeps91e48!nd_dft_wlteh_webp_3,http://sns-webpic-qc.xhscdn.com/202512051952/13c9321e02aa65519d53786fff2bf381/1040g00831pkfcfgc4g2048pd4gdmocoe6m5ukro!nd_dft_wlteh_webp_3,http://sns-webpic-qc.xhscdn.com/202512051952/55f8ceb21b0372475ec99299e44f0152/1040g00831pkfcfgc4g0g48pd4gdmocoe1mo24f8!nd_dft_wlteh_webp_3,http://sns-webpic-qc.xhscdn.com/202512051952/fe1f08ca9987a788e1a3a5a81cd68724/1040g00831pkfcfgc4g2g48pd4gdmocoejamrtso!nd_dft_wlteh_webp_3,http://sns-webpic-qc.xhscdn.com/202512051952/5434e6972726566e5ebb8d88156de431/1040g00831pkfcfgc4g1048pd4gdmocoe133lsqo!nd_dft_wlteh_webp_3,http://sns-webpic-qc.xhscdn.com/202512051952/a7543d88f38dc8d355dd50d2e50873d6/1040g00831pkfcfgc4g3048pd4gdmocoeho473m0!nd_dft_wlteh_webp_3","考研,考研订房上智行,智行酒店,考研酒店,智行旅行,考研订酒店,考研经验分享,26考研,考研上岸经验,极限考研",1764935569955,https://www.xiaohongshu.com/explore/692fe90d000000001e022033?xsec_token=ABdxrvuGA19he87I-O_idpkUaM-Tn2RogIi4ZCFFSmIwg=&xsec_source=pc_search,考研,ABdxrvuGA19he87I-O_idpkUaM-Tn2RogIi4ZCFFSmIwg=
693109e1000000001e02ac3a,video,考研大作文预测讲解“灵活就业”,"“双图表”题型，确实是近年来考研英语（特别是英语一或英语二的大作文）为了增加难度和区分度而发展出的一种新趋势。虽然在大纲中并未将其明确命名为一个独立类型，但在实际考试中已经出现，并逐渐成为一个重要考点。因此，有必要对它的特点、考察重点以及应对策略进行系统梳理，才能真正掌握这种题型的解题思路。
	
所谓“双图表”，是指在一篇大作文的材料中同时给出两个不同类型的图表，例如柱状图和饼状图，要求考生结合两个图进行综合分析。这种题型最常见的组合方式是一个动态图配合一个静态图，通过前者呈现某一现象在时间维度上的变化趋势，如增长、下降或波动的幅度，通过后者展示某一时间点上该现象的内部构成比例、结构分布及对比关系
	
范文：The chart illustrates the growth of flexible employment in China from 2020 to 2024, as well as its major categories. The number of people engaged in such jobs has risen steadily, from 200 million in 2020 to 365 million in 2024. Among them, online services account for the largest share (45%), followed by online delivery (30%), writing (15%), and other types (10%).
This trend reflects not only the booming digital economy but also the transformation of the occupational mix in China. As economies grow richer, jobs tend to migrate from traditional sectors to more cerebral service industries, echoing the pattern in advanced economies. However, the rise of AI may reshape this landscape further. According to recent research, a quarter of tasks now performed by workers could be automated, accelerating both opportunities and challenges.
In my view, flexible employment provides diverse job options and alleviates unemployment pressure. Yet, over-reliance on platform-based work may also generate instability and weaken social ties. Therefore, the key lies not in curbing innovation, but in ensuring harmonious labour relations and offering workers better training and protection, so that technology can serve as a driving force rather than a disruptive threat.#外刊精读[话题]# #外刊[话题]# #考研英语作文[话题]# #考研英语作文预测[话题]# #考研英语[话题]#",http://sns-video-bd.xhscdn.com/pre_post/1040g0cg31plim6mb52005q4b4f1q1qbf7bhatrg,1764821473000,1764821474000,688b23c3000000002800e96f,考研英语uu,https://sns-avatar-qc.xhscdn.com/avatar/1040g2jo31lbqdl79586g5q4b4f1q1qbfhic8e50,1638,1868,25,123,黑龙江,http://sns-webpic-qc.xhscdn.com/202512051952/0a6dc1bc8862d3d6c4b793f99e283f6d/1040g2sg31pliknj0kkc05q4b4f1q1qbfg57pn7g!nd_dft_wlteh_webp_3,"外刊精读,外刊,考研英语作文,考研英语作文预测,考研英语",1764935569960,https://www.xiaohongshu.com/explore/693109e1000000001e02ac3a?xsec_token=AB31GMfckohqs4qcL1_RmZKZyuV1w9sFFIxVgnx9M3X08=&xsec_source=pc_search,考研,AB31GMfckohqs4qcL1_RmZKZyuV1w9sFFIxVgnx9M3X08=
6927d150000000001b030053,normal,"现在离考研还有二十几天，专业课依旧是忘了背背了忘，但好在速度快一些了。
英语阅读最多对过13个，最少8个，完形填空错很多，一般正确率在6-10个，新题型稳定在3-5个，翻译直接是一坨，作文还在准备中。
政治肖八刷了五套 第一二三套在20-22分 第四套25分    大题等着肖四出了就狂背
本人状态[哭惹R]从十月开始情绪就不太稳定，备考每天是一个人，虽然家人朋友也会经常关心，但我很少给他们说我现在很难受，压力大的话，不想给大家传达负面情绪，昨天在天台背书更是哭得收不住，一天哭了几次[哭惹R]，到了晚上才缓","现在离考研还有二十几天，专业课依旧是忘了背背了忘，但好在速度快一些了。
英语阅读最多对过13个，最少8个，完形填空错很多，一般正确率在6-10个，新题型稳定在3-5个，翻译直接是一坨，作文还在准备中。
政治肖八刷了五套 第一二三套在20-22分 第四套25分    大题等着肖四出了就狂背
本人状态[哭惹R]从十月开始情绪就不太稳定，备考每天是一个人，虽然家人朋友也会经常关心，但我很少给他们说我现在很难受，压力大的话，不想给大家传达负面情绪，昨天在天台背书更是哭得收不住，一天哭了几次[哭惹R]，到了晚上才缓过来，但一想到自己第一次在学习上坚持这么久，还是不想放弃。
去年上岸的学长学姐们，能告诉我现阶段按部就班坚持下去，最后上岸的几率大吗[哭惹R][哭惹R][哭惹R]",,1764217168000,1764235018000,5e58a516000000000100b403,niuniu,https://sns-avatar-qc.xhscdn.com/avatar/1040g2jo31oqu1ltthk005niokkb09d033o4uhio,1651,605,422,47,重庆,http://sns-webpic-qc.xhscdn.com/202512051952/1cdcef7a504ffdf5fae7db6a0a00278d/1040g2sg31pci03a32seg5niokkb09d03fg4pcdo!nd_dft_wlteh_webp_3,,1764935569963,https://www.xiaohongshu.com/explore/6927d150000000001b030053?xsec_token=ABy-wUIJOzra7peLD4KSj8c6CG9friU2CsAzpW1HvF7DA=&xsec_source=pc_search,考研,ABy-wUIJOzra7peLD4KSj8c6CG9friU2CsAzpW1HvF7DA=
692e65cd000000000d00ed77,normal,12.20考研英语，玩呗！反正重复率89%,#26考研[话题]# #考研英语[话题]# #考研复习[话题]# #研究生考试[话题]# #考研英语单词[话题]# #考研英语阅读[话题]# #考研英语备考[话题]# #考研英语写作[话题]# #考研备考[话题]# #考研英语资料[话题]#,,1764648397000,1764648397000,68b4570a000000001900f028,妤花花,https://sns-avatar-qc.xhscdn.com/avatar/a5b6da8d-161b-38ee-9099-39fb7245d3a0,1500,1251,767,214,河北,"http://sns-webpic-qc.xhscdn.com/202512051953/19cc393000945f024fe357fb086a5b37/1040g2sg31pis5ipkkg3g5q5kas569s188do9rm0!nd_dft_wlteh_webp_3,http://sns-webpic-qc.xhscdn.com/202512051953/8426d0f0b2503e45a1877be2401bb1cb/1040g2sg31pis5ipkkg405q5kas569s18o1432o0!nd_dft_wlteh_webp_3,http://sns-webpic-qc.xhscdn.com/202512051953/fa92bf59caa59d022972650b85798416/1040g2sg31pis5ipkkg5g5q5kas569s18tk1elo8!nd_dft_wlteh_webp_3,http://sns-webpic-qc.xhscdn.com/202512051953/6b96c0a8758a3ec4fb301600c52f4066/1040g2sg31pis5ipkkg505q5kas569s1895ivb18!nd_dft_wlteh_webp_3,http://sns-webpic-qc.xhscdn.com/202512051953/482434f43a498ca92353c5ca3e53f72f/1040g2sg31pis5ipkkg205q5kas569s18uph7o68!nd_dft_wlteh_webp_3,http://sns-webpic-qc.xhscdn.com/202512051953/a0e08d8489179143ebc91a9213a4ffc7/1040g2sg31pis5ipkkg105q5kas569s186rpedq0!nd_dft_wlteh_webp_3,http://sns-webpic-qc.xhscdn.com/202512051953/f57b9d30ba3183617b4f663552d49b3a/1040g2sg31pis5ipkkg2g5q5kas569s182efggio!nd_dft_wlteh_webp_3,http://sns-webpic-qc.xhscdn.com/202512051953/03d4e5a2bf0a595b7e4faa6af7d47365/1040g2sg31pis5ipkkg005q5kas569s189oq0kug!nd_dft_wlteh_webp_3,http://sns-webpic-qc.xhscdn.com/202512051953/1d5a35e61879b1b4adfbebd5cce96547/1040g2sg31pis5ipkkg1g5q5kas569s189t17ko0!nd_dft_wlteh_webp_3,http://sns-webpic-qc.xhscdn.com/202512051953/bfc4e614c3a7f6d3c3494360a5956e2e/1040g2sg31pis5ipkkg305q5kas569s189r0ccso!nd_dft_wlteh_webp_3","26考研,考研英语,考研复习,研究生考试,考研英语单词,考研英语阅读,考研英语备考,考研英语写作,考研备考,考研英语资料",1764935569967,https://www.xiaohongshu.com/explore/692e65cd000000000d00ed77?xsec_token=ABll_kChCPSFkh7eUsvYyJwEEXAoSokl12BFooGJ7HBZY=&xsec_source=pc_search,考研,ABll_kChCPSFkh7eUsvYyJwEEXAoSokl12BFooGJ7HBZY=
6927b625000000000d03817a,normal,暂停焦虑，12.20考研政治就10页纸，背完稳,#考研备考攻略[话题]# #考研规划[话题]# #考研经验分享[话题]# #考研政治[话题]# #考研复习[话题]# #考研背书[话题]# #考研上岸经验[话题]# #考研初试[话题]# #考研时间安排[话题]# #准研究生必上岸[话题]# #考研加油[话题]# #考研过来人的避坑法则[话题]# #考研英语[话题]# #考研笔记[话题]# #研究生考试[话题]# #考研资料分享[话题]# #考研是留给有准备的人[话题]# #极限考研[话题]# #马理论考研[话题]# #考研人[话题]# #考研留给先有准备的人[话题]# #考研留给先准备的[话题]# #马克思主义基本原理[话题]# #二本考研[话题]# #26考研[话题]#,,1764210213000,1764210214000,68307399000000000e011ec9,聆春雪,https://sns-avatar-qc.xhscdn.com/avatar/1040g2jo31ldd4056lidg5q1geecji7m9of9te7o,1479,1208,1104,112,江西,"http://sns-webpic-qc.xhscdn.com/202512051953/fadf522944113b281249398f18708e18/notes_pre_post/1040g3k031pcf79io2u6g5q1geecji7m9v207k48!nd_dft_wlteh_webp_3,http://sns-webpic-qc.xhscdn.com/202512051953/3742957ff987d0c11bbe48bca5db6571/notes_pre_post/1040g3k031pcf79r12u605q1geecji7m9itdbpn8!nd_dft_wlteh_webp_3,http://sns-webpic-qc.xhscdn.com/202512051953/5b473980e850eddb3342d1f4fe89827e/notes_pre_post/1040g3k831pcf79r02o6g5q1geecji7m9gkm6460!nd_dft_wlteh_webp_3,http://sns-webpic-qc.xhscdn.com/202512051953/5a07b4c422c22c37342d4d43d6370e6a/notes_pre_post/1040g3k831pcf79r0isd05q1geecji7m90siu6rg!nd_dft_wlteh_webp_3,http://sns-webpic-qc.xhscdn.com/202512051953/0f1e821aefcb2f94abef3c53bba070bf/notes_pre_post/1040g3k831pcf79qu2gf05q1geecji7m9nu1dlig!nd_dft_wlteh_webp_3,http://sns-webpic-qc.xhscdn.com/202512051953/81df6aa3c696a64ddfc4fc051271bc79/notes_pre_post/1040g3k831pcf79l7iodg5q1geecji7m9ce3pstg!nd_dft_wlteh_webp_3,http://sns-webpic-qc.xhscdn.com/202512051953/d2a53dde9879eaa85c14ba1e54fb4b22/notes_pre_post/1040g3k031pcf79irig7g5q1geecji7m9p84vk58!nd_dft_wlteh_webp_3,http://sns-webpic-qc.xhscdn.com/202512051953/d6555ed34829d6cc5a6706c39f856a78/notes_pre_post/1040g3k031pcf79ir2g605q1geecji7m949a3j1g!nd_dft_wlteh_webp_3,http://sns-webpic-qc.xhscdn.com/202512051953/71e054f64f1824462c1acefda4a97995/notes_pre_post/1040g3k031pcf79iois605q1geecji7m9liaihdo!nd_dft_wlteh_webp_3,http://sns-webpic-qc.xhscdn.com/202512051953/bd9489e3aa869fa28bf0ba6d476745f1/notes_pre_post/1040g3k831pcf79ioig6g5q1geecji7m913lckl8!nd_dft_wlteh_webp_3","考研备考攻略,考研规划,考研经验分享,考研政治,考研复习,考研背书,考研上岸经验,考研初试,考研时间安排,准研究生必上岸,考研加油,考研过来人的避坑法则,考研英语,考研笔记,研究生考试,考研资料分享,考研是留给有准备的人,极限考研,马理论考研,考研人,考研留给先有准备的人,考研留给先准备的,马克思主义基本原理,二本考研,26考研",1764935569974,https://www.xiaohongshu.com/explore/6927b625000000000d03817a?xsec_token=ABy-wUIJOzra7peLD4KSj8c5UITTFt82U-3HgZ_x_u7Rk=&xsec_source=pc_search,考研,ABy-wUIJOzra7peLD4KSj8c5UITTFt82U-3HgZ_x_u7Rk=
691e9abd000000001e020073,normal,感觉西综306背不完了，一直背的是导图，背了又忘已经很困难了，现在又多了tt五本狂背手册，还有10年真题套卷没刷（生理生化两科学的很不好，套卷写不动）现在该怎么复习[哭惹R]希望给点有用的建议救命[哭惹R] #考研西综[话题]# #医学考研[话题]# #医学生[话题]# #西医综合[话题]#,感觉西综306背不完了，一直背的是导图，背了又忘已经很困难了，现在又多了tt五本狂背手册，还有10年真题套卷没刷（生理生化两科学的很不好，套卷写不动）现在该怎么复习[哭惹R]希望给点有用的建议救命[哭惹R] #考研西综[话题]# #医学考研[话题]# #医学生[话题]# #西医综合[话题]#,,1763613373000,1763613374000,60c6f84f000000000100933a,小雨天气,https://sns-avatar-qc.xhscdn.com/avatar/1040g2jo31m251djfm66g5o66v17g94pqajlsj3g,1491,1288,172,114,河南,http://sns-webpic-qc.xhscdn.com/202512051956/477c12c9b9b5d833ef4cb39bf649d8ed/1040g00831p3ik0g0is605o66v17g94pqoh9rk78!nd_dft_wlteh_webp_3,"考研西综,医学考研,医学生,西医综合",1764935802227,https://www.xiaohongshu.com/explore/691e9abd000000001e020073?xsec_token=AB4PGOUy9oImxB-nA7oq9kZfZV-J_iidm-GV0LSIaxxZc=&xsec_source=pc_search,考研,AB4PGOUy9oImxB-nA7oq9kZfZV-J_iidm-GV0LSIaxxZc=
6920a00f000000001e028088,normal,"我不想学了
我想放弃考研
我感觉我学不完了
我学的四面漏风，我不敢面对我的缺点，我不想去正视现在的我，模拟题没有练很多，写字写的很慢，还有一本书没二轮，之前背的书虽然过了3轮但是已经忘光了，我想放弃，我好痛苦  我不知道我该怎么办了  英二做了25年的题2个阅读题只对两个 直接给我整的没信心了，马原新思想选择题一错错一堆，而且政治的大题还没背  我真不想学了  我该怎么办  我没有二战的勇气 但是我好痛苦  我考试肯定写不下来  我一直在坚持  但是心里已经没底了……………#考研人的精神[话题]# #考研","我不想学了
我想放弃考研
我感觉我学不完了
我学的四面漏风，我不敢面对我的缺点，我不想去正视现在的我，模拟题没有练很多，写字写的很慢，还有一本书没二轮，之前背的书虽然过了3轮但是已经忘光了，我想放弃，我好痛苦  我不知道我该怎么办了  英二做了25年的题2个阅读题只对两个 直接给我整的没信心了，马原新思想选择题一错错一堆，而且政治的大题还没背  我真不想学了  我该怎么办  我没有二战的勇气 但是我好痛苦  我考试肯定写不下来  我一直在坚持  但是心里已经没底了……………#考研人的精神[话题]# #考研人[话题]#",,1763745807000,1763745808000,5c663b1a000000001100feda,。。。。,https://sns-avatar-qc.xhscdn.com/avatar/1040g2jo3146nv19the6g5n367cd49vmq2j8h4n8,1468,573,389,67,山东,http://sns-webpic-qc.xhscdn.com/202512051956/f32e1542be03f4b80a39a8432b512abf/notes_pre_post/1040g3k031p5hp29tiu6g5n367cd49vmqco55c5o!nd_dft_wlteh_webp_3,"考研人的精神,考研人",1764935802231,https://www.xiaohongshu.com/explore/6920a00f000000001e028088?xsec_token=ABc6P7RxIEOjqMrXrEL6mLNkMVbDzt-z0rbIScQunAj3I=&xsec_source=pc_search,考研,ABc6P7RxIEOjqMrXrEL6mLNkMVbDzt-z0rbIScQunAj3I=
6925503f000000001e015ef1,normal,12.20管综199，反正就这4套卷，直接背足矣,#管综[话题]# #199管综考研[话题]#  #管综数学[话题]##在职MBA[话题]#  #199管综[话题]# #管综199[话题]#  #199管综数学[话题]# #管综逻辑[话题]##管综199联考[话题]#,,1764053055000,1764053056000,68e09d690000000031014c0e,叭叭不停,https://sns-avatar-qc.xhscdn.com/avatar/1040g2jo31p8hqqor26kg5q70jlksaj0ec2nejg0,1430,1388,833,181,海南,"http://sns-webpic-qc.xhscdn.com/202512051956/11fcfa64980b9af13ed2e1e368dfb7bc/1040g2sg31p900mmo2cg05q70jlksaj0ep0omcv8!nd_dft_wlteh_webp_3,http://sns-webpic-qc.xhscdn.com/202512051956/99b74a947c4416ea636a69d8368f887a/1040g2sg31p900mmo2cjg5q70jlksaj0ept91vmg!nd_dft_wlteh_webp_3,http://sns-webpic-qc.xhscdn.com/202512051956/d7d07fb7478d8ee7813fcf9f6ea1bf0c/1040g2sg31p900mmo2ceg5q70jlksaj0e6041e0o!nd_dft_wlteh_webp_3,http://sns-webpic-qc.xhscdn.com/202512051956/0898fb6d03edb1059229820819e9cb1a/1040g2sg31p900mmo2ce05q70jlksaj0e6u9djro!nd_dft_wlteh_webp_3,http://sns-webpic-qc.xhscdn.com/202512051956/8b5d6e868629541fbf9cb647d0d7f3d6/1040g2sg31p900mmo2cf05q70jlksaj0e817eer8!nd_dft_wlteh_webp_3","管综,199管综考研,管综数学,在职MBA,199管综,管综199,199管综数学,管综逻辑,管综199联考",1764935802234,https://www.xiaohongshu.com/explore/6925503f000000001e015ef1?xsec_token=ABBFpdTrEgyOSi8Lg36zJrdH07CoFS9r1-ZUNR-4ZarvU=&xsec_source=pc_search,考研,ABBFpdTrEgyOSi8Lg36zJrdH07CoFS9r1-ZUNR-4ZarvU=
685e64ac000000002203eb38,normal,考研阅读复盘，是我去年英一81分的催化剂,"大家好，我是双非一站上岸985的卷卷，主打一个疯狗式学习法，考不上不罢休！最近好多宝问卷卷考研阅读的学习方法，这也是我一刷英语阅读时遇到的问题，复盘！复盘！复盘大于做题！尝试复盘后知道了这道题为什么错，自己容易掉进什么坑，知“错”就改后感觉考研阅读发生了质变，总结了一些复盘方法给大家~
#考研[话题]# #26考研[话题]# #考研上岸经验[话题]# #考研时间安排[话题]# #考研英语一[话题]# #考研英语[话题]# #考研经验分享[话题]# #考研英语阅读[话题]# #考研经验[话题]# #考研经验[话题]#",,1751016620000,1751016621000,668d09780000000003033312,小红薯6905E6A8,https://sns-avatar-qc.xhscdn.com/avatar/645b7f6e338379fac1893093.jpg,1420,1287,61,104,,"http://sns-webpic-qc.xhscdn.com/202512051956/86c57125485a1c7d083ad4aa15c50197/1040g2sg31j7s0v2nj2jg5pkd15s0ucoifa0fn18!nd_dft_wlteh_webp_3,http://sns-webpic-qc.xhscdn.com/202512051956/7f1dd5ef667f09280d9062fb72a98bbc/1040g2sg31j7s0v2nj2j05pkd15s0ucoid5t1bg0!nd_dft_wlteh_webp_3,http://sns-webpic-qc.xhscdn.com/202512051956/c48dfa8da4b36d21ec875344071dd292/1040g2sg31j7s0v2nj2k05pkd15s0ucoisjfc7io!nd_dft_wlteh_webp_3,http://sns-webpic-qc.xhscdn.com/202512051956/233587a891eb1eaf600d3df0fdde6497/1040g2sg31j7s0v2nj2eg5pkd15s0ucoikilpcp8!nd_dft_wlteh_webp_3,http://sns-webpic-qc.xhscdn.com/202512051956/5622472ec431d373b4b1f3069f63c842/1040g2sg31j7s0v2nj2i05pkd15s0ucois55ca90!nd_dft_wlteh_webp_3,http://sns-webpic-qc.xhscdn.com/202512051956/b5d67821a18e4bf36b98cc310749b7fd/1040g2sg31j7s0v2nj2kg5pkd15s0ucoid3cbohg!nd_dft_wlteh_webp_3,http://sns-webpic-qc.xhscdn.com/202512051956/9f7461f3d1c6ccd5b53db900a0cee176/1040g2sg31j7s0v2nj2ig5pkd15s0ucoi7vhrhk0!nd_dft_wlteh_webp_3","考研,26考研,考研上岸经验,考研时间安排,考研英语一,考研英语,考研经验分享,考研英语阅读,考研经验",1764935802238,https://www.xiaohongshu.com/explore/685e64ac000000002203eb38?xsec_token=ABZbCgKO6dZavqkBo5F6-1jHR7wIifMdAJHzFWjU__DBk=&xsec_source=pc_search,考研,ABZbCgKO6dZavqkBo5F6-1jHR7wIifMdAJHzFWjU__DBk=
692558b1000000001e02fa9d,normal,12.20管综，抓大放小（保过线分）,#在职MBA[话题]# #管综数学[话题]# #管综199联考[话题]# #管综逻辑[话题]##管综[话题]##199管综[话题]#   #199管综数学[话题]##199管综考研[话题]##管综199[话题]#,,1764055217000,1764055217000,68a1a9510000000019020d20,西瓜小熊猫,https://sns-avatar-qc.xhscdn.com/avatar/4cb11280-2bd5-3b32-80f3-bc3f2b830283,1423,1322,444,132,海南,"http://sns-webpic-qc.xhscdn.com/202512051956/27bfaab9dc63acc12d55f5fcc2455d34/1040g00831pa58ukkjc205q51l58mc390i73khfo!nd_dft_wlteh_webp_3,http://sns-webpic-qc.xhscdn.com/202512051956/5c5c98ef3735320e3d6f0009c8cd65fd/1040g00831pa58ukkjc0g5q51l58mc390aoicpko!nd_dft_wlteh_webp_3,http://sns-webpic-qc.xhscdn.com/202512051956/10e19e43afac0fc3a15b47a45a3ceda4/1040g00831pa58ukkjc005q51l58mc3906b4niso!nd_dft_wlteh_webp_3,http://sns-webpic-qc.xhscdn.com/202512051956/5058c844e5d1ae2acea278441bd00907/1040g00831pa58ukkjc105q51l58mc3903cuifno!nd_dft_wlteh_webp_3,http://sns-webpic-qc.xhscdn.com/202512051956/0faa6c3ec2be34a40d0a6040ca6fbe1e/1040g00831pa58ukkjc1g5q51l58mc390tq6fv58!nd_dft_wlteh_webp_3","在职MBA,管综数学,管综199联考,管综逻辑,管综,199管综,199管综数学,199管综考研,管综199",1764935802241,https://www.xiaohongshu.com/explore/692558b1000000001e02fa9d?xsec_token=ABBFpdTrEgyOSi8Lg36zJrdN-qxILieGKYgY-DbhVrPSg=&xsec_source=pc_search,考研,ABBFpdTrEgyOSi8Lg36zJrdN-qxILieGKYgY-DbhVrPSg=
6899a1220000000022038a02,normal,我是真的会焦虑...,"今天坐在书桌前突然有点迷茫
早上 9 点学到 12 点 下午 2 点学到 5 点 晚上再刷 1 小时题，掐指一算刚好 6 小时 但总觉得别人都在卷 10h+
刷到好多备考帖说 “不到 8h 等于没学”，搞得我现在学够时间也心慌 怕进度跟不上[失望R]
其实说真的 6 小时里我有 5h 都是高度专注的，尤其是跟着线上班的时候，老师把答题的技巧方法说得特清楚，一节直播课下来，笔记记得满满当当，比自己闷头刷题效率高太多了！
[抓狂R]但还是会忍不住想：是不是该再逼自己多学两小时？
有没有同款姐妹来聊聊：你们每天都学多久啊？到底怎么平衡效率和时长啊？#26考研[话题]# #考研[话题]# #考研经验分享[话题]# #发自内心的疑问[话题]# #考研备考[话题]# #研究生[话题]# #考研人[话题]#",,1754898722000,1754898723000,67319ff600000000010021c2,小红薯68D0E232,https://sns-avatar-qc.xhscdn.com/avatar/645b7f83b46568f580649586.jpg,1396,425,618,296,,http://sns-webpic-qc.xhscdn.com/202512051956/64912ded254245b6c171eee9cb95468a/notes_pre_post/1040g3k031l1n3d4hj45g5pphjvr088e2jk5rcp8!nd_dft_wlteh_webp_3,"26考研,考研,考研经验分享,发自内心的疑问,考研备考,研究生,考研人",1764935802245,https://www.xiaohongshu.com/explore/6899a1220000000022038a02?xsec_token=ABNiRoB7IVMq2jomhBtMdiDjHtGK5_7aBDpPUbdP1nRxw=&xsec_source=pc_search,考研,ABNiRoB7IVMq2jomhBtMdiDjHtGK5_7aBDpPUbdP1nRxw=
692d6565000000000d0378df,normal,18天，逼自己极限考研上岸，说说我的来时路,"正在盯着倒计时数字发呆的你，是不是已经在心里把 放弃默念了一百遍？我太懂这种滋味了，去年这个时候，我坐在图书馆角落，专业课书翻了三页就走神。
政治选择题错到想撕卷子，手机里还躺着秋招被拒的通知。距离考研只剩 18天的时候，我把咖啡泼在了刚整理的笔记上，蹲在走廊里哭到缺氧，心里只有一个念头，反正来不及了，算了吧。但真的来不及吗？我咬着牙把剩下的时间拆成了 18 天 ，下面这些话，是我用迷茫与坚持熬出来的，求你务必真的用心读。
大家还有什么具体哪方面的经验，我可以再具体给大家出！真的务必珍惜最后这十几天，可以改变很多！
#考研经验分享[话题]# #26考研[话题]# #考研[话题]# #考研复习[话题]# #很担心考研人的精神状态[话题]# #准研究生必上岸[话题]# #考研规划[话题]# #考研留给先准备的[话题]# #考研时间安排[话题]# #极限考研[话题]#",,1764582757000,1764582758000,6683c5af000000000d025c88,研0甜狗,https://sns-avatar-qc.xhscdn.com/avatar/1040g2jo315j6uv411a6g5pk3omnjcn4835qamuo,2107,1205,76,130,江苏,"http://sns-webpic-qc.xhscdn.com/202512051956/d8737901b3a27e92f1368007861cc27e/notes_pre_post/1040g3k831pi0rsk2kg605pk3omnjcn48j55rrq8!nd_dft_wlteh_webp_3,http://sns-webpic-qc.xhscdn.com/202512051956/21b9b10d5bfeac162fa29d15602e3b76/notes_pre_post/1040g3k831pi0rsk2kg2g5pk3omnjcn485o54cu8!nd_dft_wlteh_webp_3,http://sns-webpic-qc.xhscdn.com/202512051956/9f31518aa1ddb75db502eb9066dfddeb/notes_pre_post/1040g3k831pi0rsk2kg3g5pk3omnjcn485iuhf38!nd_dft_wlteh_webp_3,http://sns-webpic-qc.xhscdn.com/202512051956/fe429661711453c9730037699b4a5d0b/notes_pre_post/1040g3k831pi0rt11kg005pk3omnjcn48vscp9sg!nd_dft_wlteh_webp_3,http://sns-webpic-qc.xhscdn.com/202512051956/5e3fbb741cc8d8e160d1e6652c7c02e9/notes_pre_post/1040g3k831pi0rsk2kg405pk3omnjcn481l3otu8!nd_dft_wlteh_webp_3,http://sns-webpic-qc.xhscdn.com/202512051956/6f9b828183a568ea841e0a78f670f40b/notes_pre_post/1040g3k831pi0rsk2kg4g5pk3omnjcn48g7n6icg!nd_dft_wlteh_webp_3,http://sns-webpic-qc.xhscdn.com/202512051956/9e2ddf2c210f0937213abe7f11d311c0/notes_pre_post/1040g3k831pi0rsk2kg505pk3omnjcn483nt4i90!nd_dft_wlteh_webp_3,http://sns-webpic-qc.xhscdn.com/202512051956/9cce912c625a8880eebfc80d91610cbd/notes_pre_post/1040g3k831pi0rsns4g005pk3omnjcn48r88oflo!nd_dft_wlteh_webp_3,http://sns-webpic-qc.xhscdn.com/202512051956/586105ef490ea8136f4c35f22babb2f8/notes_pre_post/1040g3k831pi0rsjvkm005pk3omnjcn480iqua18!nd_dft_wlteh_webp_3","考研经验分享,26考研,考研,考研复习,很担心考研人的精神状态,准研究生必上岸,考研规划,考研留给先准备的,考研时间安排,极限考研",1764935802248,https://www.xiaohongshu.com/explore/692d6565000000000d0378df?xsec_token=AB-2LPFQilAsvMjF-_FY6kyk3qDFzBN5ZrvTD8k9IT_eg=&xsec_source=pc_search,考研,AB-2LPFQilAsvMjF-_FY6kyk3qDFzBN5ZrvTD8k9IT_eg=
69282a24000000001e02096b,normal,还剩最后20几天给人学星压抑了，焦虑心也静不下来，越学越发现漏洞觉得自己在女娲补天[哭惹R]这个时候就会特别渴望亲密关系的安慰，想亲亲抱抱，但是真去谈又觉得是一地鸡毛给自己添麻烦，反正到最后都一样。前几天买买买当时是快乐了，现在东西都收到了之后又开始空虚了，想继续买发现口袋空空，想找人吐槽但是发现好朋友跟我一样想死哈哈哈哈哈哈哈两个人抱头痛哭#考研人的心理状态[话题]#,还剩最后20几天给人学星压抑了，焦虑心也静不下来，越学越发现漏洞觉得自己在女娲补天[哭惹R]这个时候就会特别渴望亲密关系的安慰，想亲亲抱抱，但是真去谈又觉得是一地鸡毛给自己添麻烦，反正到最后都一样。前几天买买买当时是快乐了，现在东西都收到了之后又开始空虚了，想继续买发现口袋空空，想找人吐槽但是发现好朋友跟我一样想死哈哈哈哈哈哈哈两个人抱头痛哭#考研人的心理状态[话题]#,,1764239908000,1764239909000,6235b79100000000100040f6,小愛,https://sns-avatar-qc.xhscdn.com/avatar/1040g2jo31ogef4df6m005ohlmu8k0g7m0q39nko,1704,232,752,461,江西,http://sns-webpic-qc.xhscdn.com/202512051956/a2fc8417733bfb0dfb7c492616f6de77/notes_pre_post/1040g3k031pct5fuoiu005ohlmu8k0g7mp4tliog!nd_dft_wlteh_webp_3,考研人的心理状态,1764935802251,https://www.xiaohongshu.com/explore/69282a24000000001e02096b?xsec_token=ABPhPuuudNF6AdLLMSsktRX5i-Pz4GiNjaZNkbKxQcYQc=&xsec_source=pc_search,考研,ABPhPuuudNF6AdLLMSsktRX5i-Pz4GiNjaZNkbKxQcYQc=
6925c670000000001e02b33b,normal,九天背完古代文学史（秦汉）,"燃尽了，今天秦汉部分：（以下为重点）
1️⃣赋体分类和发展脉络
2️⃣两汉时期诗体演变
3️⃣九体和七体名词解释
4️⃣《史记》叙事艺术➕人物刻画➕风格特征➕地位影响
5️⃣两汉乐府诗 乐府名词解释 乐府诗内容➕叙事手法
6️⃣《汉书》与《史记》异同
7️⃣《古诗十九首》名词解释和大题都有可能考
配图完全参考袁行霈四卷本内容，所有表达来源于教材。
#背书[话题]# #文学考研[话题]# #专业课背诵[话题]# #汉语言文学考研[话题]# #古代文学[话题]#",,1764083312000,1764925861000,6540b96f0000000030030fbb,青讶,https://sns-avatar-qc.xhscdn.com/avatar/1040g2jo31d3e9sh00s5g5pa0n5ns63trk9bo4j0,1347,926,25,42,广东,"http://sns-webpic-qc.xhscdn.com/202512051956/f32d2cefb7e7270d08ee467632cd994c/notes_pre_post/1040g3k831paiikcujca05pa0n5ns63tr48sfe1o!nd_dft_wlteh_webp_3,http://sns-webpic-qc.xhscdn.com/202512051956/c2265c25f705ece25648100bb897aaea/notes_pre_post/1040g3k831paiikcujcag5pa0n5ns63trtmsljdo!nd_dft_wlteh_webp_3,http://sns-webpic-qc.xhscdn.com/202512051956/f2870d7d2240571c9cf5dee6dae3355c/notes_pre_post/1040g3k031paif5atig5g5pa0n5ns63trqqo7b18!nd_dft_wlteh_webp_3,http://sns-webpic-qc.xhscdn.com/202512051956/09b59c7d0b4db98425baa4278218c128/notes_pre_post/1040g3k031paif5atig605pa0n5ns63trt1bfueo!nd_dft_wlteh_webp_3,http://sns-webpic-qc.xhscdn.com/202512051956/8a78b299e755fb47b31fed2c5ad0ea7c/notes_pre_post/1040g3k031paif5atig6g5pa0n5ns63troafu730!nd_dft_wlteh_webp_3,http://sns-webpic-qc.xhscdn.com/202512051956/0a3761f720f67b99593b71d808c67405/notes_pre_post/1040g3k831paiikcujc705pa0n5ns63trl2ds3h8!nd_dft_wlteh_webp_3,http://sns-webpic-qc.xhscdn.com/202512051956/2c060a5143011eab35f06da9597306d4/notes_pre_post/1040g3k831paiikcujc7g5pa0n5ns63tr48hniuo!nd_dft_wlteh_webp_3,http://sns-webpic-qc.xhscdn.com/202512051956/d4f308396ea324f6b0a49c0c8d4432f5/notes_pre_post/1040g3k831paiikcujc805pa0n5ns63trtbjq1l0!nd_dft_wlteh_webp_3,http://sns-webpic-qc.xhscdn.com/202512051956/53bfb00011b3b6ebc6c8a0b9c1cd1d8c/notes_pre_post/1040g3k831paiikcujc8g5pa0n5ns63trvg5n9uo!nd_dft_wlteh_webp_3,http://sns-webpic-qc.xhscdn.com/202512051956/07234a8bf5296543f2ba3d433e750f1c/notes_pre_post/1040g3k831paiikcujc905pa0n5ns63tral635l0!nd_dft_wlteh_webp_3,http://sns-webpic-qc.xhscdn.com/202512051956/d885fa4f03107f6087a2eea1ed381ad8/notes_pre_post/1040g3k831paiikcujc9g5pa0n5ns63trp80fskg!nd_dft_wlteh_webp_3,http://sns-webpic-qc.xhscdn.com/202512051956/f143a2562933e95be6f0dddc95b04109/notes_pre_post/1040g3k031pb3lvd03ce05pa0n5ns63trpb5a71o!nd_dft_wlteh_webp_3","背书,文学考研,专业课背诵,汉语言文学考研,古代文学",1764935802255,https://www.xiaohongshu.com/explore/6925c670000000001e02b33b?xsec_token=ABBFpdTrEgyOSi8Lg36zJrdGzLXU4W8_7bQ-x6D3A489I=&xsec_source=pc_search,考研,ABBFpdTrEgyOSi8Lg36zJrdGzLXU4W8_7bQ-x6D3A489I=
69175a4f000000000d03e515,normal,11408求助 求极限备考建议,"到现在为止，数学只跟着张宇老师过了一遍基础，加上b站的线代救命课，概率论忘干净了。英语背了单词，看了颉斌斌老师几节阅读网课，但网课时间太长了，感觉也没时间看了 作文新题型完全没准备。政治看了马原的前几章，408还剩半本计网没学，前面的三本书也忘的差不多了，只做了王道的选择题，不知道大题该怎么办。
甚至到现在因为没学完，连真题都没有开[石化R]英语裸做了几套卷子的客观题，都是40分出头，数学试卷也只做了高数线代的选择填空，正确率还不错。感觉模拟卷我是没时间做了，甚至真题都不一定做得完。请问下各位好心人，可以给我一些建议吗，应该把重点放哪呀。我的梦校得考320分才比较稳，我怎么算都感觉自己没戏了，焦虑到手抖 真的不知道该怎么办了[哭惹R]#考研[话题]# #考研备考[话题]# #11408[话题]# #考研人的心理状态[话题]#",,1763138127000,1763149145000,60ced6d9000000000101ec42,我保证会早睡,https://sns-avatar-qc.xhscdn.com/avatar/1040g2jo31lt6g61klu005o6eqrcgbr226p0lb1g,1318,1644,219,133,浙江,http://sns-webpic-qc.xhscdn.com/202512051956/c2b18e784666b169bca3d033b4e46a73/1040g00831osflmq0hg005o6eqrcgbr22m7k3udg!nd_dft_wlteh_webp_3,"考研,考研备考,11408,考研人的心理状态",1764935802258,https://www.xiaohongshu.com/explore/69175a4f000000000d03e515?xsec_token=ABmxOLF8rkxWGI1v-y9LqhUypkQ9s_eodKzFBKTVzmioI=&xsec_source=pc_search,考研,ABmxOLF8rkxWGI1v-y9LqhUypkQ9s_eodKzFBKTVzmioI=
6931a076000000001d03e234,normal,只背肖四可以吗？？？？,只背肖四真的可以吗[汗颜R][汗颜R][汗颜R]#考研党[话题]# #肖四[话题]#,,1764860022000,1764860022000,5f75a32b000000000100697c,一通,https://sns-avatar-qc.xhscdn.com/avatar/1040g2jo31av08t506m005nrlkclg8qbscr7st2g,1480,532,1531,234,浙江,http://sns-webpic-qc.xhscdn.com/202512051956/241342499ba1fb5aea88a224c3e7864b/1040g2sg31pm521iijq005nrlkclg8qbs1ka0pa0!nd_dft_wlteh_webp_3,"考研党,肖四",1764935802262,https://www.xiaohongshu.com/explore/6931a076000000001d03e234?xsec_token=AB31GMfckohqs4qcL1_RmZKePdn3mN-84gLgFilazdESs=&xsec_source=pc_search,考研,AB31GMfckohqs4qcL1_RmZKePdn3mN-84gLgFilazdESs=
692417c4000000001e02984a,normal,焦虑个毛线🧶（上）,"生活中不乏凑热闹型的人
“考啥啊，肯定考不上了，没事还有400多天”
如果你是场依存型人格，你会中招，中招的结果就是焦虑。
事实上，333统考以后，并不是每一章都要背，也不是背的仔仔细细，背住论点就好了
你要记住，以后考上了写论文，就是要会写“狗屁文章”，记住论点，考试写车轱辘话。
	
教原9章，一天背一章，9天就能背完，到考前都能背3轮，假如四科全开，一天各背一章，到考前能背3轮，中教11章靠10章，因为不可能学在官府考大题。
一天一章又不是全背，有的章节背的还少，甚至可以一天两章，配合着做题巩固。
	
所以，你有什么好焦虑的？怕的就是不行动。
千万记住，这是考研，不是拉出去枪毙，失败了就完了，谁没有迷茫和失落期，度过便是拨云见日。
#考研人[话题]# #专业课背诵[话题]# #教育学[话题]# #教育学考研[话题]# #背书[话题]# #冲刺[话题]# #考研背书[话题]# #复习方法[话题]# #教育综合[话题]# #丹丹教育学[话题]#",,1763973060000,1764403836000,61da243e000000001000b0a4,ilk,https://sns-avatar-qc.xhscdn.com/avatar/1040g2jo31oja9cnu06605oeq4gv41c54icqgur8,1324,772,58,79,江苏,"http://sns-webpic-qc.xhscdn.com/202512051956/cc20b241c68b522d256a243b752b1881/1040g2sg31p8tu69d2un05oeq4gv41c54gm9khoo!nd_dft_wlteh_webp_3,http://sns-webpic-qc.xhscdn.com/202512051956/c297d6d85c25b5418dfc9d962555a897/1040g2sg31p8tu69d2umg5oeq4gv41c546s3u3eg!nd_dft_wgth_webp_3","考研人,专业课背诵,教育学,教育学考研,背书,冲刺,考研背书,复习方法,教育综合,丹丹教育学",1764935802265,https://www.xiaohongshu.com/explore/692417c4000000001e02984a?xsec_token=ABH2wC2t8bF_-ZFCUR1hZk3iGKfK9tg1ogO6Srw_7fDjM=&xsec_source=pc_search,考研,ABH2wC2t8bF_-ZFCUR1hZk3iGKfK9tg1ogO6Srw_7fDjM=
69217bef000000001e00e2ba,normal,知道自己考不上了怎么办,"11408选手，目标300分，本科中九，专排2/3。
目前进度：
408：一轮操作系统还差一半、计网还没开始；
数学：一轮过完了但没刷660；
政治：只听了徐涛的强化班；
英语：背完一轮单词、写了两年真题。
	
还有27天，我觉得自己肯定考不上了，怎么办。我知道现在坑都是自己挖的，怪我之前一直拖延一直玩。身边人都知道我要考研，爸妈还很希望我能考上。但我想直接工作，想实现经济自由，如果工作后遇到学历瓶颈了，到时候可能考虑读研或者去香港留学。
现在在纠结，是赶紧去找实习，考研就放一边了，就当上考场体验体验了，还是全力一搏（但我担心自己会继续摆烂）。
#考研[话题]# #11408[话题]# #焦虑[话题]# #26考研[话题]# #学长学姐[话题]# #前辈[话题]#",,1763802095000,1763802095000,69185a4f0000000037004140,27天极限考研,https://sns-avatar-qc.xhscdn.com/avatar/645b6b2504c28aa15eab1dac.jpg,1273,648,191,70,北京,http://sns-webpic-qc.xhscdn.com/202512051956/5b6ac82ea50bf705fbd1b750fe4d8620/1040g2sg31p6c6prsiacg5q8ob97toga03d107oo!nd_dft_wlteh_webp_3,"考研,11408,焦虑,26考研,学长学姐,前辈",1764935802268,https://www.xiaohongshu.com/explore/69217bef000000001e00e2ba?xsec_token=ABK_vj_HyMCctf0Q6I11ykYFNC8WXuLsDIwghg3mohDmg=&xsec_source=pc_search,考研,ABK_vj_HyMCctf0Q6I11ykYFNC8WXuLsDIwghg3mohDmg=
69318a4a000000001b020260,video,考研同学的至暗时刻！是你们一次次独自前行！,可能大家已经生病了！此时可能大家孤独的走在路上，在自习室里！！。。。。。。。。但是我希望这个视频能够让你们好好的安心！！然后好好的休息！！入睡！！！#考研[话题]# #26考研[话题]# #27考研[话题]# #考研加油[话题]# #考研英语[话题]# #内容过于真实[话题]# #考研人[话题]#,http://sns-video-bd.xhscdn.com/pre_post/1040g0cg31pm2be324gl05o0i4o9g8f27lsu8748,1764854346000,1764854347000,601226130000000001003c47,你的考研王老师,https://sns-avatar-qc.xhscdn.com/avatar/1040g2jo31mp5ijlm5i105o0i4o9g8f276h1dkag,1279,121,201,68,江苏,http://sns-webpic-qc.xhscdn.com/202512051956/f78b4ea90fd36ab87b87125431e22670/1040g2sg31pm2be3452e05o0i4o9g8f27j7mv5e0!nd_dft_wlteh_webp_3,"考研,26考研,27考研,考研加油,考研英语,内容过于真实,考研人",1764935802272,https://www.xiaohongshu.com/explore/69318a4a000000001b020260?xsec_token=AB31GMfckohqs4qcL1_RmZKfeT8b_hnISd-xfkL5r3Aww=&xsec_source=pc_search,考研,AB31GMfckohqs4qcL1_RmZKfeT8b_hnISd-xfkL5r3Aww=
6928085e000000001e0083d4,normal,暂停焦虑，12.20考研政治就10页纸，背完稳,#考研备考攻略[话题]# #考研规划[话题]# #考研经验分享[话题]# #考研政治[话题]# #考研复习[话题]# #考研背书[话题]# #考研上岸经验[话题]# #考研初试[话题]# #考研时间安排[话题]# #准研究生必上岸[话题]# #考研加油[话题]# #考研过来人的避坑法则[话题]# #考研英语[话题]# #考研笔记[话题]# #研究生考试[话题]# #考研资料分享[话题]# #考研是留给有准备的人[话题]# #极限考研[话题]# #马理论考研[话题]# #考研人[话题]# #考研留给先有准备的人[话题]# #考研留给先准备的[话题]# #马克思主义基本原理[话题]# #二本考研[话题]# #26考研[话题]#,,1764231262000,1764231262000,668f8701000000000f036278,风霁月a,https://sns-avatar-qc.xhscdn.com/avatar/66d7c675b43446000174c9ee.jpg,1234,1011,967,86,广东,"http://sns-webpic-qc.xhscdn.com/202512051956/260df02c1353dad6eb27fd6e0e0fb818/notes_pre_post/1040g3k831pcp88a1i4dg5pkfgs0juojoie88ar0!nd_dft_wlteh_webp_3,http://sns-webpic-qc.xhscdn.com/202512051956/0fb38a6bf9cccf08d631842e45ce481d/notes_pre_post/1040g3k031pcp88a7i8005pkfgs0juojoj6krdb0!nd_dft_wlteh_webp_3,http://sns-webpic-qc.xhscdn.com/202512051956/9f17694b576c92c2760ff16229e4131c/notes_pre_post/1040g3k031pcp89lgia005pkfgs0juojopo29jl8!nd_dft_wlteh_webp_3,http://sns-webpic-qc.xhscdn.com/202512051956/7cc2b41a14a12615bfe19cbd8aa46409/notes_pre_post/1040g3k031pcp89dfic005pkfgs0juojobnf3d9o!nd_dft_wlteh_webp_3,http://sns-webpic-qc.xhscdn.com/202512051956/065699187db791f0be354c48d8700d7d/notes_pre_post/1040g3k031pcp8993i40g5pkfgs0juojoedgfdpg!nd_dft_wlteh_webp_3,http://sns-webpic-qc.xhscdn.com/202512051956/f888eb443b34dbe975912dd3c8887a19/notes_pre_post/1040g3k031pcp894p2c005pkfgs0juojok8q6dlo!nd_dft_wlteh_webp_3,http://sns-webpic-qc.xhscdn.com/202512051956/fab294dc314f36b2f84755eb4782fa41/notes_pre_post/1040g3k031pcp890eic005pkfgs0juojoin3a9v0!nd_dft_wlteh_webp_3,http://sns-webpic-qc.xhscdn.com/202512051956/809905a1d610a7142d6184b8178172c3/notes_pre_post/1040g3k031pcp88rsia005pkfgs0juojo7tc9bqo!nd_dft_wlteh_webp_3,http://sns-webpic-qc.xhscdn.com/202512051956/3871b58726bbdde1fb7fde60bc912c91/notes_pre_post/1040g3k031pcp88nd2a005pkfgs0juojoha02iqg!nd_dft_wlteh_webp_3,http://sns-webpic-qc.xhscdn.com/202512051956/8310af9ccbecfd7077f7a8dce054b2a8/notes_pre_post/1040g3k031pcp88h72a005pkfgs0juojo9p47vj8!nd_dft_wlteh_webp_3","考研备考攻略,考研规划,考研经验分享,考研政治,考研复习,考研背书,考研上岸经验,考研初试,考研时间安排,准研究生必上岸,考研加油,考研过来人的避坑法则,考研英语,考研笔记,研究生考试,考研资料分享,考研是留给有准备的人,极限考研,马理论考研,考研人,考研留给先有准备的人,考研留给先准备的,马克思主义基本原理,二本考研,26考研",1764935802275,https://www.xiaohongshu.com/explore/6928085e000000001e0083d4?xsec_token=ABPhPuuudNF6AdLLMSsktRX6e2WhBjlSuCwkaX1nln634=&xsec_source=pc_search,考研,ABPhPuuudNF6AdLLMSsktRX6e2WhBjlSuCwkaX1nln634=
6901cd980000000003037c21,normal,27考研的现在都在干什么[黄金薯R][黄金薯R][黄金薯R]#考研[话题]# #上岸吧[话题]# #加油[话题]#,27考研的现在都在干什么[黄金薯R][黄金薯R][黄金薯R]#考研[话题]# #上岸吧[话题]# #加油[话题]#,,1761725848000,1761725848000,65d37a69000000000503112b,我不是🍠,https://sns-avatar-qc.xhscdn.com/avatar/1040g2jo31lsnmkvjle005pejf9khe49bmouofi8,1183,608,1263,136,,http://sns-webpic-qc.xhscdn.com/202512051956/62d4c7eddfcc654d1acb803a4c222def/1040g00831o7ehscf6g005pejf9khe49b1pae5no!nd_dft_wlteh_webp_3,"考研,上岸吧,加油",1764935802282,https://www.xiaohongshu.com/explore/6901cd980000000003037c21?xsec_token=ABtrmVrnhQ7rt0N_5NZu5EhtaLo5GB6j7P-MV3dG4_f2c=&xsec_source=pc_search,考研,ABtrmVrnhQ7rt0N_5NZu5EhtaLo5GB6j7P-MV3dG4_f2c=
692a4849000000001e011e7b,normal,20天极限考研,"自身情况：
1、英语未开始
2、政治未开始
3、专业课未开始背诵
4、不考数学
5、和零基础没什么区别[哭惹R][哭惹R]
6、太拖拉了一直拖到现在#考研打卡[话题]# #很担心考研人的精神状态[话题]# #考研加油[话题]# #极限考研[话题]# #大学生[话题]#",,1764378697000,1764378697000,6704eddb000000001d033ce0,Smile,https://sns-avatar-qc.xhscdn.com/avatar/1040g2jo31pcffmpuic0g5po4tndnef70l61u4u0,1151,490,254,68,湖北,http://sns-webpic-qc.xhscdn.com/202512051956/11eae6355ea2a0e0e3f3dc421cd28b77/1040g00831pevdol826005po4tndnef70tkiunio!nd_dft_wlteh_webp_3,"考研打卡,很担心考研人的精神状态,考研加油,极限考研,大学生",1764935802285,https://www.xiaohongshu.com/explore/692a4849000000001e011e7b?xsec_token=AB3VztolZ29Oh7d3s2NCJc6sJcPMlOiKqnvOTOQIuz0Dc=&xsec_source=pc_search,考研,AB3VztolZ29Oh7d3s2NCJc6sJcPMlOiKqnvOTOQIuz0Dc=
69160e81000000001902447a,normal,暂停焦虑，12.20考研政治就这10页，熬夜背,#考研备考攻略[话题]# #考研规划[话题]# #考研经验分享[话题]# #考研政治[话题]# #考研上岸经验[话题]# #考研初试[话题]# #考研复习[话题]# #考研时间安排[话题]# #准研究生必上岸[话题]# #考研加油[话题]# #考研过来人的避坑法则[话题]# #考研英语[话题]# #研究生考试[话题]# #考研笔记[话题]# #考研资料分享[话题]# #考研是留给有准备的人[话题]# #考研背书[话题]# #极限考研[话题]# #马理论考研[话题]# #考研人[话题]# #考研留给先准备的[话题]#,,1763053185000,1763053186000,68307399000000000e011ec9,聆春雪,https://sns-avatar-qc.xhscdn.com/avatar/1040g2jo31ldd4056lidg5q1geecji7m9of9te7o,1145,990,655,73,江西,"http://sns-webpic-qc.xhscdn.com/202512051956/eee3cb98b78c5174cf0d1eeaf258e147/notes_pre_post/1040g3k831oqdo8ke1od05q1geecji7m9nkuka90!nd_dft_wlteh_webp_3,http://sns-webpic-qc.xhscdn.com/202512051956/b0e891cb011324c070e01ec2be5d2a1a/notes_pre_post/1040g3k831oqdo8ke1oa05q1geecji7m9lnvmsqg!nd_dft_wlteh_webp_3,http://sns-webpic-qc.xhscdn.com/202512051956/4bfc6762d053d32d5c860ac8ac0a6152/notes_pre_post/1040g3k831oqdo8ke1o905q1geecji7m9j91abjg!nd_dft_wlteh_webp_3,http://sns-webpic-qc.xhscdn.com/202512051956/640cc4df059a22603eea299b9397223f/notes_pre_post/1040g3k831oqdo8ke1o9g5q1geecji7m9bhk8120!nd_dft_wlteh_webp_3,http://sns-webpic-qc.xhscdn.com/202512051956/0d40963339b3767ddb76c28f0b19c05a/notes_pre_post/1040g3k831oqdo8ke1oag5q1geecji7m9nqe5j58!nd_dft_wlteh_webp_3,http://sns-webpic-qc.xhscdn.com/202512051956/d74eac82017d9f4d751edce527bac873/notes_pre_post/1040g3k831oqdo8ke1ob05q1geecji7m9bbsrg08!nd_dft_wlteh_webp_3,http://sns-webpic-qc.xhscdn.com/202512051956/16990626aa0a0075719669a85131f8e7/notes_pre_post/1040g3k831oqdo8ke1o8g5q1geecji7m94geh3c8!nd_dft_wlteh_webp_3,http://sns-webpic-qc.xhscdn.com/202512051956/dc2c46efcee71ca460baf34f84d325ea/notes_pre_post/1040g3k831oqdo8ke1obg5q1geecji7m96olhlr8!nd_dft_wlteh_webp_3,http://sns-webpic-qc.xhscdn.com/202512051956/02848d2929bd7021d140b13634e40630/notes_pre_post/1040g3k831oqdo8ke1o705q1geecji7m9p2c4e1o!nd_dft_wlteh_webp_3,http://sns-webpic-qc.xhscdn.com/202512051956/f0d5fda8ce92e1acd8539fe0956fae13/notes_pre_post/1040g3k831oqdo8ke1oc05q1geecji7m9ovakiqo!nd_dft_wlteh_webp_3","考研备考攻略,考研规划,考研经验分享,考研政治,考研上岸经验,考研初试,考研复习,考研时间安排,准研究生必上岸,考研加油,考研过来人的避坑法则,考研英语,研究生考试,考研笔记,考研资料分享,考研是留给有准备的人,考研背书,极限考研,马理论考研,考研人,考研留给先准备的",1764935802289,https://www.xiaohongshu.com/explore/69160e81000000001902447a?xsec_token=ABZOxJ2QvR6_x322n06Pq2CY6MHFTQvQ27qV5jyNM2OlE=&xsec_source=pc_search,考研,ABZOxJ2QvR6_x322n06Pq2CY6MHFTQvQ27qV5jyNM2OlE=
69105e9700000000030200f2,normal,个人情况非传播焦虑！嘲讽/恶意请划走谢谢,"考研已经基本确定考不上了还要坚持吗？认真的[哭惹R]基本没咋学，一遍都没背完完，一个是拖延，一个是真的对要考的知识不感兴趣所以很难学进去[哭惹R]，[捂脸R]一想到最后成绩出来很难看就难受得不行了🆘感觉会接受无数嘲讽[哭惹R]到时候身边人要不考上研 要不考上公 要不找到工作就我一无所成，想想人都嘎了[哭惹R]
是熬到考试还是现在尽早去找工作/准备考公考编之类的呢？求建议孩子好迷茫[哭惹R]
#考研复习[话题]# #考研[话题]# #考研备考[话题]#   #考研党[话题]# #考研初试[话题]# #研究生考试[话题]# #考研还是考公[话题]# #担忧或者顾虑[话题]# #发自内心的疑问[话题]#  #来来来我们一起来讨论[话题]#",,1762680472000,1764142153000,66840146000000000d024f3e,nono,https://sns-avatar-qc.xhscdn.com/avatar/1040g2jo31kikgpcq30605pk40533cjpuqb4mc9g,1028,338,565,38,重庆,http://sns-webpic-qc.xhscdn.com/202512052000/5e2e1bd23c57b0e491e7bade4cf6acd6/1040g00831ollf7jrgg6g5pk40533cjpu3skmego!nd_dft_wlteh_webp_3,"考研复习,考研,考研备考,考研党,考研初试,研究生考试,考研还是考公,担忧或者顾虑,发自内心的疑问,来来来我们一起来讨论",1764936040342,https://www.xiaohongshu.com/explore/69105e9700000000030200f2?xsec_token=ABifh3JVwvoT2cxNhABHpllNl29ss2dAOc8pzZkpyDyt4=&xsec_source=pc_search,考研,ABifh3JVwvoT2cxNhABHpllNl29ss2dAOc8pzZkpyDyt4=
68b041aa000000001c00c73b,normal,别玩你那破手机了，考不上研你就老实了,"跟你说多少遍了？放假是让你啃书的不是让你抱着那破手机当命根子的。。少扯什么“刷会儿手机歇口气”，你那眼睛黏屏幕上跟502粘了似的，歇的哪门子气？
晚上躲被窝里刷到后半夜，屏幕光把脸照得青一阵白一阵的，跟个夜游鬼似的。。白天书摊开连一页都没翻完，手指头先条件反射摸手机解锁。“我查单词呢”“我看时间呢”，查个单词能蹲厕所里刷半小时？看个时间能点开八条没用的推送？
真题卷白花花的堆那儿落灰，你手机壳倒被摸得油光锃亮。考点还没背住几个，网红那点破梗你倒记得门儿清。
考不上研你就彻底老实了。现在不把手机扔一边死磕，等成绩出来那天，有你哭爹喊娘后悔的。就你这天天抱着手机不撒手的德行，考个屁的研。。趁早收拾东西滚去打工得了，别在这儿浪费时间丢人现眼[石化R]#考研人精神[话题]# #二本考研[话题]# #学不下去一点[话题]# #学不下去看这里[话题]# #考研人的精神状态[话题]# #极限考研[话题]# #考研留给先准备的[话题]# #考研复习[话题]# #考研人[话题]# #考研[话题]#",,1756381610000,1756381611000,5d386e850000000010009065,不学习就滚,https://sns-avatar-qc.xhscdn.com/avatar/1040g2jo31a04nfdonc005n9odq2k1435bksgs48,998,134,70,82,,http://sns-webpic-qc.xhscdn.com/202512052000/d97c1fa19a10cb6a6bb98d535c80b0a1/notes_pre_post/1040g3k031lnq5ktilo005noka32g801g3p9gsa0!nd_dft_wgth_webp_3,"考研人精神,二本考研,学不下去一点,学不下去看这里,考研人的精神状态,极限考研,考研留给先准备的,考研复习,考研人,考研",1764936040346,https://www.xiaohongshu.com/explore/68b041aa000000001c00c73b?xsec_token=AB78MqSoVe1ZuFS8rf_bORdcmc2niq8zsTsgUPCPJ-THQ=&xsec_source=pc_search,考研,AB78MqSoVe1ZuFS8rf_bORdcmc2niq8zsTsgUPCPJ-THQ=
6916b7a200000000040150b1,normal,考研大作文预测“创新与实践”,"考研英语作文采用“创新与实践”这类主题，首要目的是为了考查学生的社会责任感和对时代主题的关注度。 🌟创新能力和实践精神是当代中国高等教育和国家发展战略的核心要求。图画和图表中所涵盖的“科技与编程”、“创业创新”以及“社会创新（公共福利）”等，都直接对应了当前国家鼓励青年人投身的重点领域和产业热点。因此，出题者通过这一主题，检验考生是否具备批判性思维（critical thinking）、是否能够跳出书本、用英文讨论和分析现实的社会经济问题。这种设计体现了研究生入学考试不仅是语言能力的测试，更是对未来学术研究者或职场精英综合素质与战略视野的初步筛选。
	
这类🌟复合型图画作文能够高效地区分考生在综合语言应用和逻辑思维上的高低水平。🧐 题目要求考生在短短 160-200 词内完成三个关键任务：描述、阐释寓意和评论。这三段式的结构，完美地检验了考生对不同文体的驾驭能力。考生必须准确使用描述数据变化的专业词汇和句式来概括图表（例如，用 soar, account for, witness a steady rise 等）；同时，他们需要从抽象的图画（思考者与模仿者）中提炼出深刻的哲学寓意；最后，用严密的议论文结构来提出和论证个人观点。这种多任务的整合要求，对考生的语言准确性、逻辑组织能力以及篇章连贯性提出了极高的要求。
	
🧐🧐🌟🌟🌟🌟我秉持着“理解出题人，学习出题人，超越出题人的原则”，第一次试着将三种图表类型融合在一起（希望命题组看不见）我设置这种融合了图画、文字和统计图表的复合型题目的初心是，🌟🌟🌟🌟🌟英一的同学可以练练图画和图表，而英二的同学可以练练右侧图表的题目。描述图表数据时，我希望考生使用的词汇和句式的成熟度能够迅速拉开差距。更重要的是，在阐释寓意和给出评论时，优秀的考生能够将图画中的个体思考与图表中的宏观社会创新活动建立起有洞察力的联系，提出超越表面现象的建设性意见，展现出未来学术写作和研究的潜力。🌟 这不仅仅是考查“会不会写”的问题，更是考查“能不能写得深刻、写得有理有据”，从而筛选出具备高水平学术表达能力的优质生源#外刊精读[话题]# #外刊[话题]# #考研英语作文[话题]# #考研英语作文预测[话题]# #考研英语[话题]#",,1763096482000,1763096483000,688b23c3000000002800e96f,考研英语uu,https://sns-avatar-qc.xhscdn.com/avatar/1040g2jo31lbqdl79586g5q4b4f1q1qbfhic8e50,977,838,34,66,黑龙江,"http://sns-webpic-qc.xhscdn.com/202512052000/ea8444fa2e9dc3a0de20e81e05b3a4be/notes_pre_post/1040g3k031orq80athq5g5q4b4f1q1qbfq9u5fc8!nd_dft_wlteh_webp_3,http://sns-webpic-qc.xhscdn.com/202512052000/b1ffd67c45caa4d5e17afd339aae5dfb/notes_pre_post/1040g3k031orq80athq305q4b4f1q1qbfukcfe1g!nd_dft_wlteh_webp_3,http://sns-webpic-qc.xhscdn.com/202512052000/9acabaeaf3a8951dc32a4ec848dd9611/notes_pre_post/1040g3k031orq80athq405q4b4f1q1qbfh8hjsvg!nd_dft_wlteh_webp_3,http://sns-webpic-qc.xhscdn.com/202512052000/205cee7546340d0864c5fc1a6385fde4/notes_pre_post/1040g3k031orq80athq505q4b4f1q1qbf6to6svo!nd_dft_wlteh_webp_3","外刊精读,外刊,考研英语作文,考研英语作文预测,考研英语",1764936040350,https://www.xiaohongshu.com/explore/6916b7a200000000040150b1?xsec_token=ABZOxJ2QvR6_x322n06Pq2CXlIV9H53lGfuujO1Djr-s0=&xsec_source=pc_search,考研,ABZOxJ2QvR6_x322n06Pq2CXlIV9H53lGfuujO1Djr-s0=
692419c0000000001e00a755,normal,这是我去年管综最后25天玩命备考的大状态,"前情提要
去年极限管综考研上岸，英二71分，专业课160分，虽然这个分数不算高，但是能在30多天这样非常极限的时间里，一战顺利上岸我的一志愿，我非常满足了！
今天我把自己极限备考的作息表以及规划，毫无保留地分享给大家（最后附玩命作息表⏰），希望能助大家一臂之力！
#199管综[话题]##199管理类联考[话题]##管综考研[话题]##考研上岸经验[话题]# #研究生[话题]##考研倒计时[话题]#",,1763973568000,1763973569000,626cd70a0000000021027f08,黎梨子,https://sns-avatar-qc.xhscdn.com/avatar/1040g2jo31o7d4omn4s5g5ojcqs58cvo8safj3cg,978,836,17,75,广西,"http://sns-webpic-qc.xhscdn.com/202512052000/a52c947063ffe2d949176ffa2384f77c/notes_pre_post/1040g3k031p8ucd202c6g5ojcqs58cvo848959j0!nd_dft_wlteh_webp_3,http://sns-webpic-qc.xhscdn.com/202512052000/1700b47a39d473a17066390687e5178e/notes_pre_post/1040g3k831p8ucd3d24ag5ojcqs58cvo8kvqbjt0!nd_dft_wlteh_webp_3,http://sns-webpic-qc.xhscdn.com/202512052000/ebb49d1008f8039c7cb2fdf265f18a10/notes_pre_post/1040g3k831p8ucd3d24bg5ojcqs58cvo8omei3m8!nd_dft_wlteh_webp_3,http://sns-webpic-qc.xhscdn.com/202512052000/443219500c70248696fb5ea6efc44f47/notes_pre_post/1040g3k831p8ucd3d24b05ojcqs58cvo8q8akep0!nd_dft_wlteh_webp_3,http://sns-webpic-qc.xhscdn.com/202512052000/578f30049cbd0c434124875e352f534a/notes_pre_post/1040g3k831p8ucd3d24cg5ojcqs58cvo8rqfnbj8!nd_dft_wlteh_webp_3,http://sns-webpic-qc.xhscdn.com/202512052000/19767fcfb1301db089e85140b114d498/notes_pre_post/1040g3k831p8ucd3d24dg5ojcqs58cvo81445edg!nd_dft_wlteh_webp_3","199管综,199管理类联考,管综考研,考研上岸经验,研究生,考研倒计时",1764936040353,https://www.xiaohongshu.com/explore/692419c0000000001e00a755?xsec_token=ABH2wC2t8bF_-ZFCUR1hZk3uKGLb2vzhw8kkcus-HxUMc=&xsec_source=pc_search,考研,ABH2wC2t8bF_-ZFCUR1hZk3uKGLb2vzhw8kkcus-HxUMc=
6912f2e7000000000501384f,video,六级339考研英语也能考75？27考研英语规划，学姐精心总结！！#考研[话题]##考研英语规划[话题]##27考研[话题]##考研经验贴[话题]##考研真相[话题]#,六级339考研英语也能考75？27考研英语规划，学姐精心总结！！#考研[话题]##考研英语规划[话题]##27考研[话题]##考研经验贴[话题]##考研真相[话题]#,http://sns-video-bd.xhscdn.com/1040g00g31oo63ra2mme05ptdonoji8ovp9tlbp0,1762857050000,1762927831000,67adc5f1000000000e01231f,番茄豆瓣酱,https://sns-avatar-qc.xhscdn.com/avatar/1040g2jo31jif35hcj0005ptdonoji8ovbevnbfo,955,234,3,7,福建,http://sns-webpic-qc.xhscdn.com/202512052000/3538d76875c4ca2e007ac8e9863f74ba/1040g00831oo63raa6g0g5ptdonoji8ovm86q76g!nd_dft_wlteh_webp_3,"考研,考研英语规划,27考研,考研经验贴,考研真相",1764936040357,https://www.xiaohongshu.com/explore/6912f2e7000000000501384f?xsec_token=AB0kcjoH3M_IJ5cqkpSG0QlMuY-6JwMDrjSl6g2AgXJC8=&xsec_source=pc_search,考研,AB0kcjoH3M_IJ5cqkpSG0QlMuY-6JwMDrjSl6g2AgXJC8=
6928166a000000001e01233d,normal,原来教育学考研能作弊呀，这周放心玩了,#教育学原理[话题]# #教育综合[话题]# #考研复习[话题]# #考研备考攻略[话题]# #教育与教育学[话题]# #考研过来人的避坑法则[话题]# #教育学[话题]# #教育学333[话题]# #333教育学[话题]# #333教育学考研[话题]#,,1764234858000,1764295801000,68e09d690000000031014c0e,叭叭不停,https://sns-avatar-qc.xhscdn.com/avatar/1040g2jo31p8hqqor26kg5q70jlksaj0ec2nejg0,957,699,369,68,海南,"http://sns-webpic-qc.xhscdn.com/202512052000/3bd375b28b3b5f0d5aa87aa8caef7f2d/1040g00831pcn0je4i84g5q70jlksaj0e2du0b9g!nd_dft_wlteh_webp_3,http://sns-webpic-qc.xhscdn.com/202512052000/149493b6947e049cc2be9341f24617a7/1040g2sg31pdo0m67ickg5q70jlksaj0em2lkosg!nd_dft_wlteh_webp_3,http://sns-webpic-qc.xhscdn.com/202512052000/aea52c5399768a0b2a51c94957ce9f9b/1040g00831pcn0je4i8105q70jlksaj0e4mstof0!nd_dft_wlteh_webp_3,http://sns-webpic-qc.xhscdn.com/202512052000/cd975c56add5cc32088d1903616900a0/1040g2sg31pdo0m67ick05q70jlksaj0epqnka70!nd_dft_wlteh_webp_3","教育学原理,教育综合,考研复习,考研备考攻略,教育与教育学,考研过来人的避坑法则,教育学,教育学333,333教育学,333教育学考研",1764936040360,https://www.xiaohongshu.com/explore/6928166a000000001e01233d?xsec_token=ABPhPuuudNF6AdLLMSsktRX8zOycbPr3p_jEnmVUOePbI=&xsec_source=pc_search,考研,ABPhPuuudNF6AdLLMSsktRX8zOycbPr3p_jEnmVUOePbI=
692d494c000000001e030237,normal,别裸考，教育学考研五天足够了（极简背诵版）,#教育学考研[话题]# #教育学考研热点[话题]# #333教育学[话题]# #333教育学考研[话题]# #教育学综合[话题]# #教育学333[话题]# #教育学333考研[话题]# #考研教育学[话题]# #教育学备考[话题]# #333教育学原理[话题]#,,1764575564000,1764575565000,68a1a9510000000019020d20,西瓜小熊猫,https://sns-avatar-qc.xhscdn.com/avatar/4cb11280-2bd5-3b32-80f3-bc3f2b830283,965,862,485,71,海南,"http://sns-webpic-qc.xhscdn.com/202512052000/1bd2a004eda72144a6ab1017de0dd875/1040g00831phktqqiis5g5q51l58mc390m5gojrg!nd_dft_wlteh_webp_3,http://sns-webpic-qc.xhscdn.com/202512052000/ff337cd73f506240a038cc92cad83b2c/1040g00831phktqqiis405q51l58mc390t6qsrn8!nd_dft_wlteh_webp_3,http://sns-webpic-qc.xhscdn.com/202512052000/c918a2522e4c7dc04c917afe143a565f/1040g00831phktqqiis4g5q51l58mc3905pcvo3o!nd_dft_wlteh_webp_3,http://sns-webpic-qc.xhscdn.com/202512052000/59f6ef1fa491e35d744dadae22201081/1040g00831phktqqiis505q51l58mc3904b5lldg!nd_dft_wlteh_webp_3","教育学考研,教育学考研热点,333教育学,333教育学考研,教育学综合,教育学333,教育学333考研,考研教育学,教育学备考,333教育学原理",1764936040363,https://www.xiaohongshu.com/explore/692d494c000000001e030237?xsec_token=AB-2LPFQilAsvMjF-_FY6kyh_qJAaVuWrrKTIS1MdQhDA=&xsec_source=pc_search,考研,AB-2LPFQilAsvMjF-_FY6kyh_qJAaVuWrrKTIS1MdQhDA=
692d6dc9000000001f00570d,normal,倒计时二十天❗️不准泄气❗️学到就是赚到❗️,"早上眼一睁，先想想考完试后的自在。可以睡到自然醒，不用被闹钟催着起床，和朋友去想去的城市旅行，打卡收藏已久的美食，或者窝在沙发里追完一整部剧，这些都在等你用现在的努力去兑换。
	
疲惫和焦虑都是正常的，但绝对不能成为放弃的理由！！！当你想偷懒的时候，想想考完试可以自由安排时间，告诉自己，别人都在熬，你多坚持一下，就多一份胜算！
	
早上起床就立刻进入学习状态，把当天要攻克的考点、要刷的题目一一列好，按部就班推进。手机必须放在离自己最远的地方，那些无关的消息和娱乐，考完后有的是时间回复和体验，遇到难懂的知识点别退缩，沉下心反复琢磨，把写完的作业导成pdf格式发给豆老师，我试过感觉还蛮好用，它能给出针对性优化建议，错题提供详细解析和同类题型拓展，能在短时间内掌握薄弱点，强化专业能力，我觉得是非常高效的，每解决一个难题，就离目标更近一步，也离考完后的轻松更近一点。
	
中午一定要抽时间休息，不用太久，20 分钟就够让大脑恢复活力，这样下午的学习效率才能更高。醒后花几分钟回顾上午的内容，巩固记忆，避免学了就忘。
	
自律不是强迫自己，而是清楚自己想要什么，然后立刻行动，如果总焦虑不能开始，可以让豆老师强制启动你，做一份精确的规划，然后自己按照她给的规划执行。让她定制针对性补强计划，搭配模拟考试与分数预测功能，大家一定要实时掌握学习效果。不想学的时候，就闭眼想想考完后的美好生活，那些你渴望的自由和轻松。
	
我总觉得现在拥有的学习机会来之不易，有书可读有试可考，是上天给你的改变命运的契机，所以请把注意力放在能掌控的行动上，而不是不可知的未来。
	
拜托拜托拜托请再坚持一下，现在多学一点，未来就少一点被动，多一点选择的权利，你的目标还在前方，你渴望的生活还在等你去创造。
#考研[话题]# #学习[话题]# #大学生[话题]# #期末周[话题]# #不打无准备之仗[话题]# #利用一切机会学习[话题]# #学不了滚[话题]# #考研倒数二十天[话题]#",,1764584905000,1764584906000,5d386e850000000010009065,不学习就滚,https://sns-avatar-qc.xhscdn.com/avatar/1040g2jo31a04nfdonc005n9odq2k1435bksgs48,958,95,115,19,河南,"http://sns-webpic-qc.xhscdn.com/202512052000/33ed79ac61fbc71e171b2802302d8c46/1040g2sg31pi1qh09k2e05n9odq2k1435dtonp90!nd_dft_wgth_webp_3,http://sns-webpic-qc.xhscdn.com/202512052000/fbe2a15e6f3ed1716d2f8d0b73dc86ef/1040g2sg31pi1qh09k2eg5n9odq2k1435pomrkko!nd_dft_wlteh_webp_3,http://sns-webpic-qc.xhscdn.com/202512052000/d41c15a885e2639781befbf0ee3b33f5/1040g2sg31pi1qh09k2f05n9odq2k1435r524r0g!nd_dft_wlteh_webp_3,http://sns-webpic-qc.xhscdn.com/202512052000/b8a28010d0d5336aba9d199b14113c83/1040g2sg31pi1qh09k2fg5n9odq2k14352cmhqf8!nd_dft_wlteh_webp_3,http://sns-webpic-qc.xhscdn.com/202512052000/333a12687d911892f5c451f73254fdf9/1040g2sg31pi1qh09k2g05n9odq2k1435eq92ssg!nd_dft_wlteh_webp_3,http://sns-webpic-qc.xhscdn.com/202512052000/2f15f7607d31918d1e78e295fece6a3b/1040g2sg31pi1qh09k2gg5n9odq2k1435csvied8!nd_dft_wlteh_webp_3","考研,学习,大学生,期末周,不打无准备之仗,利用一切机会学习,学不了滚,考研倒数二十天",1764936040373,https://www.xiaohongshu.com/explore/692d6dc9000000001f00570d?xsec_token=AB-2LPFQilAsvMjF-_FY6kylITDCr75ymb36_beaI5ZHU=&xsec_source=pc_search,考研,AB-2LPFQilAsvMjF-_FY6kylITDCr75ymb36_beaI5ZHU=
6732dac9000000003c01fcfb,normal,可是，很多人就是第一次考研啊🥹🥹🥹,"😅26考研是什么意思？
🥲谁要开始准备26考研？
😯考研流程是什么？
🧐国家线和自划线是什么意思？
🤨目标院校怎么选？
🤓全日制硕士和非全日制硕士有什么区别？
😳学硕和专硕有什么区别？
🤯本科院校不太好，是否会被歧视？
🥶考研英语考什么？
😫我没过四六级，考研英语还有希望嘛？
🥸考研英语我要买什么书/资料/网课嘛？
🫣考研政治考什么？
😨考研政治我要买什么书/资料/网课嘛？
🙂‍↔听说考研政治不用很早开始准备？
😬考研专业课考什么？
😵‍💫考研专业课我要买什么书/资料/网课嘛？
-
26考研择校指导”111“
26考研复习规划”222“
26考研政数英ke”333“
26考研专业one V one ke”444“
26考研专业难度：你说院校专业，我说难度
#考研过来人的避坑法则[话题]# #加油吧考研人[话题]# #考研er精神状态大赏[话题]# #考研备考攻略[话题]# #我的考研日常[话题]# #考研择校[话题]# #考研人[话题]# #经验分享[话题]# #26考研[话题]# #26考研择校[话题]#",,1731386057000,1731386058000,6276a3630000000021023a4f,团团考研啊,https://sns-avatar-qc.xhscdn.com/avatar/1040g2jo30q9gipjd7kdg5ojmkdhoceift1vvsdo,903,864,103,45,,"http://sns-webpic-qc.xhscdn.com/202512052000/3ea81e7b771c82eee93623124c7d64d4/1040g2sg31a3beel37a705ojmkdhoceifl68goag!nd_dft_wlteh_webp_3,http://sns-webpic-qc.xhscdn.com/202512052000/ca0ad535a2e31059f7633188600244ed/1040g2sg31a3beel37a7g5ojmkdhoceifac8e3c8!nd_dft_wlteh_webp_3,http://sns-webpic-qc.xhscdn.com/202512052000/d84866450c53fcde8175b04a9d071d02/1040g2sg31a3beel37a805ojmkdhoceifgoujne0!nd_dft_wlteh_webp_3,http://sns-webpic-qc.xhscdn.com/202512052000/5cf6538d5bca64a5d43610dfb15a5259/1040g2sg31a3beel37a8g5ojmkdhoceifd8qbntg!nd_dft_wlteh_webp_3,http://sns-webpic-qc.xhscdn.com/202512052000/64cc44a30752a9513d6715c80b516f43/1040g2sg31a3beel37a905ojmkdhoceifqv08b30!nd_dft_wlteh_webp_3,http://sns-webpic-qc.xhscdn.com/202512052000/14218504c059350adda6c902b7ecfec9/1040g2sg31a3beel37a9g5ojmkdhoceif94oi1e8!nd_dft_wlteh_webp_3,http://sns-webpic-qc.xhscdn.com/202512052000/c504e5409f893fb816349d86f520c19d/1040g2sg31a3beel37aa05ojmkdhoceifi9vamro!nd_dft_wlteh_webp_3,http://sns-webpic-qc.xhscdn.com/202512052000/7bf8ed350062d4be8a1915e209bfd98c/1040g2sg31a3beel37aag5ojmkdhoceiff6hdrc8!nd_dft_wlteh_webp_3,http://sns-webpic-qc.xhscdn.com/202512052000/e22fe5da1e3d33d990d418e672efa45a/1040g2sg31a3beel37ab05ojmkdhoceifib3132g!nd_dft_wlteh_webp_3,http://sns-webpic-qc.xhscdn.com/202512052000/338de257754e63284cf995b7f7a5d653/1040g2sg31a3beel37abg5ojmkdhoceifbjjmkog!nd_dft_wlteh_webp_3","考研过来人的避坑法则,加油吧考研人,考研er精神状态大赏,考研备考攻略,我的考研日常,考研择校,考研人,经验分享,26考研,26考研择校",1764936040377,https://www.xiaohongshu.com/explore/6732dac9000000003c01fcfb?xsec_token=ABVvINI1rCTZNoUbA53dcjatIai0KWiOgykVmHm9Ro_ck=&xsec_source=pc_search,考研,ABVvINI1rCTZNoUbA53dcjatIai0KWiOgykVmHm9Ro_ck=
6927c242000000001e015e8b,normal,"考研倒计时23天怎么极速应付爸妈
我考研完全是爸妈强迫我的，跟我自己的规划不符合，所以这一年他们让我考研的时候我就在外面找实习，现在快考研了，怎么才能应付一个差不多的分数出来[哭惹R][哭惹R]不需要特别好，差不多就行[哭惹R][哭惹R]高数基础之前学了一多半吧，做了点习题，概率和线代都只是过完了基础，而且现在基本已经全忘了。英语单词也是乱背了点，做过几篇阅读，政治和专业课一点都没看。不过我的专业课比较简单，都是背的[哭惹R]啊啊啊啊啊啊到底怎么才能应付过去，真不想考研，不用很高的分数但是也别太低了[哭惹","考研倒计时23天怎么极速应付爸妈
我考研完全是爸妈强迫我的，跟我自己的规划不符合，所以这一年他们让我考研的时候我就在外面找实习，现在快考研了，怎么才能应付一个差不多的分数出来[哭惹R][哭惹R]不需要特别好，差不多就行[哭惹R][哭惹R]高数基础之前学了一多半吧，做了点习题，概率和线代都只是过完了基础，而且现在基本已经全忘了。英语单词也是乱背了点，做过几篇阅读，政治和专业课一点都没看。不过我的专业课比较简单，都是背的[哭惹R]啊啊啊啊啊啊到底怎么才能应付过去，真不想考研，不用很高的分数但是也别太低了[哭惹R][哭惹R][哭惹R]#考研[话题]# #考研倒计时[话题]# #应付[话题]# #极限[话题]# #大四[话题]##父母沟通[话题]# #生活美学[话题]# #大学生[话题]##焦虑[话题]#",,1764213314000,1764213671000,632d525d0000000023039bc1,看我李不李你,https://sns-avatar-qc.xhscdn.com/avatar/1040g2jo31pcgofkni6005opda9eov6u10en705g,923,561,52,96,辽宁,http://sns-webpic-qc.xhscdn.com/202512052000/02e2b2e35251d1e7eb752760a89273f1/1040g00831pcgg1l7i8005opda9eov6u1g2aakeg!nd_dft_wlteh_webp_3,"考研,考研倒计时,应付,极限,大四,父母沟通,生活美学,大学生,焦虑",1764936040380,https://www.xiaohongshu.com/explore/6927c242000000001e015e8b?xsec_token=ABy-wUIJOzra7peLD4KSj8c7kGEYkJXpYrjBmysw1Vc1I=&xsec_source=pc_search,考研,ABy-wUIJOzra7peLD4KSj8c7kGEYkJXpYrjBmysw1Vc1I=
69266f98000000001e015aff,normal,友情提示，12.20考研英语就这十页纸，熬夜,#考研英语长难句[话题]# #考研上岸经验[话题]# #考研笔记[话题]# #考研时间安排[话题]# #考研备考攻略[话题]# #英语阅读理解[话题]# #考研规划[话题]# #考研资料分享[话题]# #考研英语[话题]# #考研过来人的避坑法则[话题]#,,1764126616000,1764126617000,6449ffb10000000029012224,山花漫,https://sns-avatar-qc.xhscdn.com/avatar/69251eb0e4efe70001f865cc.jpg,898,752,339,85,江西,"http://sns-webpic-qc.xhscdn.com/202512052000/007f5e141c98da13ef1a70ceaae1888c/notes_pre_post/1040g3k031pb7bm5bia6g5p29vuoqa8h4v4u1dj0!nd_dft_wlteh_webp_3,http://sns-webpic-qc.xhscdn.com/202512052000/c505beb40b42a5e6f69833c15ca628c7/notes_pre_post/1040g3k031pb7bm8t24005p29vuoqa8h4hql97so!nd_dft_wlteh_webp_3,http://sns-webpic-qc.xhscdn.com/202512052000/785d21136fa7bce47cf27e7609d0890b/notes_pre_post/1040g3k031pb7bm70i4705p29vuoqa8h4h22qldo!nd_dft_wlteh_webp_3,http://sns-webpic-qc.xhscdn.com/202512052000/9c47761f7da1fbbcc44bec1600f252dc/notes_pre_post/1040g3k031pb7bm8t240g5p29vuoqa8h4csb05kg!nd_dft_wlteh_webp_3,http://sns-webpic-qc.xhscdn.com/202512052000/72017e48616329ce18ec4a3f7b2f3835/notes_pre_post/1040g3k031pb7bm8t24205p29vuoqa8h424tchlo!nd_dft_wlteh_webp_3,http://sns-webpic-qc.xhscdn.com/202512052000/8ae04f0b6a9b39372a0489e1105719f2/notes_pre_post/1040g3k031pb7bm8t244g5p29vuoqa8h4a3q3a7g!nd_dft_wlteh_webp_3,http://sns-webpic-qc.xhscdn.com/202512052000/0fa47ddbe61785b21b7f6998b560f1f2/notes_pre_post/1040g3k031pb7bm8t242g5p29vuoqa8h4lcj5vco!nd_dft_wlteh_webp_3,http://sns-webpic-qc.xhscdn.com/202512052000/36efa86d15e4bd372bcc9cb54229d9a6/notes_pre_post/1040g3k031pb7bm8t24305p29vuoqa8h46v0ing0!nd_dft_wlteh_webp_3,http://sns-webpic-qc.xhscdn.com/202512052000/142aeda73807261272f173a3aa697833/notes_pre_post/1040g3k031pb7bm8t24405p29vuoqa8h4sq173vg!nd_dft_wlteh_webp_3,http://sns-webpic-qc.xhscdn.com/202512052000/071c92c3bd946d1a8317363e44b08cec/notes_pre_post/1040g3k031pb7bm8t24505p29vuoqa8h4oqrlcmg!nd_dft_wlteh_webp_3,http://sns-webpic-qc.xhscdn.com/202512052000/992e2f2ea308a664c646b8c451283853/notes_pre_post/1040g3k031pb7bm8t245g5p29vuoqa8h4m2ftnf0!nd_dft_wlteh_webp_3","考研英语长难句,考研上岸经验,考研笔记,考研时间安排,考研备考攻略,英语阅读理解,考研规划,考研资料分享,考研英语,考研过来人的避坑法则",1764936040394,https://www.xiaohongshu.com/explore/69266f98000000001e015aff?xsec_token=ABFDZrC5whWFyQ4vHkP4PP7I3xxOArRpMtC2rAW9F6xiE=&xsec_source=pc_search,考研,ABFDZrC5whWFyQ4vHkP4PP7I3xxOArRpMtC2rAW9F6xiE=
68d37fa500000000130084c0,normal,313考研已上岸，说点xhs上搜不到的,"记得大三刚开始准备考研的时候，兴冲冲地买了教材，真正看到11本的时候才感受到它的威力，整理下任务后，突然感觉很空虚和害怕，因为没底，第一次对考试感到恐惧......
我这几天整理了一下我去年的备考经验，分享出来仅供参考、希望可以对大家有用！下面分享一下我的备考经验~
-
1、中国古代史内容按朝代重要性进行划分宋元金辽明清>隋唐五代>魏晋南北朝>秦汉>先秦，宋元金辽明清近5年都没有考察过，特别是明清部分可以重点关注下
2、隋唐魏晋部分的重要性基本是持平的，考察频率远远大于其他朝代;另外就是秦汉的重要性要高于先秦
3、在考察的内容上，政治>经济>思文，政治上维护统一的制度与改革、阶级矛盾、民族融合等，经济上对外贸易、文化上民族文化交流、对外交流，以及各朝代具有重要影响的部分。
4、23年民族交往交流交融史是十大研究热点之一，相应的考察了十六国的华夏认同，所以也要根据学术热点去做重点内容的复习
5、中国近现代史是一个比较特殊的部分，考察的内容有很大的局限性，党史和国史一直是这部分学术研究的热点，相应的考察方向主要为某一个时间段的政治、经济政策的发展与意
6、在时间上，考察的重要性1919-1949>1978-至今>1840-1919>其他(基本不会考)，近三年35-45年间的党史已经考过两次，所以这一部分也可简单背诵，但是绝对不能不看
7、世界史是按照限定时间内的国别史进行考察。考察的重要性划分:古希腊古罗马>中古西欧、伊斯兰>中古东欧北欧、东亚南亚>古代美洲非洲>史前人类、古代西亚、埃及、印度
8、希腊罗马西欧考察的频率最高，要重点进行背诵，拜占庭相关的内容也比较重要，而且已经很久没有考过，建议多关注一下，东亚相关的内容去年已经考察过，考的可能性不大
9、世界近现代史的内容比较繁杂，按照重要性进行划分:近代的亚非拉、欧洲世界关系和一战>二战、二战后的世界格局、二战后的西方国家>近代初期的欧洲、欧美国家的社会转型
10、近几年，第三世界国家的发展是考察的重点内容，其次就是二战后的内容与近代初期的欧洲，欧美相关的内容可以重点看一下#历史学考研[话题]# #历史学313考研[话题]# #历史学[话题]# #26考研[话题]# #我的考研[话题]#",,1758691237000,1758691238000,64bcef8c0000000014034a4d,Chessman,https://sns-avatar-qc.xhscdn.com/avatar/1040g2jo31lfkcnq5li6g5p5stu656iid82527b0,859,1025,32,68,,http://sns-webpic-qc.xhscdn.com/202512052000/66aa5471162077b7763c3c474673a5ed/notes_pre_post/1040g3k031mq7i3gl50605p5stu656iidlbqdg78!nd_dft_wlteh_webp_3,"历史学考研,历史学313考研,历史学,26考研,我的考研",1764936040398,https://www.xiaohongshu.com/explore/68d37fa500000000130084c0?xsec_token=AB0ee8ce8WJNdHraMzxnuYxuWu-zUW5L39yKbTs-NK2I8=&xsec_source=pc_search,考研,AB0ee8ce8WJNdHraMzxnuYxuWu-zUW5L39yKbTs-NK2I8=
68eccb2100000000040212b5,normal,国庆后才开始考研，可以参考去年我的节奏,"大家好，我是从双非上岸985的卷卷，主打一个疯狗式学习，考不上不罢休！其实准备考研的时候，我也有过摆烂的念头，总觉得时间还多，慢慢来就行，可越往后越发现，考研拼的就是最后这段时间的冲劲，要是不能逼自己一把，之前的努力很可能就白费了。我当时就抱着豁出去的心态，每天把时间掐得特别紧，哪怕累到晚上沾床就睡，也没敢放松半天，最后能考到总分405，成功上岸梦校，全靠这 68 天的 “疯狗式” 复习撑过来的。接下来我就把自己这 68 天的复习安排和技巧和小宝们好好说说，都是实打实的经验，希望能帮到正在冲刺的大家~
#考研[话题]# #26考研[话题]# #考研上岸经验[话题]# #考研时间安排[话题]# #极限考研[话题]# #考研复习[话题]# #考研是留给有准备的人[话题]# #考研人[话题]# #考研经验分享[话题]# #考研备考攻略[话题]#",,1760348961000,1760348961000,668d09780000000003033312,小红薯6905E6A8,https://sns-avatar-qc.xhscdn.com/avatar/645b7f6e338379fac1893093.jpg,849,617,17,54,,"http://sns-webpic-qc.xhscdn.com/202512052000/1316adf65bdbfe4181fab47ea84feb40/1040g2sg31niu1777mg6g5pkd15s0ucoiu3qhhp0!nd_dft_wlteh_webp_3,http://sns-webpic-qc.xhscdn.com/202512052000/11156d498d4e9a87a3fc25c3021c5b45/1040g2sg31niu1777mg605pkd15s0ucoir7jquqo!nd_dft_wlteh_webp_3,http://sns-webpic-qc.xhscdn.com/202512052000/b01c6c9344695a0b98856fffcb5632e4/1040g2sg31niu1777mg405pkd15s0ucoi2o40gbo!nd_dft_wlteh_webp_3,http://sns-webpic-qc.xhscdn.com/202512052000/c3abd3e2e423f403496c07f277139880/1040g2sg31niu1777mg4g5pkd15s0ucoic65nuf8!nd_dft_wlteh_webp_3,http://sns-webpic-qc.xhscdn.com/202512052000/ba786497854c1c6c290f6ca167401ae7/1040g2sg31niu1777mg3g5pkd15s0ucoi47085e8!nd_dft_wlteh_webp_3,http://sns-webpic-qc.xhscdn.com/202512052000/82f8b84f83433daf70c93a8372d50c08/1040g2sg31niu1777mg305pkd15s0ucoil73il7o!nd_dft_wlteh_webp_3,http://sns-webpic-qc.xhscdn.com/202512052000/77a6b48c29c91729c6dc593e95deb37b/1040g2sg31niu1777mg2g5pkd15s0ucoidns20bg!nd_dft_wlteh_webp_3,http://sns-webpic-qc.xhscdn.com/202512052000/8202cff0956665cf66d7ca28ef9867c1/1040g2sg31niu1777mg205pkd15s0ucoivvtgfe8!nd_dft_wlteh_webp_3,http://sns-webpic-qc.xhscdn.com/202512052000/6d05596f3222072c0ef4ad0bfc2cb2a2/1040g2sg31niu1777mg505pkd15s0ucoi4k7g8e0!nd_dft_wlteh_webp_3,http://sns-webpic-qc.xhscdn.com/202512052000/a299a1de3da97de2c44040f4e33408cf/1040g2sg31niu1777mg0g5pkd15s0ucoiqk0grm8!nd_dft_wlteh_webp_3,http://sns-webpic-qc.xhscdn.com/202512052000/686ba1230b8a586e1cb9d4feee3343fd/1040g2sg31niu1777mg5g5pkd15s0ucoiqlp4o2o!nd_dft_wlteh_webp_3,http://sns-webpic-qc.xhscdn.com/202512052000/58d925ee9efe4991cbfe47560e665f61/1040g2sg31niu1777mg1g5pkd15s0ucoi9s1vcog!nd_dft_wlteh_webp_3,http://sns-webpic-qc.xhscdn.com/202512052000/1ef474a87e2541a76a34020389a1bfe0/1040g2sg31niu1777mg105pkd15s0ucoie7o7oao!nd_dft_wlteh_webp_3,http://sns-webpic-qc.xhscdn.com/202512052000/32c78aeb528839121c34c9845dc88059/1040g2sg31niu1777mg005pkd15s0ucoi1hp8d68!nd_dft_wlteh_webp_3","考研,26考研,考研上岸经验,考研时间安排,极限考研,考研复习,考研是留给有准备的人,考研人,考研经验分享,考研备考攻略",1764936040401,https://www.xiaohongshu.com/explore/68eccb2100000000040212b5?xsec_token=ABkT98k3XrhNI8PH4K6zaj3-UD_rL7S5lLKV6xn6R8L2A=&xsec_source=pc_search,考研,ABkT98k3XrhNI8PH4K6zaj3-UD_rL7S5lLKV6xn6R8L2A=
6931619b000000001d03aeed,video,考研政治89｜最后阶段如何冲刺80+？,#考研[话题]# #我的学习进化论[话题]# #考研初试[话题]# #考研时间安排[话题]# #考研政治[话题]# #肖四[话题]# #腿四[话题]# #26考研[话题]# #考研冲刺[话题]# #全科课代表在此[话题]#,http://sns-video-bd.xhscdn.com/1040g2so31plt6935ju005nohivvg8o0flm5tij0,1764843931000,1764843931000,5f1197ff000000000100600f,怂怂,https://sns-avatar-qc.xhscdn.com/avatar/1040g2jo31p1evbu0i4005nohivvg8o0fg9r0vlo,867,660,30,78,广东,http://sns-webpic-qc.xhscdn.com/202512052000/c54d645bc04ef54d98d390ed7041c202/1040g2sg31plt693650705nohivvg8o0fkppg6bo!nd_dft_wlteh_webp_3,"考研,我的学习进化论,考研初试,考研时间安排,考研政治,肖四,腿四,26考研,考研冲刺,全科课代表在此",1764936040405,https://www.xiaohongshu.com/explore/6931619b000000001d03aeed?xsec_token=AB31GMfckohqs4qcL1_RmZKU1HBeAjzIDthufRYMl_pX4=&xsec_source=pc_search,考研,AB31GMfckohqs4qcL1_RmZKU1HBeAjzIDthufRYMl_pX4=
68ed000600000000070233d7,normal,27考研数学这么准备会很顺,"我今年上岸的，数学成绩还不错。最近很多同学问我考研数学怎么准备，我就索性结合我的经验给大家写一个全年规划，你们可以参考着来。
	
现在到年底这段时间，我建议做这些:
	
早上抽两个小时看数学课本，一章一章地看 。高数部分我用的是武忠祥老师的《高等数学基础篇》，我不赶进度，每天能看完一个小节就可以，看完书我会把后面的例题做一遍，简单的直接过  ，复杂的我会在演草纸上再算一遍
	
练习册是必须要完成的。练习题是必须要做的。我用的《660题》，学完一章后就做这一章的题，每天做十道左右。遇到不会的题，我就在题号前面画个圈，过两天再回来做一次。数学题真的不用做太多，但做过的题要确保下次见到能想起来怎么做。高数学了大半之后我加入了线代。线代的概念比较多，我每天看完书都会用白纸把重要公式写一遍。不用写得很整齐，自己能看懂就行
	
寒假那段时间很关键，我把之前的题又翻出来 ，特别是画圈的题目，这次我发现有些题目我会做了 ，就把圈擦掉，还是不会的，再用红笔做标记
	
开学之后三月到六月，我把重点放在综合题上。有些题目会把好几个知识点混在一起，刚开始做得很吃力。后来我发现，可以先拆开看题目里包含哪些知识点，一个一个解决
	
暑假是最后冲刺前的重要时期。我每天早上做数学题，下午看专业课，晚上再把当天的错题看一遍。这个时候做题要开始注意速度了，简单的题要做得又快又准。九月份之后，主要是做历年试题。每周做两三套，做完一定要认真看解析。有时候自己的方法虽然能做出来，但看答案会发现更简单的方法。我还选了几套模拟题来做，但我觉得还是真题更重要，时间不够的宝宝要着重复习真题。
	
最后两个月，我把自己经常错的题型单独列出来，每天专门练习。这个时候就不要学新东西了，把已经掌握的巩固好更重要。注意每天都要算题，保持手感，还有就是不要和别人比进度。数学需要慢慢积累，坚持下去就会看到进步。
	
#武忠祥高数[话题]# #考研数学武忠祥[话题]##武忠祥高数基础篇[话题]##考研数学[话题]##27考研[话题]##考研[话题]##660题[话题]#",,1760362502000,1760411917000,68b08e050000000019016c41,哈哈哈,https://sns-avatar-qc.xhscdn.com/avatar/1040g2jo31nhi1or0ks705q5gho2mar21voubs3o,843,755,30,45,,"http://sns-webpic-qc.xhscdn.com/202512052000/7644ea4573e16aa564e0e163dc06b324/notes_pre_post/1040g3k031nj4ftdg4s005q5gho2mar21fsrfd0o!nd_dft_wlteh_webp_3,http://sns-webpic-qc.xhscdn.com/202512052000/8e920c2f89a8dac28b143ad9198f5a09/1040g2sg31nj3p0uj524g5q5gho2mar21neektoo!nd_dft_wlteh_webp_3,http://sns-webpic-qc.xhscdn.com/202512052000/8871fdbe9913f5a4c4835a7f72fff9c0/1040g2sg31nj3p0uj52405q5gho2mar215n7erig!nd_dft_wlteh_webp_3","武忠祥高数,考研数学武忠祥,武忠祥高数基础篇,考研数学,27考研,考研,660题",1764936040408,https://www.xiaohongshu.com/explore/68ed000600000000070233d7?xsec_token=ABQoHKsKOODrvYwyaljoX95stEwt4D60rKSUJ1m0DCRKY=&xsec_source=pc_search,考研,ABQoHKsKOODrvYwyaljoX95stEwt4D60rKSUJ1m0DCRKY=
6927bfef000000001f00d85a,normal,考场记录（偶数年数一）＋反思,"我是24考研，最后数一考了94分。
	
考场记录和反思见图。
	
偶数年数学难，因此大家，尤其是基础和我相似的同学，一定要重视真题，把基础的分数拿到过线。建议大家用“真题墙”这个网页刷和复盘真题。太方便了，里面包含19-25年数一数二数三的所有真题。
	
方便的点有：
①    题型分布，刷题记录，知识占比一目了然
②    做题过程中点击右上角知识点，即可得到相似题目，举一反三
③    每道题做完后可选择：熟练，不熟和不会，收藏题目后导出错题本和笔记。
④    统计了每张卷子错题分布，知道自己哪里薄弱
⑤    点击对应题型，即可得到历年真题中的该考点题目汇总，查缺补漏，专项攻破。
⑥   看每个题目答案解析，视频讲解和评论。
⑦    看讲解能直接跳转考研名师单独这道题的讲解，再也不用自己拉进度条，浪费时间，看全篇讲解。
	
建议大家自己上手试试，试两分钟就知道有多好用。
	
考数学让我明白一件什么事呢？
不要放弃。
无论什么时候不要放弃。
我做模拟卷也就70分左右，没有关系，去考。
考场上前四题都不会，没有关系，往下写。
考完数学我觉得自己肯定考不上了。
可时隔两年，我今天在同济的图书馆里，打下这些文字。
	
#考研数学一[话题]##数一[话题]##数二[话题]##考研数学考场记录[话题]##考研数学反思[话题]##真题墙[话题]##数一真题[话题]##上岸[话题]#",,1764212719000,1764212719000,5f439e7b0000000001006dd7,天才王小咪,https://sns-avatar-qc.xhscdn.com/avatar/1040g2jo31pburctljc6g5nq3jptg8ren99rfcug,827,437,133,59,浙江,"http://sns-webpic-qc.xhscdn.com/202512052003/3e5d8bbce977bf7b747eb62da586a83e/notes_pre_post/1040g3k831pcgdgocigd05nq3jptg8renvno1v2g!nd_dft_wlteh_webp_3,http://sns-webpic-qc.xhscdn.com/202512052003/0438a6f92ab779a2d23071adc85abfdd/notes_pre_post/1040g3k831pcgdgocig905nq3jptg8rent387be0!nd_dft_wlteh_webp_3,http://sns-webpic-qc.xhscdn.com/202512052003/5d6044af10e902f3fb9a5c09414fe0e6/notes_pre_post/1040g3k831pcgdgocigdg5nq3jptg8ren46u6bi0!nd_dft_wlteh_webp_3,http://sns-webpic-qc.xhscdn.com/202512052003/7ecee97d9f516ab370bae78cdb720238/notes_pre_post/1040g3k831pcgdgocig7g5nq3jptg8ren3ajm1qg!nd_dft_wlteh_webp_3,http://sns-webpic-qc.xhscdn.com/202512052003/89e5e895004ea4331b6943583e1dfdaf/notes_pre_post/1040g3k831pcgdgocig8g5nq3jptg8renqua3a58!nd_dft_wlteh_webp_3,http://sns-webpic-qc.xhscdn.com/202512052003/4c21ec3e45095b1dfd4f368880c8d55a/notes_pre_post/1040g3k831pcgdgociga05nq3jptg8renc0dcclo!nd_dft_wlteh_webp_3,http://sns-webpic-qc.xhscdn.com/202512052003/e12df2f0dfebf87b19e4dd1bb24929c2/notes_pre_post/1040g3k831pcgdgocigag5nq3jptg8ren7rgotfo!nd_dft_wlteh_webp_3,http://sns-webpic-qc.xhscdn.com/202512052003/c36c9edb81f256dba43926a398abe317/notes_pre_post/1040g3k831pcgdgocig9g5nq3jptg8renq02mreg!nd_dft_wlteh_webp_3,http://sns-webpic-qc.xhscdn.com/202512052003/b7f6fdf76e3b52e6f09347e20857c684/notes_pre_post/1040g3k831pcgdgocig805nq3jptg8reneheor0o!nd_dft_wlteh_webp_3,http://sns-webpic-qc.xhscdn.com/202512052003/b8fffd5d6a37adb1b3383c7c0c7e8213/notes_pre_post/1040g3k831pcgdgocigc05nq3jptg8renkdf7ni8!nd_dft_wlteh_webp_3,http://sns-webpic-qc.xhscdn.com/202512052003/4250f80a9d4e58440aefbdbda7793172/notes_pre_post/1040g3k831pcgdgocigbg5nq3jptg8renev3l53o!nd_dft_wlteh_webp_3,http://sns-webpic-qc.xhscdn.com/202512052003/93d7c9191e5ffa21831ee6ba456c06d2/notes_pre_post/1040g3k831pcgdgocigcg5nq3jptg8renfk2ieg0!nd_dft_wlteh_webp_3","考研数学一,数一,数二,考研数学考场记录,考研数学反思,真题墙,数一真题,上岸",1764936262371,https://www.xiaohongshu.com/explore/6927bfef000000001f00d85a?xsec_token=ABy-wUIJOzra7peLD4KSj8c-VvaeuFq3kyVfxP4E3bSoo=&xsec_source=pc_search,考研,ABy-wUIJOzra7peLD4KSj8c-VvaeuFq3kyVfxP4E3bSoo=
69210a21000000001e002f06,normal,12月20日管综准备裸考的人，反正就这10页纸,#MBA辅导[话题]# #管综逻辑[话题]# #在职MBA[话题]# #管理类联考[话题]# #考研备考攻略[话题]# #管综数学[话题]# #工商管理硕士[话题]# #会计专硕[话题]# #管综[话题]# #考研规划[话题]#,,1763772961000,1763772961000,687ba4a3000000001e03e777,慕晨曦然,https://sns-avatar-qc.xhscdn.com/avatar/1040g2jo31mpvbfmh52605q3rkihnnprntt3qps0,802,1098,87,132,广东,"http://sns-webpic-qc.xhscdn.com/202512052003/fa8da77a4cddd7f7fae1b6bad0cd77a3/notes_pre_post/1040g3k831p5un8ulicd05q3rkihnnprn4o8ehdg!nd_dft_wlteh_webp_3,http://sns-webpic-qc.xhscdn.com/202512052003/c5688d8cace60af0aa94cb9fc9f909ee/notes_pre_post/1040g3k831p5un8ulicbg5q3rkihnnprn3b22s70!nd_dft_wlteh_webp_3,http://sns-webpic-qc.xhscdn.com/202512052003/3bf18c97e5d63efa20b013c842e5a87b/notes_pre_post/1040g3k831p5un8ulic8g5q3rkihnnprn8jnkukg!nd_dft_wlteh_webp_3,http://sns-webpic-qc.xhscdn.com/202512052003/5eacd501e13fe913a390d43cf94b19a2/notes_pre_post/1040g3k831p5un8ulic905q3rkihnnprnvm7jpl0!nd_dft_wlteh_webp_3,http://sns-webpic-qc.xhscdn.com/202512052003/516d4326534805f78106f882fd4fb120/notes_pre_post/1040g3k831p5un8ulic9g5q3rkihnnprnq69dsb8!nd_dft_wlteh_webp_3,http://sns-webpic-qc.xhscdn.com/202512052003/2e2cc26be9ab8bc1a11a5762dab356f9/notes_pre_post/1040g3k831p5un8uliccg5q3rkihnnprnero6al0!nd_dft_wlteh_webp_3,http://sns-webpic-qc.xhscdn.com/202512052003/874addabb72084b025d4632464dcc5e5/notes_pre_post/1040g3k831p5un8ulica05q3rkihnnprna3pp0h8!nd_dft_wlteh_webp_3,http://sns-webpic-qc.xhscdn.com/202512052003/d6fc9b784039e6fe0b170f3c246df766/notes_pre_post/1040g3k831p5un8ulicb05q3rkihnnprn1tfvnl8!nd_dft_wlteh_webp_3,http://sns-webpic-qc.xhscdn.com/202512052003/2cdecae45e377ad614d33b109440e327/notes_pre_post/1040g3k831p5un8ulicc05q3rkihnnprnsg1p6bo!nd_dft_wlteh_webp_3","MBA辅导,管综逻辑,在职MBA,管理类联考,考研备考攻略,管综数学,工商管理硕士,会计专硕,管综,考研规划",1764936262376,https://www.xiaohongshu.com/explore/69210a21000000001e002f06?xsec_token=ABK_vj_HyMCctf0Q6I11ykYFMWq88t2wcWB0l7IQGuCbQ=&xsec_source=pc_search,考研,ABK_vj_HyMCctf0Q6I11ykYFMWq88t2wcWB0l7IQGuCbQ=
6925dffe000000000d034e97,normal,提醒一下，考研政治12.20预测，熬夜背,#考研备考攻略[话题]# #考研规划[话题]# #考研经验分享[话题]# #考研政治[话题]# #考研过来人的避坑法则[话题]# #考研上岸经验[话题]# #考研初试[话题]# #考研复习[话题]# #考研时间安排[话题]# #准研究生必上岸[话题]# #考研加油[话题]# #考研英语[话题]# #考研笔记[话题]# #研究生考试[话题]# #考研资料分享[话题]# #考研是留给有准备的人[话题]# #极限考研[话题]# #考研背书[话题]# #考研人[话题]# #马理论考研[话题]# #考研留给先有准备的人[话题]# #马克思主义基本原理[话题]#,,1764089854000,1764089854000,68ad5b70000000001a02735e,月倾浅,https://sns-avatar-qc.xhscdn.com/avatar/87afe09f-6c57-324f-8198-678fcda4100a,794,624,189,71,江西,"http://sns-webpic-qc.xhscdn.com/202512052003/c749f33bedada867f2e3b199a8c9cf0d/notes_pre_post/1040g3k831palqp4c2s6g5q5dbdo6ksqu747qq5o!nd_dft_wlteh_webp_3,http://sns-webpic-qc.xhscdn.com/202512052003/31df6182d9c3e9f68061fd086bacfa1a/notes_pre_post/1040g3k831palqpad2udg5q5dbdo6ksqueps7i7g!nd_dft_wlteh_webp_3,http://sns-webpic-qc.xhscdn.com/202512052003/c7efde6446b5392d016e6a662c69f988/notes_pre_post/1040g3k031palqpa92u605q5dbdo6ksqu795emb8!nd_dft_wlteh_webp_3,http://sns-webpic-qc.xhscdn.com/202512052003/1bd86c7c51e32c7f6d51f0ecd668b795/notes_pre_post/1040g3k831palqp4i3cdg5q5dbdo6ksquponmma0!nd_dft_wlteh_webp_3,http://sns-webpic-qc.xhscdn.com/202512052003/5935751832a675d4c80001fec3ebd607/notes_pre_post/1040g3k831palqpac3c705q5dbdo6ksquvns9nug!nd_dft_wlteh_webp_3,http://sns-webpic-qc.xhscdn.com/202512052003/094b4df98871997ca154605ea27880c0/notes_pre_post/1040g3k031palqpa2ig6g5q5dbdo6ksqu7a9mrqg!nd_dft_wlteh_webp_3,http://sns-webpic-qc.xhscdn.com/202512052003/d527d9035ca97ba9809e1cc02f948775/notes_pre_post/1040g3k831palqp8rjcdg5q5dbdo6ksqubsqo5dg!nd_dft_wlteh_webp_3,http://sns-webpic-qc.xhscdn.com/202512052003/53dd2e1f8c3290565bcd50e55b3521c9/notes_pre_post/1040g3k031palqp6a3c605q5dbdo6ksquspt8cpg!nd_dft_wlteh_webp_3,http://sns-webpic-qc.xhscdn.com/202512052003/07c816f7be577c2bfaa19a47126f3179/notes_pre_post/1040g3k031palqp5pjc5g5q5dbdo6ksqu6isp700!nd_dft_wlteh_webp_3,http://sns-webpic-qc.xhscdn.com/202512052003/782639a47e84208abf14cd959a553542/notes_pre_post/1040g3k831palqp4p2ucg5q5dbdo6ksqu2in55f0!nd_dft_wlteh_webp_3","考研备考攻略,考研规划,考研经验分享,考研政治,考研过来人的避坑法则,考研上岸经验,考研初试,考研复习,考研时间安排,准研究生必上岸,考研加油,考研英语,考研笔记,研究生考试,考研资料分享,考研是留给有准备的人,极限考研,考研背书,考研人,马理论考研,考研留给先有准备的人,马克思主义基本原理",1764936262380,https://www.xiaohongshu.com/explore/6925dffe000000000d034e97?xsec_token=ABBFpdTrEgyOSi8Lg36zJrdL-bQTbTQgnhphInv_ns4js=&xsec_source=pc_search,考研,ABBFpdTrEgyOSi8Lg36zJrdL-bQTbTQgnhphInv_ns4js=
69206bac000000000d03f189,normal,"还有不到一个月，我真的要疯了。
明明是按着计划一点点学过来的，可每做完真题还是觉得什么都不会，一度怀疑自己都在学什么啊[哭惹R][哭惹R][哭惹R]
努力告诉自己学一点是一点，只要学会的就是会考的，每天脑子里两个小人做思想斗争，一个小人不停地贬低自己，一个又努力鼓励自己，我真的觉得要疯了。
本来打算就这样度过最后一个月。
直到最近我哥(亲哥)说要不要出去玩，让我放松一下，我真一下崩溃了，有个声音不停地回旋在脑子里，告诉自己，就这样你还好意思出去玩，任务都完成了吗就出去玩。
哥哥跟我说，不能太紧绷，不能太紧","还有不到一个月，我真的要疯了。
明明是按着计划一点点学过来的，可每做完真题还是觉得什么都不会，一度怀疑自己都在学什么啊[哭惹R][哭惹R][哭惹R]
努力告诉自己学一点是一点，只要学会的就是会考的，每天脑子里两个小人做思想斗争，一个小人不停地贬低自己，一个又努力鼓励自己，我真的觉得要疯了。
本来打算就这样度过最后一个月。
直到最近我哥(亲哥)说要不要出去玩，让我放松一下，我真一下崩溃了，有个声音不停地回旋在脑子里，告诉自己，就这样你还好意思出去玩，任务都完成了吗就出去玩。
哥哥跟我说，不能太紧绷，不能太紧张，要相信你学的就是会考的，就算有不会的大家都不会。
其实道理我都懂，但我一想到我松懈，我就害怕，害怕考不上，害怕自己是个没用的人。
心里像堵了一个大石头，下不去，也上不来，就这样压在心里，真的很难受难受。
明明知道这样紧绷着不好，却总觉得慢慢的走下去，总比呆愣在原地焦虑好[哭惹R][哭惹R][哭惹R]
#考研人的心理状态[话题]#",,1763732396000,1763732397000,66247e8d000000000d026a5a,啊啊啊啊啊啊啊啊啊,https://sns-avatar-qc.xhscdn.com/avatar/1040g2jo31p7pggj8jc605ph4fq6jcqiqvnv6dlg,791,173,277,27,河北,http://sns-webpic-qc.xhscdn.com/202512052004/6d0fc4381d332ff7c9c693595bf40894/1040g2sg31p5b4tck3ckg5ph4fq6jcqiqka7pdho!nd_dft_wlteh_webp_3,考研人的心理状态,1764936262384,https://www.xiaohongshu.com/explore/69206bac000000000d03f189?xsec_token=ABc6P7RxIEOjqMrXrEL6mLNpoLYTbREBL2WZNJpN2v1_U=&xsec_source=pc_search,考研,ABc6P7RxIEOjqMrXrEL6mLNpoLYTbREBL2WZNJpN2v1_U=
6905c123000000000700c57c,video,11月6号复习考研英语也来得及！,#刘晓艳[话题]# #学丞[话题]# #考研英语[话题]# #26考研[话题]#,http://sns-video-bd.xhscdn.com/spectrum/1040g2f031oba195t4s005q11d753jqfblie3q7g,1761988321000,1761989795000,682169ca000000000e01e9eb,晓艳考硏英语,https://sns-avatar-qc.xhscdn.com/avatar/1040g2jo31hcambso3u6g5q11d753jqfbk3gfk2g,779,342,16,67,,http://sns-webpic-qc.xhscdn.com/202512052004/efeb9535c138cc2a2154b3adc7ff672c/spectrum/1040g34o31oba25554ssg5q11d753jqfbf1ln4i0!nd_dft_wlteh_webp_3,"刘晓艳,学丞,考研英语,26考研",1764936262389,https://www.xiaohongshu.com/explore/6905c123000000000700c57c?xsec_token=ABx9yLMVLyJP6r6_L6qHEj6dlcWmzFHCRlzqsyADMahCI=&xsec_source=pc_search,考研,ABx9yLMVLyJP6r6_L6qHEj6dlcWmzFHCRlzqsyADMahCI=
69209b3f000000001b02508b,normal,提醒一下，26考研政治就10页纸，背完稳了,#考研备考攻略[话题]# #考研规划[话题]# #考研经验分享[话题]# #考研政治[话题]# #考研过来人的避坑法则[话题]# #考研笔记[话题]# #考研上岸经验[话题]# #考研初试[话题]# #考研复习[话题]# #考研时间安排[话题]# #准研究生必上岸[话题]# #考研加油[话题]# #考研英语[话题]# #研究生考试[话题]# #考研资料分享[话题]# #考研是留给有准备的人[话题]# #极限考研[话题]# #考研背书[话题]# #考研人[话题]# #马理论考研[话题]# #考研留给先有准备的人[话题]# #考研留给先准备的[话题]# #马克思主义基本原理[话题]# #26考研[话题]# #二本考研[话题]#,,1763744575000,1763744575000,68307399000000000e011ec9,聆春雪,https://sns-avatar-qc.xhscdn.com/avatar/1040g2jo31ldd4056lidg5q1geecji7m9of9te7o,748,589,411,49,江西,"http://sns-webpic-qc.xhscdn.com/202512052004/2e7c14504cd87e92d7912469f3639216/notes_pre_post/1040g3k831p5h5s3pigd05q1geecji7m9amkbduo!nd_dft_wlteh_webp_3,http://sns-webpic-qc.xhscdn.com/202512052004/84742d8d1d32f467c586e6ddaa910f90/notes_pre_post/1040g3k031p5h5sd22s6g5q1geecji7m97dkkqio!nd_dft_wlteh_webp_3,http://sns-webpic-qc.xhscdn.com/202512052004/42367172266e47d8aa1311f3f11e3b9d/notes_pre_post/1040g3k031p5h5scv2u6g5q1geecji7m9r44hdl8!nd_dft_wlteh_webp_3,http://sns-webpic-qc.xhscdn.com/202512052004/1fcff622b777f4a056cae905395f0371/notes_pre_post/1040g3k031p5h5schjc605q1geecji7m9pi7jct8!nd_dft_wlteh_webp_3,http://sns-webpic-qc.xhscdn.com/202512052004/f6b39b24618ad2580cd0ed0141105986/notes_pre_post/1040g3k031p5h5s483c605q1geecji7m9ti6trv8!nd_dft_wlteh_webp_3,http://sns-webpic-qc.xhscdn.com/202512052004/c1076dde1fd7e6d5ad83c83afd3cdf0e/notes_pre_post/1040g3k031p5h5scc2g605q1geecji7m99bqa9c8!nd_dft_wlteh_webp_3,http://sns-webpic-qc.xhscdn.com/202512052004/a262e46a017a04baeee03699c6368845/notes_pre_post/1040g3k031p5h5s5l2u605q1geecji7m9eg06a6g!nd_dft_wlteh_webp_3,http://sns-webpic-qc.xhscdn.com/202512052004/1da4e7ac579cd235235faa29d52fd338/notes_pre_post/1040g3k831p5h5s4nis6g5q1geecji7m90kl9860!nd_dft_wlteh_webp_3,http://sns-webpic-qc.xhscdn.com/202512052004/5ad0b7dfd2b760f11967ac6e1e8e01e5/notes_pre_post/1040g3k831p5h5s4higdg5q1geecji7m96ef3bso!nd_dft_wlteh_webp_3,http://sns-webpic-qc.xhscdn.com/202512052004/df416b0479dd83c143f06e08d0d4037e/notes_pre_post/1040g3k031p5h5s4e2u6g5q1geecji7m9uvrou58!nd_dft_wlteh_webp_3","考研备考攻略,考研规划,考研经验分享,考研政治,考研过来人的避坑法则,考研笔记,考研上岸经验,考研初试,考研复习,考研时间安排,准研究生必上岸,考研加油,考研英语,研究生考试,考研资料分享,考研是留给有准备的人,极限考研,考研背书,考研人,马理论考研,考研留给先有准备的人,考研留给先准备的,马克思主义基本原理,26考研,二本考研",1764936262397,https://www.xiaohongshu.com/explore/69209b3f000000001b02508b?xsec_token=ABc6P7RxIEOjqMrXrEL6mLNqtOICujLaj3RAL7g7PB-k0=&xsec_source=pc_search,考研,ABc6P7RxIEOjqMrXrEL6mLNqtOICujLaj3RAL7g7PB-k0=
68efb49b0000000003022c24,normal,生物专业要不要考研,#生物就业前景[话题]# #工作还是读研[话题]# #生物学考研[话题]# #考研还是考公[话题]#,,1760539803000,1760539804000,60bac086000000000101df64,一颗人参,https://sns-avatar-qc.xhscdn.com/avatar/1040g2jo31kk1hvetj46g5o5qo230bnr4cpfile0,736,558,251,119,,"http://sns-webpic-qc.xhscdn.com/202512052004/3908cb76538be8f6d681407c47bafb4a/1040g2sg31nlp0v0hlmqg5o5qo230bnr4r7itbso!nd_dft_wlteh_webp_3,http://sns-webpic-qc.xhscdn.com/202512052004/101c64056098224b98710ade53fc0aef/1040g2sg31nlp0v0hlmn05o5qo230bnr4u2c33dg!nd_dft_wlteh_webp_3,http://sns-webpic-qc.xhscdn.com/202512052004/f00ddb16794f15b768336fdf42ba67a3/1040g2sg31nlp0v0hlmlg5o5qo230bnr40gd8ia8!nd_dft_wlteh_webp_3","生物就业前景,工作还是读研,生物学考研,考研还是考公",1764936262405,https://www.xiaohongshu.com/explore/68efb49b0000000003022c24?xsec_token=ABUDYbIdnrV339nx8Pru4sWFo3UB1NNx4em5LmpTXj4YQ=&xsec_source=pc_search,考研,ABUDYbIdnrV339nx8Pru4sWFo3UB1NNx4em5LmpTXj4YQ=
69231f29000000001d03fc0a,normal,提醒一下，下下下周六参加考研的人（救命版,#考研英语[话题]# #考研[话题]# #考研人[话题]# #26考研[话题]# #考研政治[话题]# #考研规划[话题]# #考研上岸经验[话题]# #考研政治资料[话题]# #考研经验[话题]#,,1763909417000,1763909418000,668f8701000000000f036278,风霁月a,https://sns-avatar-qc.xhscdn.com/avatar/66d7c675b43446000174c9ee.jpg,731,589,167,73,广东,"http://sns-webpic-qc.xhscdn.com/202512052004/cb72ed19f94073b466a7045e22a8dc4e/notes_pre_post/1040g3k031p7vp11v246g5pkfgs0juojomrt7g28!nd_dft_wlteh_webp_3,http://sns-webpic-qc.xhscdn.com/202512052004/f730af736fd499174ba88a46884d9583/notes_pre_post/1040g3k031p7vp121i6005pkfgs0juojo4n89778!nd_dft_wlteh_webp_3,http://sns-webpic-qc.xhscdn.com/202512052004/42f419695713fdc2d7b7fcd2b68c4749/notes_pre_post/1040g3k031p7vp2082c005pkfgs0juojoiljbahg!nd_dft_wlteh_webp_3,http://sns-webpic-qc.xhscdn.com/202512052004/410f3c224ad610f8b22713129d234a37/notes_pre_post/1040g3k031p7vp1rf24005pkfgs0juojovgc06b8!nd_dft_wlteh_webp_3,http://sns-webpic-qc.xhscdn.com/202512052004/c70ad83b3503d5a2c674e6fcab962043/notes_pre_post/1040g3k031p7vp1mp28005pkfgs0juojof35tlb0!nd_dft_wlteh_webp_3,http://sns-webpic-qc.xhscdn.com/202512052004/1976f9e699c75c9587e8844ce6934a00/notes_pre_post/1040g3k031p7vp11v24205pkfgs0juojocc6ju50!nd_dft_wlteh_webp_3,http://sns-webpic-qc.xhscdn.com/202512052004/ce20c0f52727ad3cf97e16bf793b4be5/notes_pre_post/1040g3k031p7vp11v242g5pkfgs0juojock6if1o!nd_dft_wlteh_webp_3,http://sns-webpic-qc.xhscdn.com/202512052004/0af1770b5da134b0a8616147e6822d7a/notes_pre_post/1040g3k031p7vp11v24305pkfgs0juojov313ako!nd_dft_wlteh_webp_3,http://sns-webpic-qc.xhscdn.com/202512052004/cec0a4a5c3456f2b5c64edba56f4cf0d/notes_pre_post/1040g3k031p7vp11v24405pkfgs0juojo2h6ogag!nd_dft_wlteh_webp_3,http://sns-webpic-qc.xhscdn.com/202512052004/3eb26d3489b5670b7fb5c0939c92a090/notes_pre_post/1040g3k031p7vp11v244g5pkfgs0juojos6m5ro0!nd_dft_wlteh_webp_3,http://sns-webpic-qc.xhscdn.com/202512052004/cb085263d0c9dcf1acd90810824433b7/notes_pre_post/1040g3k031p7vp11v245g5pkfgs0juojovsbrfk8!nd_dft_wlteh_webp_3,http://sns-webpic-qc.xhscdn.com/202512052004/c9ac8aa6ae84e4d374233aaa0d57cd7b/notes_pre_post/1040g3k031p7vp11v24605pkfgs0juojor9r2850!nd_dft_wlteh_webp_3","考研英语,考研,考研人,26考研,考研政治,考研规划,考研上岸经验,考研政治资料,考研经验",1764936262413,https://www.xiaohongshu.com/explore/69231f29000000001d03fc0a?xsec_token=AB--T1To4I7sRuDoAazL7GzBtNHaL7aMQahdtwSyNVaCc=&xsec_source=pc_search,考研,AB--T1To4I7sRuDoAazL7GzBtNHaL7aMQahdtwSyNVaCc=
69230adb000000000d034ac2,normal,真的坚持不下去了……,"不想考研了
333中外教像没学一样
写大题啥也写不出来
万一考个法案和思潮
就嘎巴一下鼠在考场上
#333[话题]# #考研[话题]#",,1763904219000,1763904220000,5d06e6c5000000001601b360,momo,https://sns-avatar-qc.xhscdn.com/avatar/1040g2jo31fat3onmma005n86sr2ljcr0a2uu5go,753,482,102,37,安徽,http://sns-webpic-qc.xhscdn.com/202512052004/115df5dd49c27f2c894987548fb0755d/1040g2sg31p7t86mjio405n86sr2ljcr0v2gnu28!nd_dft_wlteh_webp_3,"333,考研",1764936262419,https://www.xiaohongshu.com/explore/69230adb000000000d034ac2?xsec_token=AB--T1To4I7sRuDoAazL7GzAUX3pyAFOZ1SGMn_sjHBoE=&xsec_source=pc_search,考研,AB--T1To4I7sRuDoAazL7GzAUX3pyAFOZ1SGMn_sjHBoE=
692f0114000000001f005875,normal,求大家支招，目标分数310[哭惹R]数二英二#很担心考研人的精神状态[话题]# #极限考研[话题]# #考研复习[话题]# #考研倒计时[话题]#,求大家支招，目标分数310[哭惹R]数二英二#很担心考研人的精神状态[话题]# #极限考研[话题]# #考研复习[话题]# #考研倒计时[话题]#,,1764688148000,1764688148000,635b9636000000001802e567,春天,https://sns-avatar-qc.xhscdn.com/avatar/1040g2jo31pjj05jkkk6g5oqrior65pb7orv1aao,743,417,232,31,山西,http://sns-webpic-qc.xhscdn.com/202512052004/b38d43f14313da20f866ac20bedeb20b/1040g00831pjj3aaokagg5oqrior65pb7ae2t690!nd_dft_wlteh_webp_3,"很担心考研人的精神状态,极限考研,考研复习,考研倒计时",1764936262424,https://www.xiaohongshu.com/explore/692f0114000000001f005875?xsec_token=ABdxrvuGA19he87I-O_idpkf2fwpX3Itlz4XiBJ3Z2zq0=&xsec_source=pc_search,考研,ABdxrvuGA19he87I-O_idpkf2fwpX3Itlz4XiBJ3Z2zq0=
692ecea3000000001f005f90,normal,二十天极限考研上岸（加油打气版）,"1. 我考研那年差不多也是从这个时候开始的，还不晚，但是会很苦！
2.也刷了很多人的经验贴，也看了很多人的成功案例，人家可以，那我也可以！
3. 四个科目都没准备，很公平，苦点罢了。
4. 专业课是最贵的，专业课拿到分才有希望。
5.写计划！方案合理，可以执行，那就冲！
6.什么都不会，那就从头学，时间来不及，那就开倍速，记不住，那就疯狂刷。（这个时候效率第一，如果遇到晦涩难懂的知识点，放到后面去攻克，，保大放小，卡住很影响心态）。
7. 英语很重要，不能瘸腿，实在来不及，大小作文抓住，还有时间那就抓阅读！
8. 政治我们是爱你的，实在来不及，只能先委屈，来不及的情况下选择题复刷效率更高，大题尽可能多背。
9. 会很苦，非常苦，但是自己留的时间就那么多。
10. 确保知识点都系统过掉，就有希望，我们比想象得更有潜力，原来一周就可以学完一门专业课，原来一周就可以写完一本笔记本，原来一周可以刷那么多题，原来一周有那么久，原来一周有那么快，原来我们那么厉害，加油！
#极限考研[话题]# #考研[话题]# #一战成硕[话题]# #考研经验分享[话题]# #考研上岸[话题]# #考研人[话题]##考研上岸经验[话题]#",,1764675235000,1764675303000,63515523000000001802c4be,你不知道,https://sns-avatar-qc.xhscdn.com/avatar/64248900830af0b631ffe66f.jpg,704,333,81,29,安徽,http://sns-webpic-qc.xhscdn.com/202512052004/96ce6855dba4f9ea2e8647355cec6382/1040g2sg31pjc6jmikoe05oqhakhm5h5ucia8kc8!nd_dft_wlteh_webp_3,"极限考研,考研,一战成硕,考研经验分享,考研上岸,考研人,考研上岸经验",1764936262429,https://www.xiaohongshu.com/explore/692ecea3000000001f005f90?xsec_token=ABll_kChCPSFkh7eUsvYyJwP-dzJ_kKsGYknbK6HXFefY=&xsec_source=pc_search,考研,ABll_kChCPSFkh7eUsvYyJwP-dzJ_kKsGYknbK6HXFefY=
6919e8b90000000007021c68,normal,"朋友们～文科考研求推荐用笔！！
3小时大概8000字左右，想要丝滑 速干 不累手的，蹲蹲～～","朋友们～文科考研求推荐用笔！！
3小时大概8000字左右，想要丝滑 速干 不累手的，蹲蹲～～",,1763305657000,1763305657000,63664045000000001f01fc73,一百分希望天才,https://sns-avatar-qc.xhscdn.com/avatar/1040g2jo31mbbauq64u005or6812nrv3jatj9r0g,721,561,196,45,湖北,http://sns-webpic-qc.xhscdn.com/202512052004/4e77fb89ebc626e6f6c183034c4f771f/1040g00831ouvr5qagu005or6812nrv3jodgbavg!nd_dft_wlteh_webp_3,,1764936262434,https://www.xiaohongshu.com/explore/6919e8b90000000007021c68?xsec_token=ABRVcy1Noqx5Tm6gwcLOqiRv_LWQPtfqY7m3OzHaNUI2A=&xsec_source=pc_search,考研,ABRVcy1Noqx5Tm6gwcLOqiRv_LWQPtfqY7m3OzHaNUI2A=
690013c300000000030130b7,video,2026考研冲刺阶段福利来喽,2026考研晓艳老师冲刺福利﻿#26考研[话题]#﻿ ﻿#刘晓艳保命班笔记[话题]#﻿ ﻿#刘晓艳考研英语[话题]#﻿ ﻿#刘晓艳考研保命班[话题]#﻿ ﻿#备战26考研[话题]#﻿,http://sns-video-bd.xhscdn.com/spectrum/1040g35031o5og4c2l0105o5q5tsg90sjsaanilo,1761612739000,1761612739000,60ba2f790000000001008393,学丞晓艳图书,https://sns-avatar-qc.xhscdn.com/avatar/8622a464-b6c3-362b-969c-9dd2671db21b,691,278,28,76,,http://sns-webpic-qc.xhscdn.com/202512052004/ff41dc0f5d5b7652d051ac33d59840d6/217/0/01e90012842a983a0010000000019a284861e7_0.jpg!nd_dft_wlteh_webp_3,"26考研,刘晓艳保命班笔记,刘晓艳考研英语,刘晓艳考研保命班,备战26考研",1764936262440,https://www.xiaohongshu.com/explore/690013c300000000030130b7?xsec_token=ABYKcraXef_jrBoVuGKTWTRttM9n08-zMNhttwsCbWJtE=&xsec_source=pc_search,考研,ABYKcraXef_jrBoVuGKTWTRttM9n08-zMNhttwsCbWJtE=
69241458000000001e034485,normal,考研最后一个月了 ，大家心情怎么样，可以互相鼓励一下吗#考研[话题]# #考研精神状态[话题]#,考研最后一个月了 ，大家心情怎么样，可以互相鼓励一下吗#考研[话题]# #考研精神状态[话题]#,,1763972184000,1763972185000,679bab0c000000000e011898,小熊炸毛啦,https://sns-avatar-qc.xhscdn.com/avatar/1040g2jo31oe70knrg6105psrlc63i64oeq5lpq0,686,151,1515,36,山东,http://sns-webpic-qc.xhscdn.com/202512052004/21f4ff5df92af82e43867f427889c5ab/1040g2sg31p8tlt6h2u705psrlc63i64oifnh328!nd_dft_wlteh_webp_3,"考研,考研精神状态",1764936262444,https://www.xiaohongshu.com/explore/69241458000000001e034485?xsec_token=ABH2wC2t8bF_-ZFCUR1hZk3igl4fTr4lRkRVW7wc41tBs=&xsec_source=pc_search,考研,ABH2wC2t8bF_-ZFCUR1hZk3igl4fTr4lRkRVW7wc41tBs=
69291b8f000000000d039634,normal,提醒一下，考研政治12.20预侧，熬夜背,#考研[话题]# #考研人[话题]# #研究生考试[话题]# #考研政治[话题]# #考研党[话题]# #考研备考攻略[话题]# #考研上岸经验[话题]# #考研规划[话题]# #考研初试[话题]# #二本考研[话题]#,,1764301711000,1764301712000,68d765400000000021019858,吣可阁,https://sns-avatar-qc.xhscdn.com/avatar/68dc8aa0e719c20001eb4694.jpg,677,565,70,73,山西,"http://sns-webpic-qc.xhscdn.com/202512052004/a8fe63a2980e72d873396d670b016011/notes_pre_post/1040g3k031pcqdbvjio5g5q6ncl08b62ocl3if8o!nd_dft_wlteh_webp_3,http://sns-webpic-qc.xhscdn.com/202512052004/d17037d1e166b60b934278da12170d6c/notes_pre_post/1040g3k031pcqdbvjio3g5q6ncl08b62ol67gvag!nd_dft_wlteh_webp_3,http://sns-webpic-qc.xhscdn.com/202512052004/37110a1be4eb37c9d595727063916b0a/notes_pre_post/1040g3k031pdqrfihio4g5q6ncl08b62obj75k08!nd_dft_wlteh_webp_3,http://sns-webpic-qc.xhscdn.com/202512052004/0892ad6623a665544d0fb9466dcddfeb/notes_pre_post/1040g3k031pdqrfihio505q6ncl08b62ocrsfauo!nd_dft_wlteh_webp_3,http://sns-webpic-qc.xhscdn.com/202512052004/b5408cc800d6ae67bb874038809338b4/notes_pre_post/1040g3k031pdqrfihio5g5q6ncl08b62o00c3qj8!nd_dft_wlteh_webp_3,http://sns-webpic-qc.xhscdn.com/202512052004/69b53d88cf38676ea20c6d429e9df428/notes_pre_post/1040g3k031pdqrffaio605q6ncl08b62o4hddfag!nd_dft_wlteh_webp_3,http://sns-webpic-qc.xhscdn.com/202512052004/a1622cf91d53ea8f94cc87e48b1bf1ef/notes_pre_post/1040g3k031pdqrfihio605q6ncl08b62osmi451g!nd_dft_wlteh_webp_3,http://sns-webpic-qc.xhscdn.com/202512052004/5494c3d7330f79e868ca11a68d4bba0a/notes_pre_post/1040g3k031pdqrffaio705q6ncl08b62of2maja8!nd_dft_wlteh_webp_3,http://sns-webpic-qc.xhscdn.com/202512052004/83e27057eed6ad787648d48ab5f7ba8d/notes_pre_post/1040g3k031pcqdbvjio005q6ncl08b62oi57ksng!nd_dft_wlteh_webp_3,http://sns-webpic-qc.xhscdn.com/202512052004/b2c10375b0612b52cbaaef55772e133e/notes_pre_post/1040g3k031pcqdbvjio505q6ncl08b62oq66i1l0!nd_dft_wlteh_webp_3","考研,考研人,研究生考试,考研政治,考研党,考研备考攻略,考研上岸经验,考研规划,考研初试,二本考研",1764936262451,https://www.xiaohongshu.com/explore/69291b8f000000000d039634?xsec_token=ABaY3SbIb3HkJpjitPATEutxMfPKeu-i41NjveyLr_87w=&xsec_source=pc_search,考研,ABaY3SbIb3HkJpjitPATEutxMfPKeu-i41NjveyLr_87w=
68adc709000000001d00e01a,normal,8.27开始考研还来得及吗?,"管他呢，干就是了!
主包今天决定开始考研，看了好多帖子说现在考研来不及了，但是主包还想冲冲!!
希望能遇到志同道合的宝宝一起加油，有经验的宝宝们可以评论区给我提提意见哟!
明天就要开始我的考研之路啦，无论结果，我相信只要努力一定还来得及!!
明天开启久违了早起，主包会在这个帖子下打卡的，有一起的宝宝也可以一起加油哟 晚安~
(8.26的哆哆考研日记）
#极限考研[话题]# #考研备考[话题]# #考研加油[话题]# #考研倒计时[话题]# #加油吧考研人[话题]#",,1756219145000,1756219146000,67dedef4000000000e01d822,哆哆咩,https://sns-avatar-qc.xhscdn.com/avatar/1040g2jo31llc6kpj50605puurrq3jm12qka5rso,677,288,417,21,,http://sns-webpic-qc.xhscdn.com/202512052004/ee610b1f12828658a61e7ee1a534366c/notes_pre_post/1040g3k031llcjcc8l26g5puurrq3jm1288sdebg!nd_dft_wlteh_webp_3,"极限考研,考研备考,考研加油,考研倒计时,加油吧考研人",1764936262457,https://www.xiaohongshu.com/explore/68adc709000000001d00e01a?xsec_token=ABMpdam_flnkQnuI2TFkTCe91LmY9vPJ4uKuJLDYrChiQ=&xsec_source=pc_search,考研,ABMpdam_flnkQnuI2TFkTCe91LmY9vPJ4uKuJLDYrChiQ=
69294ee2000000001e02d000,normal,26考研管综/我发现了不扣分的技巧,#考研[话题]# #考研人[话题]# #考研规划[话题]# #考研管理类联考[话题]# #管理类考研[话题]# #管理类专硕[话题]# #管理类联考[话题]#,,1764314850000,1764635831000,6916eda6000000003702cf15,七哩香,https://sns-avatar-qc.xhscdn.com/avatar/07421685-61c7-344f-95c4-f87fe3633e7f,701,616,170,63,辽宁,"http://sns-webpic-qc.xhscdn.com/202512052004/6d93ee5d762f51bfd9b914f2e6c54835/1040g00831pe113a0is205q8mtmjdtjolg6el18g!nd_dft_wlteh_webp_3,http://sns-webpic-qc.xhscdn.com/202512052004/cb6d492ae4d250180adb6232760114f8/1040g00831pe113a0is005q8mtmjdtjolspof6k8!nd_dft_wlteh_webp_3,http://sns-webpic-qc.xhscdn.com/202512052004/7a816af51f2e86b9054be4bb2ade541a/1040g00831pe113a0is0g5q8mtmjdtjol6qivn40!nd_dft_wlteh_webp_3,http://sns-webpic-qc.xhscdn.com/202512052004/a82c3bd77d138b190807638fa87cc12f/1040g00831pe113a0is105q8mtmjdtjol79ojv7o!nd_dft_wlteh_webp_3,http://sns-webpic-qc.xhscdn.com/202512052004/1c68f35e7e838bf4b50969ceffdeaa18/1040g00831pe113a0is1g5q8mtmjdtjoltvqria0!nd_dft_wlteh_webp_3","考研,考研人,考研规划,考研管理类联考,管理类考研,管理类专硕,管理类联考",1764936262460,https://www.xiaohongshu.com/explore/69294ee2000000001e02d000?xsec_token=ABaY3SbIb3HkJpjitPATEutxBs7RLo9IT6QHN0orfeE2g=&xsec_source=pc_search,考研,ABaY3SbIb3HkJpjitPATEutxBs7RLo9IT6QHN0orfeE2g=
69183088000000000500136d,normal,11月15日，考研觉得来不及的参考下去年的,#考研备考攻略[话题]# #考研规划[话题]# #考研上岸经验[话题]# #考研政治[话题]# #政治[话题]# #考研初试[话题]# #考研复习[话题]# #考研经验分享[话题]# #考研时间安排[话题]# #准研究生必上岸[话题]# #考研英语[话题]# #考研加油[话题]# #研究生考试[话题]# #考研笔记[话题]# #考研过来人的避坑法则[话题]# #26考研[话题]# #时政热点[话题]#,,1763192968000,1763192969000,61f3caa70000000010009aab,山月栖,https://sns-avatar-qc.xhscdn.com/avatar/e3f4408e-dbf0-379d-9fd8-c47b850061eb,657,567,98,45,江西,"http://sns-webpic-qc.xhscdn.com/202512052004/2d6a681f697de49a29c342c9e405ad6a/1040g00831ota4fs3hq605ofjpajk16lb5e48e30!nd_dft_wlteh_webp_3,http://sns-webpic-qc.xhscdn.com/202512052004/a9e5abc723a5544a4a1ac3e60f5668c4/1040g00831ota4fs3hq405ofjpajk16lbq42897g!nd_dft_wlteh_webp_3,http://sns-webpic-qc.xhscdn.com/202512052004/e7fcb3144e6e0fd0fe212341fa8ba0de/1040g00831ota4fs3hq005ofjpajk16lb1mf9sio!nd_dft_wlteh_webp_3,http://sns-webpic-qc.xhscdn.com/202512052004/44cfd4ca9707f57b3dc2a5b4dd7c0c71/1040g00831ota4fs3hq5g5ofjpajk16lbu1i9r38!nd_dft_wlteh_webp_3,http://sns-webpic-qc.xhscdn.com/202512052004/fdfaddf8e32d0dc50e4c88cb59d7a847/1040g00831ota4fs3hq0g5ofjpajk16lbhq5f688!nd_dft_wlteh_webp_3,http://sns-webpic-qc.xhscdn.com/202512052004/e393aebb84aeef67bed49bce97962242/1040g00831ota4fs3hq105ofjpajk16lbv67s6sg!nd_dft_wlteh_webp_3,http://sns-webpic-qc.xhscdn.com/202512052004/394aeef2d37b90c316f55d6c9a85674b/1040g00831ota4fs3hq6g5ofjpajk16lb816hs7o!nd_dft_wlteh_webp_3,http://sns-webpic-qc.xhscdn.com/202512052004/995b9e4a97a9cee552d2165fe01ccf02/1040g00831ota4fs3hq2g5ofjpajk16lbvpjcc48!nd_dft_wlteh_webp_3,http://sns-webpic-qc.xhscdn.com/202512052004/5f9eb84fe0f0d237a677761ed5237e9e/1040g00831ota4fs3hq1g5ofjpajk16lbdqr17e8!nd_dft_wlteh_webp_3,http://sns-webpic-qc.xhscdn.com/202512052004/0e17bf2e8fb257e0ac171f1d541bbc6e/1040g00831ota4fs3hq505ofjpajk16lb23f7aho!nd_dft_wlteh_webp_3,http://sns-webpic-qc.xhscdn.com/202512052004/bf999ca061d47682fa623ab48e0434d0/1040g00831ota4fs3hq4g5ofjpajk16lbj4gp48o!nd_dft_wlteh_webp_3,http://sns-webpic-qc.xhscdn.com/202512052004/010a6365204d9d0e79ec2ccb94c3d786/1040g00831ota4fs3hq205ofjpajk16lba2e248o!nd_dft_wlteh_webp_3,http://sns-webpic-qc.xhscdn.com/202512052004/70e94bf1ca11ce40f1dea0a0acc17ade/1040g00831ota4fs3hq305ofjpajk16lbpd2tbio!nd_dft_wlteh_webp_3,http://sns-webpic-qc.xhscdn.com/202512052004/039ed394aefc00f5d96a318142f046b7/1040g00831ota4fs3hq3g5ofjpajk16lbotoqijg!nd_dft_wlteh_webp_3","考研备考攻略,考研规划,考研上岸经验,考研政治,政治,考研初试,考研复习,考研经验分享,考研时间安排,准研究生必上岸,考研英语,考研加油,研究生考试,考研笔记,考研过来人的避坑法则,26考研,时政热点",1764936262465,https://www.xiaohongshu.com/explore/69183088000000000500136d?xsec_token=ABmI26G2EpGsQQaXoXooaYRfy9I45Hxf5m1VTEf2nvUXM=&xsec_source=pc_search,考研,ABmI26G2EpGsQQaXoXooaYRfy9I45Hxf5m1VTEf2nvUXM=
6900deb50000000003020a13,normal,"两万块买来考研的教训坐在图书馆里，笔尖悬在真题上方，眼泪毫无征兆地滴落，在答题区晕开一片模糊的水痕。那一刻，我清楚地知道，自己为一次愚蠢的冲动付出了怎样的代价。
我的数学基础几乎从零开始，自制力也同样脆弱，短视频平台能轻易吞噬掉我整个下午。正因如此，当看到那家机构“保姆式教学”、“定制化方案”的宣传时，我仿佛抓住了救命稻草。咨询时，招生老师言辞恳切，承诺“最新内部讲义”、“资深教师团队”和“无忧退款保障”。我说服父母，近乎虔诚地汇出了那笔三万块的学费，以为这是通往梦想的门票。
现实却冰冷刺骨。
开课后才发","两万块买来考研的教训坐在图书馆里，笔尖悬在真题上方，眼泪毫无征兆地滴落，在答题区晕开一片模糊的水痕。那一刻，我清楚地知道，自己为一次愚蠢的冲动付出了怎样的代价。
我的数学基础几乎从零开始，自制力也同样脆弱，短视频平台能轻易吞噬掉我整个下午。正因如此，当看到那家机构“保姆式教学”、“定制化方案”的宣传时，我仿佛抓住了救命稻草。咨询时，招生老师言辞恳切，承诺“最新内部讲义”、“资深教师团队”和“无忧退款保障”。我说服父母，近乎虔诚地汇出了那笔三万块的学费，以为这是通往梦想的门票。
现实却冰冷刺骨。
开课后才发现，所谓的“最新讲义”早已过时两年，面对我的质疑，老师只是摆摆手：“核心内容都一样的。”更令人绝望的是师资的不稳定——一学期内竟换了三位老师，每位都需要重新适应，教学衔接支离破碎。课堂常常陷入尴尬的沉默，只有老师机械朗读幻灯片的声音。我曾以为的“定制化教学”，成了彻头彻尾的笑话。
承诺的“一对一辅导”同样形同虚设。提问需要排队等待，回复往往延迟数天，而答案通常是“这个考点不太重要，不用深究”。当我终于忍无可忍提出退课，机构的温情面具瞬间脱落。那份签署时未曾细读的协议，成了他们最坚固的盾牌——“未上课程可退”的条款下，藏着扣除30%费用的陷阱。对于我根本没上的课程，他们拿不出任何上课记录，却坚决不肯让步。半个多月的拉锯战耗尽了我的精力，最终只拿回五千多元，其余全部石沉大海。
更让我痛心的是被荒废的备考时光。当竞争对手已完成两轮复习时，我还在与水课和扯皮周旋。这场闹剧彻底击垮了我的心态，失眠和焦虑如影随形。最终，我不得不接受现实：今年的一战已经提前结束，一切必须从头再来。
#考研人的精神[话题]# #考研机构推荐[话题]# #考研咨询[话题]# #很担心考研人的精神状态[话题]# #考研经验分享[话题]#",,1761664693000,1763463307000,689aa23e000000002802caf0,困困😪,https://sns-avatar-qc.xhscdn.com/avatar/645b80521e6a57c3bdb8f301.jpg,648,267,234,123,湖北,http://sns-webpic-qc.xhscdn.com/202512052004/16636d0a68f8d5c33b8b0402f01051ce/1040g00831o6h9micmm5g5q4qk8va5ingp348dtg!nd_dft_wlteh_webp_3,"考研人的精神,考研机构推荐,考研咨询,很担心考研人的精神状态,考研经验分享",1764936262469,https://www.xiaohongshu.com/explore/6900deb50000000003020a13?xsec_token=ABYKcraXef_jrBoVuGKTWTRoOvL9mN5-AXL43--812e8k=&xsec_source=pc_search,考研,ABYKcraXef_jrBoVuGKTWTRoOvL9mN5-AXL43--812e8k=
68b6bce2000000001c00bded,normal,巨累，但可以3个月过考研（阳间作息）,"大家好呀，我是从双非一战考研上岸985的卷卷，主打一个疯狗式学习法，考不上不罢休！今天是9月2日，距离考研还剩109天。最近大家陆续开学了，很多同学问我，现在开始正式备考来得及吗？有的同学说感觉暑假被自己荒废掉了，自己差别人一大截，还有希望吗？我想说，当然来得及！当然能追上！当然能考上！如果还是想着三天打鱼两天晒网的话，我劝你就直接放弃，安心
去玩吧！真心想上岸的，一定要push自己一把。
接下来时间紧任务重，很多同学的备考进度基本为0，不知道如何入手，不知道如何合理安排学习计划。今天，我结合自身经验分享一下作息。
#考研[话题]# #26考研[话题]# #考研上岸经验[话题]# #考研经验分享[话题]# #考研经验[话题]# #考研备考攻略[话题]# #考研备考[话题]# #考研作息[话题]# #考研人[话题]#",,1756806370000,1756806370000,668d09780000000003033312,小红薯6905E6A8,https://sns-avatar-qc.xhscdn.com/avatar/645b7f6e338379fac1893093.jpg,641,568,5,42,,"http://sns-webpic-qc.xhscdn.com/202512052004/e66ed5a0356bc6392676c7709c47b38d/1040g00831lu4pir8l86g5pkd15s0ucoirmckau8!nd_dft_wlteh_webp_3,http://sns-webpic-qc.xhscdn.com/202512052004/706f2faf372e7a73d518a04069756b94/1040g00831lu4pir8l8605pkd15s0ucoi7vv4ae0!nd_dft_wlteh_webp_3,http://sns-webpic-qc.xhscdn.com/202512052004/9bfe0c1069e03f19b1f884d36f8b6733/1040g00831lu4pir8l8505pkd15s0ucoid9plgkg!nd_dft_wlteh_webp_3,http://sns-webpic-qc.xhscdn.com/202512052004/a99662695c8b52d8021b3be444bc44cf/1040g00831lu4pir8l8405pkd15s0ucoicuaa63g!nd_dft_wlteh_webp_3,http://sns-webpic-qc.xhscdn.com/202512052004/0c8dda0c2df0f7ef46e06c8e6f4961f8/1040g00831lu4pir8l8305pkd15s0ucoir98i628!nd_dft_wlteh_webp_3,http://sns-webpic-qc.xhscdn.com/202512052004/1525d3bd98ba720c10a158eb07db24c3/1040g00831lu4pir8l82g5pkd15s0ucoi2qdo6eg!nd_dft_wlteh_webp_3,http://sns-webpic-qc.xhscdn.com/202512052004/44511c2a41adb33a82bdc19f9c43f2e8/1040g00831lu4pir8l8205pkd15s0ucoisrj01o8!nd_dft_wlteh_webp_3,http://sns-webpic-qc.xhscdn.com/202512052004/5eec00bf4bbac66bdd32fc13d52fda75/1040g00831lu4pir8l83g5pkd15s0ucoibvu0ea0!nd_dft_wlteh_webp_3,http://sns-webpic-qc.xhscdn.com/202512052004/ac2e8c107e1a1d55f938a0ba0b7d4c9b/1040g00831lu4pir8l81g5pkd15s0ucoiacnho3g!nd_dft_wlteh_webp_3,http://sns-webpic-qc.xhscdn.com/202512052004/8b34237bbeca2c966d988f225945b278/1040g00831lu4pir8l8005pkd15s0ucoi8umv7h0!nd_dft_wlteh_webp_3,http://sns-webpic-qc.xhscdn.com/202512052004/d4064d21b375555e2104a287245b1c84/1040g00831lu4pir8l80g5pkd15s0ucoisqf7360!nd_dft_wlteh_webp_3","考研,26考研,考研上岸经验,考研经验分享,考研经验,考研备考攻略,考研备考,考研作息,考研人",1764936262473,https://www.xiaohongshu.com/explore/68b6bce2000000001c00bded?xsec_token=ABoJt2avHtqibbAjIykSzg-2yl1q-7FiRwZZUtgLoq3tE=&xsec_source=pc_search,考研,ABoJt2avHtqibbAjIykSzg-2yl1q-7FiRwZZUtgLoq3tE=
689c5816000000001c009912,normal,考研人没人能笑着度过8月😭,"大家好，我是从双非一战考研上岸985的卷卷。我的总分405分，英一81分。备考全程没报班，纯自学。现在回头看，备考这一年就像在黑屋子里洗衣服，你不知道洗干净没，只能一遍遍地洗，而8月就是那个让你怀疑“这衣服是不是永远洗不干净”的坎儿。今天不想聊知识点，就想掏心窝子跟大家唠唠考研路上的心态坎儿，8月的痛苦是正常的，都是考研人必经的修行。
8月是道坎，但谁不是一边崩溃一边爬。考研最磨人的从来不是学习本身，是心态。而8月，就是心态崩盘的高发期。8月为啥这么难？
[种草R]进度焦虑：别人好像都复习完两轮了，你一轮还没结束，打开小red书全是“8月规划：专业课必须过完3遍”，越看越慌。
[种草R]天气影响：夏天又热又闷，学10分钟汗流浃背，背书背到中暑是常事，身体一垮，心态更差。
[种草R]孤独感爆发：暑假留校的话，身边同学要么回家要么实习，图书馆里都是陌生面孔，晚上回宿舍想找人说说话都难。
大家可以看看上面的内容，希望大家能有一个好的备考心态，顺利上岸！
#考研[话题]# #26考研[话题]# #考研上岸经验[话题]# #考研人[话题]# #很担心考研人的精神状态[话题]# #考研备考[话题]# #考研经验分享[话题]# #考研经验[话题]#",,1755076630000,1755076630000,668d09780000000003033312,小红薯6905E6A8,https://sns-avatar-qc.xhscdn.com/avatar/645b7f6e338379fac1893093.jpg,628,241,66,45,,"http://sns-webpic-qc.xhscdn.com/202512052007/8304b2f8b4b761a00a0215490846f403/1040g00831l4bvrmpio4g5pkd15s0ucoilbiusrg!nd_dft_wlteh_webp_3,http://sns-webpic-qc.xhscdn.com/202512052007/c18398a9a7fb8a4d6cf7d609efd6e67b/1040g00831l4bvrmpio605pkd15s0ucoiaaljapo!nd_dft_wlteh_webp_3,http://sns-webpic-qc.xhscdn.com/202512052007/0592306591407833c60e275d379b9f68/1040g00831l4bvrmpio3g5pkd15s0ucoi9g4olf8!nd_dft_wlteh_webp_3,http://sns-webpic-qc.xhscdn.com/202512052007/67bd8f1a0c1320e312dcabfd78874056/1040g00831l4bvrmpio6g5pkd15s0ucoi97pns0g!nd_dft_wlteh_webp_3,http://sns-webpic-qc.xhscdn.com/202512052007/325030476d411d4f64350d0e1df03850/1040g00831l4bvrmpio305pkd15s0ucoiqold87o!nd_dft_wlteh_webp_3,http://sns-webpic-qc.xhscdn.com/202512052007/773ff7fe4e5e49979e524b71b86cf13a/1040g00831l4bvrmpio2g5pkd15s0ucoi4omm9v0!nd_dft_wlteh_webp_3,http://sns-webpic-qc.xhscdn.com/202512052007/dc41ee3badf6cd2c36111b17e4272afa/1040g00831l4bvrmpio5g5pkd15s0ucoira5m27o!nd_dft_wlteh_webp_3,http://sns-webpic-qc.xhscdn.com/202512052007/e29a5ed2c3edbe6ecfcf751d85c73922/1040g00831l4bvrmpio205pkd15s0ucoio4o9sj8!nd_dft_wlteh_webp_3","考研,26考研,考研上岸经验,考研人,很担心考研人的精神状态,考研备考,考研经验分享,考研经验",1764936490099,https://www.xiaohongshu.com/explore/689c5816000000001c009912?xsec_token=ABIWMXYaW6yljxT9F_igVqn4epHzRS8Q_ZnpdeWAZj95o=&xsec_source=pc_search,考研,ABIWMXYaW6yljxT9F_igVqn4epHzRS8Q_ZnpdeWAZj95o=
692035e0000000001b033073,normal,考研放弃,"其实已经是放弃了
但我会去考场。
从七月初开始疼痛，
十月末确诊腰间盘突出。
这期间我一直都吃药，输了十六天的液。
十一月初开始每天针灸吃药，每天扎针。
~~~~~~~~~
这次生病，让我觉得，人不是只有生死。
还有活的好不好，我不想再忍了。
“忍受读研三年，等待，再等三年我就会有好结果了。”
这种假设，我不想再假设了，我一天都不要等了，我等不了，我随时随地会死，或者瘫痪，或者像现在一样坐不了凳子。一切皆有可能。
我等不了了，我已经开始有老年病了。
我才21岁的身体。
这次考完，我就给自己一个结果。也没复习完啥，这其中有我的不自律，有我的身体原因，但都没关系了。这两年，就这样了。
~~~“成功了有结果，失败有经验”~~~~
其实这两年学到很多，心情崩溃又如何，我经历过的，都是有用的。下次再面临高压突发情况，我相信我会比这次做的更好。
而更准确的来讲，考研二战这半年，脱离学校，身体原因，感觉迎来了难得的休息期，虽然我去找工作是空窗期。但我得到了一个思考期，思考一些我该做什么，我想要什么，我与家人的关系如何。其实不止这些，也可以说是我爱胡思乱想，心乱如麻。但我觉得没什么的，我爱想，在不影响身体的情况下，多思考没坏处。但重点希望我执行力也能跟上。
我才刚刚21岁（但其实也快22了），我还年轻，犯错没什么的，用给我治疗的道医的说法，人活着这一辈子如果做的太好，下辈子就不是人了。
	
人要向内求，人要见自己，自己就是整个世界。2025.11.21.
------------
二编，2025.12.1
可能去不了考场了。
目前是腰间盘压迫神经性水肿，
考试两天下来很大概率会加重病情。
就算这20天内治好了，不疼了。
考完也有复发的风险，只会更痛。
没想到我的考研连想考完都做不到。
	
#二战考研[话题]# #考研不是唯一的出路[话题]# #考研带给我的人生变化[话题]# #好好生活皆如愿[话题]# #我的考研[话题]#",,1763718624000,1764600942000,63e3bcec000000002702b5a3,白雀七,https://sns-avatar-qc.xhscdn.com/avatar/1040g2jo31dkvnlg30k005ov3njm9tdd3tuco0r0,633,103,141,21,黑龙江,http://sns-webpic-qc.xhscdn.com/202512052007/f1593948b5b9728603a3781f8473395e/1040g2sg31p548av5jc2g5ov3njm9tdd33r256ug!nd_dft_wlteh_webp_3,"二战考研,考研不是唯一的出路,考研带给我的人生变化,好好生活皆如愿,我的考研",1764936490103,https://www.xiaohongshu.com/explore/692035e0000000001b033073?xsec_token=ABc6P7RxIEOjqMrXrEL6mLNiznAktzccVaV4uDwuIq7Hc=&xsec_source=pc_search,考研,ABc6P7RxIEOjqMrXrEL6mLNiznAktzccVaV4uDwuIq7Hc=
692ffcf6000000001e03403b,video,越是艰难处 越是修心时,#26考研[话题]# #考研[话题]# #考研上岸经验[话题]# #考研倒计时[话题]# #不要放弃下午四点[话题]# #备考[话题]# #考研准考证[话题]# #考研时间安排[话题]#,http://sns-video-bd.xhscdn.com/1040g2so31pkhg69nka0g5o4jt3vg8tadjf7hpvg,1764763288000,1764753069000,6093e8ff000000000100754d,山竹同学,https://sns-avatar-qc.xhscdn.com/avatar/1040g2jo317u85fa5k6005o4jt3vg8taddf45ce0,590,41,73,3,上海,http://sns-webpic-qc.xhscdn.com/202512052007/792ee061300e6187bd1d8c762edb5f3e/1040g00831pkhg6a84k005o4jt3vg8tad7mjrm30!nd_dft_wlteh_webp_3,"26考研,考研,考研上岸经验,考研倒计时,不要放弃下午四点,备考,考研准考证,考研时间安排",1764936490106,https://www.xiaohongshu.com/explore/692ffcf6000000001e03403b?xsec_token=ABdxrvuGA19he87I-O_idpkWYsVXXZL6HxVZNdsyjSgM0=&xsec_source=pc_search,考研,ABdxrvuGA19he87I-O_idpkWYsVXXZL6HxVZNdsyjSgM0=
68b9a192000000001b023145,video,其实考研的日子一点不苦 千金难换充实过头,其实考研的日子一点不苦 千金难换 充实的过头 不骄不躁 按部就班 我深知我学历二本再差也就这样 下定决心破釜沉舟 考研的日子 三点一线 六七点开机 早七晚十 中午教室楼道休息睡觉 吃饭的路上是单词充实时间 争分夺秒 那也是一段没人push 自主性到达顶峰的阶段 我想他为我读研养成习惯学习打下了坚实基础 没觉读研很累 学习📚是日常 按部就班 学不下去就换赛道 调整心态不内耗 不气馁 不妄自菲薄#考研精神状态[话题]# #考研备考[话题]# #二本考研[话题]##26考研[话题]# #考研人[话题]# #考研是留给有准备的人[话题]# #上岸[话题]# @薯店长 @小红书REDesign,http://sns-video-bd.xhscdn.com/ros-cn-sh/pre_post/1040g3vo31m0v2t2p5il05np3a1q0bqfuabuhg2g,1756995986000,1756996037000,5f235074000000000101e9fe,chivalry🐎（研二版）,https://sns-avatar-qc.xhscdn.com/avatar/643eb52f59d97ae2381fd7d3.jpg,583,82,1,4,,http://sns-webpic-qc.xhscdn.com/202512052007/99fe5fe7958d91d8d2212420bc100b71/1040g00831m0v2t2olm005np3a1q0bqfuc752ccg!nd_dft_wlteh_webp_3,"考研精神状态,考研备考,二本考研,26考研,考研人,考研是留给有准备的人,上岸",1764936490110,https://www.xiaohongshu.com/explore/68b9a192000000001b023145?xsec_token=ABtQeLC-m7hd_eRwhiHhdAMugMg6AREogjSyCtUum_ubs=&xsec_source=pc_search,考研,ABtQeLC-m7hd_eRwhiHhdAMugMg6AREogjSyCtUum_ubs=
6923ec15000000001e034cef,normal,26考研数学，去年压的挺准，快背,#26考研[话题]# #26考研数学[话题]# #考研数学压题密卷[话题]# #考研资料[话题]# #考研加油[话题]# #考研数二[话题]# #考研留给先有准备的人[话题]# #考研备考攻略[话题]# #考研复习[话题]# #研究生考试[话题]#,,1763961877000,1763961878000,61f3caa70000000010009aab,山月栖,https://sns-avatar-qc.xhscdn.com/avatar/e3f4408e-dbf0-379d-9fd8-c47b850061eb,581,447,420,50,江西,"http://sns-webpic-qc.xhscdn.com/202512052007/6ae4e9497f02e86867aef8a4447542c8/1040g00831p82p8d7ig0g5ofjpajk16lbj7so8sg!nd_dft_wlteh_webp_3,http://sns-webpic-qc.xhscdn.com/202512052007/20a481a60d1a6536227f81d65758375d/1040g2sg31p8oq1772s005ofjpajk16lbh2ca2so!nd_dft_wlteh_webp_3,http://sns-webpic-qc.xhscdn.com/202512052007/b56216612e76fa0b1c59a8c8a19f8bbd/1040g2sg31p8oq14s2g005ofjpajk16lb1in7n6o!nd_dft_wlteh_webp_3,http://sns-webpic-qc.xhscdn.com/202512052007/224bb665eff55cd4a2624a7a0bf63b73/1040g2sg31p8oq120io005ofjpajk16lb7tgunbg!nd_dft_wlteh_webp_3,http://sns-webpic-qc.xhscdn.com/202512052007/68fb5f71f1cde66967d36c14fb975f5b/1040g2sg31p8oq0vfio005ofjpajk16lbb9q8ib0!nd_dft_wlteh_webp_3,http://sns-webpic-qc.xhscdn.com/202512052007/e79a2f0a68cccedbf7078dfd5bd05ce8/1040g2sg31p8oq0s8iu005ofjpajk16lbbks5388!nd_dft_wlteh_webp_3,http://sns-webpic-qc.xhscdn.com/202512052007/e7b6299f3b2753f62bef8b593f6c3850/1040g2sg31p8oq0p72o005ofjpajk16lb1gqnqug!nd_dft_wlteh_webp_3,http://sns-webpic-qc.xhscdn.com/202512052007/d2e42bffc5b1a6ec9f0d25ba7ca9a33f/1040g2sg31p8oq0mb2o005ofjpajk16lbhdquejo!nd_dft_wlteh_webp_3,http://sns-webpic-qc.xhscdn.com/202512052007/778f6886d4ccb312a412a3dc5e66808c/1040g2sg31p8oq0jv2o005ofjpajk16lbo85iakg!nd_dft_wlteh_webp_3,http://sns-webpic-qc.xhscdn.com/202512052007/f8332c91a898766002887e1cd925af9f/1040g2sg31p8oq0hjio005ofjpajk16lbdh3hqj0!nd_dft_wlteh_webp_3,http://sns-webpic-qc.xhscdn.com/202512052007/c201573e71583cae16290565c30f09b2/1040g2sg31p8oq0chis005ofjpajk16lbr7ko2eg!nd_dft_wlteh_webp_3,http://sns-webpic-qc.xhscdn.com/202512052007/807ae035df820359c5b40df3b6c8974d/1040g2sg31p8oq09lis005ofjpajk16lbg44hoig!nd_dft_wlteh_webp_3","26考研,26考研数学,考研数学压题密卷,考研资料,考研加油,考研数二,考研留给先有准备的人,考研备考攻略,考研复习,研究生考试",1764936490113,https://www.xiaohongshu.com/explore/6923ec15000000001e034cef?xsec_token=AB--T1To4I7sRuDoAazL7GzPXCK3u-YlwpF40j5jpAcZY=&xsec_source=pc_search,考研,AB--T1To4I7sRuDoAazL7GzPXCK3u-YlwpF40j5jpAcZY=
6911c25800000000050029a8,normal,贡献一下，自己整理的考研小作文模板,"哈喽大家好，笨猫又来啦[斜眼R]
今天距离初试还剩40天，备考到冲刺阶段，作文真的不用死磕复杂句式！这份模板是我刷了近10年真题、拆解20+高分范文整理的，每段都有可替换句型和万能素材[赞R]
[一R]邀请信
[二R]建议信
[三R]感谢信
[四R]道歉信
没有生僻词，全是考研高频词汇，基础弱也能直接套，换个主题词就能用，快点背起来吧！
#考研经验分享[话题]# #英语作文模板[话题]# #英语写作[话题]# #考研英语作文[话题]# #考研上岸经验[话题]# #考研规划[话题]# #笔记分享[话题]# #作文[话题]#",,1762771544000,1762771545000,66695ba1000000000700579c,笨猫不笨,https://sns-avatar-qc.xhscdn.com/avatar/1040g2jo31nk626kk586g5pj9begholss08hcq50,570,519,2,57,江苏,"http://sns-webpic-qc.xhscdn.com/202512052007/7c00c40c6bebf1c2215be641bce66ccc/notes_pre_post/1040g3k031on16v1emg6g5pj9begholss7o5ugd0!nd_dft_wlteh_webp_3,http://sns-webpic-qc.xhscdn.com/202512052007/2cefcda53d4e0605ee835d5cfb97a736/notes_pre_post/1040g3k031on16v1emg605pj9begholssppr1n1o!nd_dft_wlteh_webp_3,http://sns-webpic-qc.xhscdn.com/202512052007/d8d0482ade673bb2b7925e8b3971dca8/notes_pre_post/1040g3k831on16vvkl8005pj9begholss3topj2o!nd_dft_wlteh_webp_3,http://sns-webpic-qc.xhscdn.com/202512052007/52a406c622b18d5fe59f1560c0ec44bb/notes_pre_post/1040g3k031on16v1emg305pj9begholssulrfrr8!nd_dft_wlteh_webp_3,http://sns-webpic-qc.xhscdn.com/202512052007/90fa5d717e265a3b429729b123858802/notes_pre_post/1040g3k031on16v1emg505pj9begholssco7959o!nd_dft_wlteh_webp_3,http://sns-webpic-qc.xhscdn.com/202512052007/06dacde5f7fc39f9280f74cdce739c68/notes_pre_post/1040g3k031on16vin6m005pj9begholssmf0nm00!nd_dft_wlteh_webp_3,http://sns-webpic-qc.xhscdn.com/202512052007/8e0df5e58b11bf43f2a123defcebf1af/notes_pre_post/1040g3k031on16v1emg5g5pj9begholsslo7aiu0!nd_dft_wlteh_webp_3,http://sns-webpic-qc.xhscdn.com/202512052007/1c36e91aeea796f78ce2cabb1baedc65/notes_pre_post/1040g3k031on16v5506005pj9begholssafml3kg!nd_dft_wlteh_webp_3","考研经验分享,英语作文模板,英语写作,考研英语作文,考研上岸经验,考研规划,笔记分享,作文",1764936490117,https://www.xiaohongshu.com/explore/6911c25800000000050029a8?xsec_token=AB4PQDurRNu1az4aRdelLdze9d9zZLQJCEZVsZn7v0ifA=&xsec_source=pc_search,考研,AB4PQDurRNu1az4aRdelLdze9d9zZLQJCEZVsZn7v0ifA=
69242764000000001e0157c1,normal,考研数学一，抓大放小（保过线分）,#26考研[话题]##考研数学一[话题]# #考研复习[话题]##考研数学[话题]# #研究生考试[话题]# #考研规划[话题]#   #数学一[话题]# #考研初试[话题]# #考研经验分享[话题]#  #数一[话题]#,,1763977060000,1763977060000,68e09d690000000031014c0e,叭叭不停,https://sns-avatar-qc.xhscdn.com/avatar/1040g2jo31p8hqqor26kg5q70jlksaj0ec2nejg0,558,557,238,41,海南,"http://sns-webpic-qc.xhscdn.com/202512052007/d499f8b78ee1507174af2a80cad1568e/1040g2sg31p900mmo2ckg5q70jlksaj0etg8dl6g!nd_dft_wlteh_webp_3,http://sns-webpic-qc.xhscdn.com/202512052007/856f4b55c6364945d70ae869b471bf47/1040g2sg31p900mmo2chg5q70jlksaj0elhneaio!nd_dft_wlteh_webp_3,http://sns-webpic-qc.xhscdn.com/202512052007/fd8675b468b5d1cee30835987fa8267d/1040g2sg31p900mmo2cig5q70jlksaj0etbsmc5g!nd_dft_wlteh_webp_3,http://sns-webpic-qc.xhscdn.com/202512052007/20b24040493f5929ec791485e17ecbb1/1040g2sg31p900mmo2ci05q70jlksaj0eo82tlmg!nd_dft_wlteh_webp_3,http://sns-webpic-qc.xhscdn.com/202512052007/85ca854790662c98560c6d993658419b/1040g2sg31p900mmo2ck05q70jlksaj0e9o4mcd0!nd_dft_wlteh_webp_3","26考研,考研数学一,考研复习,考研数学,研究生考试,考研规划,数学一,考研初试,考研经验分享,数一",1764936490120,https://www.xiaohongshu.com/explore/69242764000000001e0157c1?xsec_token=ABH2wC2t8bF_-ZFCUR1hZk3q4uvl3RwpwudG_HG8ARe0E=&xsec_source=pc_search,考研,ABH2wC2t8bF_-ZFCUR1hZk3q4uvl3RwpwudG_HG8ARe0E=
69283587000000000d03c0fc,normal,二战真的考不上了,"如题所示，我是真的考不上了，复习的很差劲，政治做了四套，第一套36另外四套31-32，英语只背了一遍单词写了十几年阅读真题，背了石雷鹏十篇小作文，大作文模板还没写，大小作文都没练过，专业课只过了一遍现在在第二遍，简答和论述还没有开始背，真题还没开，偏偏我还是跨考，根本不熟悉所在的领域，属于现在第二遍还在认书认知识点，因为高中是文科，而现在跨考的专业学生物化学，我以为自己可以在这几个月内把专业课啃下来，现在想想真是觉得当时想跨考的自己心比天高，眼高手低。
一想到考试就心慌心悸四肢发软，这个礼拜都没怎么学专业书，我很愧疚我不知道我在干嘛，我都想扇自己，我真的不该来考这个专业，但是我这样跟我妈妈讲，她说早就叫我去考公考编，我非要考研，我不知道怎么开口跟她们讲我现在连考场都不想上，荒废了四个月得到这样的结果，我的人生好失败。
还有就是，其实我和妈妈交流过我觉得自己考不上，她们除了让我试试之外，还想让我考完研接着考编，但是考完研考编就只剩两个多月，以我现在的状态我不认为自己可以继续学习，并且我也害怕再一次的失败，我可能无法承受，但是我又放不下最后一年应届生身份所可以考编的机会。我真是左右脑互搏。
其实我是辞掉了一份在我家人眼里很稳定的工作回家考研的，都是我的懒散和拖延造成了现在的结局，我一直沉浸在悔恨中，同时还包含了对未来的迷茫，我不知道我能去干什么，我很愧对于我的父母。
#跨专业考研[话题]# #二战考研[话题]# #学不下去一点[话题]# #考研人的心理状态[话题]#",,1764242823000,1764242823000,60c1b7e50000000001001f4e,小魚时节（学的想死版）,https://sns-avatar-qc.xhscdn.com/avatar/1040g2jo31ov612k51q6g5o61mvig87qer81jri8,598,279,164,29,江西,http://sns-webpic-qc.xhscdn.com/202512052007/5accc2401566e2270deb4cd450db3859/1040g00831pcufdkliu5g5o61mvig87qed9jh5j0!nd_dft_wlteh_webp_3,"跨专业考研,二战考研,学不下去一点,考研人的心理状态",1764936490124,https://www.xiaohongshu.com/explore/69283587000000000d03c0fc?xsec_token=ABPhPuuudNF6AdLLMSsktRX_C424RuFsFAUjDItX2jRVQ=&xsec_source=pc_search,考研,ABPhPuuudNF6AdLLMSsktRX_C424RuFsFAUjDItX2jRVQ=
692286c0000000001b031f7b,normal,26考研英语，去年压的挺准，看看今年咋样,#考研[话题]# #考研人[话题]# #研究生考试[话题]# #考研英语[话题]# #英语一[话题]# #考研规划[话题]# #考研英语长难句[话题]# #考研党[话题]# #英语阅读理解[话题]# #考研备考攻略[话题]#,,1763870400000,1763870401000,68d765400000000021019858,吣可阁,https://sns-avatar-qc.xhscdn.com/avatar/68dc8aa0e719c20001eb4694.jpg,526,392,121,38,山西,"http://sns-webpic-qc.xhscdn.com/202512052008/6df36498b55710f696fc9cd7efaa1704/1040g2sg31p699ivgioi05q6ncl08b62objgt7n0!nd_dft_wlteh_webp_3,http://sns-webpic-qc.xhscdn.com/202512052008/530a2a105ab64437383777c57f07511e/1040g00831p7d66o03c6g5q6ncl08b62o5dbve0o!nd_dft_wlteh_webp_3,http://sns-webpic-qc.xhscdn.com/202512052008/beb15f38f4ab4f083be6f2ac16ac1abd/1040g2sg31p699ivgioe05q6ncl08b62o0jscr38!nd_dft_wlteh_webp_3,http://sns-webpic-qc.xhscdn.com/202512052008/83a19399d58d38cff36fb8b5ad272aca/1040g2sg31p699ivgiohg5q6ncl08b62o9gblnkg!nd_dft_wlteh_webp_3,http://sns-webpic-qc.xhscdn.com/202512052008/b33180355614bca08d8d7a4b646cc1a8/1040g2sg31p699ivgioeg5q6ncl08b62o338hajo!nd_dft_wlteh_webp_3,http://sns-webpic-qc.xhscdn.com/202512052008/ae4a3cd16667921285c305000c721334/1040g2sg31p699ivgioh05q6ncl08b62orb8l410!nd_dft_wlteh_webp_3,http://sns-webpic-qc.xhscdn.com/202512052008/f46704aeccbf272ae18957283f134bb4/1040g2sg31p699ivgiof05q6ncl08b62ogsjmlr0!nd_dft_wlteh_webp_3,http://sns-webpic-qc.xhscdn.com/202512052008/17fd2a7b59e9154f32289b3bf28ce49c/1040g2sg31p699ivgioj05q6ncl08b62o6pk09jg!nd_dft_wlteh_webp_3,http://sns-webpic-qc.xhscdn.com/202512052008/cdbe9a2d014a9fe4efe6135789c25535/1040g2sg31p699ivgiofg5q6ncl08b62ou133gr0!nd_dft_wlteh_webp_3,http://sns-webpic-qc.xhscdn.com/202512052008/b548d8cff583295c87dfa377696be1d8/1040g2sg31p699ivgiok05q6ncl08b62oitlmkmo!nd_dft_wlteh_webp_3,http://sns-webpic-qc.xhscdn.com/202512052008/791cdbc67a6d8e45a6713fee5916c15e/1040g2sg31p699ivgiog05q6ncl08b62oe4qujc8!nd_dft_wlteh_webp_3,http://sns-webpic-qc.xhscdn.com/202512052008/2147b78274fc788df5856b07b91aff84/1040g2sg31p699ivgiogg5q6ncl08b62ol38pmdo!nd_dft_wlteh_webp_3","考研,考研人,研究生考试,考研英语,英语一,考研规划,考研英语长难句,考研党,英语阅读理解,考研备考攻略",1764936490127,https://www.xiaohongshu.com/explore/692286c0000000001b031f7b?xsec_token=ABTLwC8cAFf-c7fp5LN4kQaWz44oyOcz7Yy1WbdV47KqQ=&xsec_source=pc_search,考研,ABTLwC8cAFf-c7fp5LN4kQaWz44oyOcz7Yy1WbdV47KqQ=
6930fd52000000000d03f9ff,video,肖老+腿姐+徐涛都说需要特别关注：陈云🔥,"重要人物：陈云，重中之重！
26考研政治最后阶段，刷模拟卷性价比最高！刷完肖四肖八，再刷徐涛核心模拟卷、徐 3、腿 8+4、米 6 保持题感，还能提升蒙题正确率，不用买实体书，直接在小橙🍊序【研兔刷题】刷，主流押题卷都有，错题一键回顾超高效！
#考研政治[话题]# #26考研[话题]# #腿姐[话题]# #考研政治徐涛[话题]# #肖秀荣[话题]##大学生活分享篇[话题]# #考研经验[话题]# #考研押题[话题]# #肖四[话题]# #考研政治押题[话题]#",http://sns-video-bd.xhscdn.com/pre_post/1040g0cg31plh2hn44ml05o6gg3o085rfps3ms6g,1764818258000,1764818258000,60d080f0000000000100176f,考研兔,https://sns-avatar-qc.xhscdn.com/avatar/1040g2jo31nl8ufdbl8005o6gg3o085rfsetgv8g,540,460,5,41,广东,http://sns-webpic-qc.xhscdn.com/202512052008/419f90624a6e0c22ccb99a978a7a761a/1040g2sg31plh2hnr4ke05o6gg3o085rfu4aerk0!nd_dft_wlteh_webp_3,"考研政治,26考研,腿姐,考研政治徐涛,肖秀荣,大学生活分享篇,考研经验,考研押题,肖四,考研政治押题",1764936490131,https://www.xiaohongshu.com/explore/6930fd52000000000d03f9ff?xsec_token=ABf-6T74d-wKVbwD-tW7pg23xbQJm4iIwaC8uRuzXpVzE=&xsec_source=pc_search,考研,ABf-6T74d-wKVbwD-tW7pg23xbQJm4iIwaC8uRuzXpVzE=
6926c0ff000000001d03cbc4,normal,考研数学，抓大放小（保过线版）,#考研数学[话题]##26考研[话题]# #数一[话题]# #数学一[话题]#  #考研复习[话题]##考研数学一[话题]#  #考研经验分享[话题]##考研初试[话题]# #考研规划[话题]##考研数学二[话题]#,,1764147455000,1764147456000,68e09d690000000031014c0e,叭叭不停,https://sns-avatar-qc.xhscdn.com/avatar/1040g2jo31p8hqqor26kg5q70jlksaj0ec2nejg0,507,345,191,20,海南,"http://sns-webpic-qc.xhscdn.com/202512052008/c5decc93f56cddddd30c62160aef5042/1040g00831pa8ttq3260g5q70jlksaj0eknc1hgo!nd_dft_wlteh_webp_3,http://sns-webpic-qc.xhscdn.com/202512052008/138f6c03f6ff04389344101a1bc86a59/1040g00831pa8ttq326205q70jlksaj0eui9fj0o!nd_dft_wlteh_webp_3,http://sns-webpic-qc.xhscdn.com/202512052008/1ff4999c0a2427676d1bc6b06d4f4426/1040g00831pbh9n72ic2g5q70jlksaj0eguvf480!nd_dft_wlteh_webp_3,http://sns-webpic-qc.xhscdn.com/202512052008/45a9f660ec64253b00519e50eced7a7d/1040g00831pbh9n72ic6g5q70jlksaj0en13qtq8!nd_dft_wlteh_webp_3,http://sns-webpic-qc.xhscdn.com/202512052008/2cecaf8e4811050451d897b41445fcf9/1040g2sg31pbh9n5di4k05q70jlksaj0e2r5bh90!nd_dft_wlteh_webp_3","考研数学,26考研,数一,数学一,考研复习,考研数学一,考研经验分享,考研初试,考研规划,考研数学二",1764936490134,https://www.xiaohongshu.com/explore/6926c0ff000000001d03cbc4?xsec_token=ABFDZrC5whWFyQ4vHkP4PP7OIOeFS-l1QbHk67qb80ikk=&xsec_source=pc_search,考研,ABFDZrC5whWFyQ4vHkP4PP7OIOeFS-l1QbHk67qb80ikk=
691d122e000000001e00c0c8,normal,12.20管综199，无非就这6套卷，直接背就完了,#管综[话题]# #管综数学[话题]# #管综写作[话题]# #管综逻辑[话题]# #199管综[话题]# #管综199[话题]# #管综199联考[话题]# #199管综数学[话题]# #199管综考研[话题]# #在职MBA[话题]#,,1763512878000,1763512878000,68470fc2000000001d0151dc,青青子爱学习,https://sns-avatar-qc.xhscdn.com/avatar/1040g2jo31k0890i8k8005q271v17akes6ggevso,504,627,276,122,广东,"http://sns-webpic-qc.xhscdn.com/202512052008/5cfde3ef7006e4fa45a1d0edd9c60d1b/1040g00831p1a6sjg26405q271v17akeshpor4n8!nd_dft_wlteh_webp_3,http://sns-webpic-qc.xhscdn.com/202512052008/61f90b4e282d342d9577167bd288f46c/1040g00831p1a6sjg264g5q271v17akestgqrjcg!nd_dft_wlteh_webp_3,http://sns-webpic-qc.xhscdn.com/202512052008/00389e348554ef42957dd38cc9cadfc2/1040g00831p1a6sjg265g5q271v17akespdfqfn8!nd_dft_wlteh_webp_3,http://sns-webpic-qc.xhscdn.com/202512052008/1d643102dd5b48a3c12bd62ce9f85b6d/1040g00831p1a6sjg263g5q271v17akesjuiifno!nd_dft_wlteh_webp_3,http://sns-webpic-qc.xhscdn.com/202512052008/25876b2ea30dcceadfb79d1da1ad02a7/1040g00831p22mql528005q271v17akes2vcfb6g!nd_dft_wlteh_webp_3,http://sns-webpic-qc.xhscdn.com/202512052008/d15fb0b4317b6fb1aa15d99d3e7e62f4/1040g00831p1a6sjg266g5q271v17akesb5hvr08!nd_dft_wlteh_webp_3,http://sns-webpic-qc.xhscdn.com/202512052008/37ac4f961082ccc32ad8d99ebbd690f5/1040g00831p1a6sjg26605q271v17akesq8ibir8!nd_dft_wlteh_webp_3,http://sns-webpic-qc.xhscdn.com/202512052008/df3a9dad413531e768fcdd30d210974a/1040g00831p1a6sjg26505q271v17akes35bif1g!nd_dft_wlteh_webp_3,http://sns-webpic-qc.xhscdn.com/202512052008/6f7e575e908e2be99991b2fb6e6396b8/1040g00831p22mql528105q271v17akes7mdqjd0!nd_dft_wlteh_webp_3,http://sns-webpic-qc.xhscdn.com/202512052008/7d4844791a17a2f2bc1a14a0d09ca545/1040g00831p22mql5280g5q271v17akesuui7ns0!nd_dft_wlteh_webp_3","管综,管综数学,管综写作,管综逻辑,199管综,管综199,管综199联考,199管综数学,199管综考研,在职MBA",1764936490138,https://www.xiaohongshu.com/explore/691d122e000000001e00c0c8?xsec_token=AB19r4q9t2nJNN21bUIKZXEW2417vbmPhWZOMC_IRCgZw=&xsec_source=pc_search,考研,AB19r4q9t2nJNN21bUIKZXEW2417vbmPhWZOMC_IRCgZw=
6931854d000000001e015ca7,video,你所执着的努力成就更好的你,"最后冲刺了
黎明前的黑暗永远值得留恋
希望你可以沉住气
此战成硕！
#26考研[话题]# #努力永远都不晚[话题]# #励志语录[话题]# #你走的每一步都算数[话题]#",http://sns-video-bd.xhscdn.com/1040g2so31pm1mkfk3qe04bs1h30jlbkg4nircj0,1764853069000,1764853069000,5bf2413ae2b930000105ae90,oo雪顶气泡oo,https://sns-avatar-qc.xhscdn.com/avatar/1040g2jo31p7si3cu26004bs1h30jlbkg5861ie8,544,195,4,3,陕西,http://sns-webpic-qc.xhscdn.com/202512052008/e0ed6788f0e6edf7cc4e0291cef2ac54/1040g00831pm1mkfkl0004bs1h30jlbkg6q99a0g!nd_dft_wlteh_webp_3,"26考研,努力永远都不晚,励志语录,你走的每一步都算数",1764936490141,https://www.xiaohongshu.com/explore/6931854d000000001e015ca7?xsec_token=AB31GMfckohqs4qcL1_RmZKW91X6GxDPbulu3w1Qpg21Y=&xsec_source=pc_search,考研,AB31GMfckohqs4qcL1_RmZKW91X6GxDPbulu3w1Qpg21Y=
69318a80000000001e00224f,video,《两个毫不动摇》腿姐答题模板,#考研政治[话题]# #考研政治腿姐[话题]# #26考研[话题]# #腿姐[话题]# #考研[话题]# #考公[话题]#,http://sns-video-bd.xhscdn.com/1040g2so31pltpnu44scg5neja7jg87q7s993ang,1764854400000,1764854401000,5dd351e70000000001001f47,腿姐大弟子,https://sns-avatar-qc.xhscdn.com/avatar/6707da52714c9431a4325bcd.jpg,507,253,3,13,北京,http://sns-webpic-qc.xhscdn.com/202512052008/28940c9487cbe65d4fa3a4f50263b473/1040g2sg31pltprocjv005neja7jg87q7s7rnq6g!nd_dft_wlteh_webp_3,"考研政治,考研政治腿姐,26考研,腿姐,考研,考公",1764936490145,https://www.xiaohongshu.com/explore/69318a80000000001e00224f?xsec_token=AB31GMfckohqs4qcL1_RmZKb9CcCmSn-scrUhpU-KsHnA=&xsec_source=pc_search,考研,AB31GMfckohqs4qcL1_RmZKb9CcCmSn-scrUhpU-KsHnA=
692ceacd000000001e000109,normal,专业课是背了就忘的，政治刚刚开始背，感觉肯定考不上了，还要继续坚持吗[叹气R]#考研[话题]# #生物学考研[话题]# #考研倒计时[话题]#,专业课是背了就忘的，政治刚刚开始背，感觉肯定考不上了，还要继续坚持吗[叹气R]#考研[话题]# #生物学考研[话题]# #考研倒计时[话题]#,,1764551373000,1764551374000,62a352a8000000001b02b7f9,竹竹,https://sns-avatar-qc.xhscdn.com/avatar/1040g2jo316uueeb80m005ol3aak6tdvpmc9bsvo,498,290,153,26,安徽,http://sns-webpic-qc.xhscdn.com/202512052008/d16ac19e9e67ad472fb02e16b5b816f2/1040g2sg31phhmuso2a005ol3aak6tdvpf6u90n8!nd_dft_wlteh_webp_3,"考研,生物学考研,考研倒计时",1764936490148,https://www.xiaohongshu.com/explore/692ceacd000000001e000109?xsec_token=AB3pw5HPgKU69T9KztkZxERRNaykORMOUx2oVH_xYRJQc=&xsec_source=pc_search,考研,AB3pw5HPgKU69T9KztkZxERRNaykORMOUx2oVH_xYRJQc=
692fda10000000001e02dff0,normal,近5年考研英语二试题难度分析以及未来展,"近5年考研英语二试题难度分析以及对2026考研英语二的趋势展望[棒R][棒R][棒R]
2021年考研英语二 这一年的英语二第一篇有点难再培训词汇量大，话题比较晦涩。但是其他几篇还好，中规中矩。新题型也比较友好，属于英语二里面常规出题。
	
2022年考研英语二 第一篇气候友好型鸡蛋又偏难，语言比较晦涩。其他几篇中规中矩。完型有点小绕，新题型也还好。
	
2023年考研英语二 这一年的考研英语二出题比较常规。作文其实当时有老师押中了。四篇阅读相对来说都比较常规，新题型也稳定在送分。唯一有点难度的是完型，这一年的完型相对来说，对词汇的要求度比较高。
	
2024年考研英语二 这一年的考研英语二首先从阅读方面来看，难度已经上升了。阅读的第一篇讲的是AI，但是有些题目已经是要通过上下文来做不是，看某一段来选出题，风格有点偏向英语一。还有研发适合老年人汽车的那道题也属于比较绕。完型也让大家做的不是很轻松，平时英语二大家得8分这一年的完形如果你不仔细读三遍，可能只能拿到6分。新题型出的是匹配题，但是这一年的匹配题出现了很多难的单词，选项中进行了同义替换和改写，需要你词汇量很大才能选出来。
	
2025年考研英语二 有些难度，有些选项让人模棱两可。但整体上来看和24年保持了一致，并没有难度越深。相对于2025年英语一来说算是符合考研英语的主流难度。这张卷子其实出的还算行，有一定的区分度，但也没有说难的让你下不了笔。新题型中规中矩，翻译有点难。小作文有点整花火，有点像英语一。大作文还好，常规英语二大作文。
	
从历年考研英语二的趋势来看，英语二比较稳定成熟。今年难度依旧是24和25的难度。完形填空的话难度会达到中等，新题型会送点分。翻译会中规中矩。阅读难度和24，25一样，有两三个题比较模棱两可。小作文比较爱整花活，大作文今年应该大概率还是考察常规的图表作文，明年不好说，因为大纲上面出现的东西必定会考察，必定会进行改革。所以考英语二的同学务必要上岸，否则明年风险很大。
最后十几天，加油！
#考研英语[话题]# #考研英语作文[话题]# #考研初试[话题]# #考研英语二[话题]# #考研英语阅读[话题]# #考研时间安排[话题]# #考研备考攻略[话题]# #考研经验分享[话题]# #唐迟[话题]# #刘晓燕[话题]#",,1764743696000,1764743697000,6675755b000000000d027af1,不知道叫啥,https://sns-avatar-qc.xhscdn.com/avatar/1040g2jo31pkrb1ngkm6g5pjleldjcunh3gsnb1g,484,192,46,38,湖北,"http://sns-webpic-qc.xhscdn.com/202512052008/a6e85fa038735000d3958df5f82be605/1040g2sg31pkdiep34gc05pjleldjcunhm4rmk9o!nd_dft_wlteh_webp_3,http://sns-webpic-qc.xhscdn.com/202512052008/f127c936eb6991e355ada639f0eb6500/1040g2sg31pkdiep34gbg5pjleldjcunhtvda3k0!nd_dft_wlteh_webp_3,http://sns-webpic-qc.xhscdn.com/202512052008/7f80f4dc89c0dadf1eb5d1d01a86caf4/1040g2sg31pkdiep34g705pjleldjcunh1p9r3io!nd_dft_wlteh_webp_3,http://sns-webpic-qc.xhscdn.com/202512052008/94bfb9e121e58e26ca6f375e425dad9d/1040g2sg31pkdiep34gd05pjleldjcunhamar5i0!nd_dft_wlteh_webp_3","考研英语,考研英语作文,考研初试,考研英语二,考研英语阅读,考研时间安排,考研备考攻略,考研经验分享,唐迟,刘晓燕",1764936490152,https://www.xiaohongshu.com/explore/692fda10000000001e02dff0?xsec_token=ABdxrvuGA19he87I-O_idpkX89AAwwFZTDowLBsF7O1ak=&xsec_source=pc_search,考研,ABdxrvuGA19he87I-O_idpkX89AAwwFZTDowLBsF7O1ak=
6912b181000000000301a925,normal,距离26考研还有39天了大家还休息吗[哭惹R][哭惹R][哭惹R] 多长时间休息一次合理呢#考研倒计时[话题]# #考研时间安排[话题]#,距离26考研还有39天了大家还休息吗[哭惹R][哭惹R][哭惹R] 多长时间休息一次合理呢#考研倒计时[话题]# #考研时间安排[话题]#,,1762832769000,1762832769000,5f008e7500000000010030b2,今天吃什么好,https://sns-avatar-qc.xhscdn.com/avatar/1040g2jo31ftabila0g5g5no0hpqg8c5ivpepqd8,468,131,477,34,河北,http://sns-webpic-qc.xhscdn.com/202512052008/d5667806ad6062395e9c98e59a486115/1040g2sg31onucsj0g6dg5no0hpqg8c5ihcqtafg!nd_dft_wlteh_webp_3,"考研倒计时,考研时间安排",1764936490155,https://www.xiaohongshu.com/explore/6912b181000000000301a925?xsec_token=AB0kcjoH3M_IJ5cqkpSG0QlE8OoIx6TGbeA2W1EzsTF2A=&xsec_source=pc_search,考研,AB0kcjoH3M_IJ5cqkpSG0QlE8OoIx6TGbeA2W1EzsTF2A=
69129e440000000004017b03,normal,目前大三，想考研，自律性一般，应该选择报班还是买网课自学，求求兄弟姐妹们的建议[哇R],目前大三，想考研，自律性一般，应该选择报班还是买网课自学，求求兄弟姐妹们的建议[哇R],,1762827844000,1762827844000,60bc564d000000000101e2b9,小羊咩hie～,https://sns-avatar-qc.xhscdn.com/avatar/1040g2jo30p90258c3s605o5sap6gbolp0gqf450,464,318,272,61,贵州,http://sns-webpic-qc.xhscdn.com/202512052008/7b97420efff0ed136404f85b2b997dad/1040g2sg31onqa8fe0g305o5sap6gbolpij4fo58!nd_dft_wlteh_webp_3,,1764936490159,https://www.xiaohongshu.com/explore/69129e440000000004017b03?xsec_token=AB0kcjoH3M_IJ5cqkpSG0QlHOv3FD793C6c8Re4pO3_Mk=&xsec_source=pc_search,考研,AB0kcjoH3M_IJ5cqkpSG0QlHOv3FD793C6c8Re4pO3_Mk=
69291851000000001e007495,normal,中综考研，抓大放小（保过线分）,#中综复习[话题]##307中综[话题]##中医考研[话题]##中综[话题]#  #中医综合[话题]#  #中综考研[话题]#  #中医综合考研[话题]# #307中医综合[话题]##中医综合307[话题]##极限考研[话题]#,,1764300881000,1764300881000,68e09d690000000031014c0e,叭叭不停,https://sns-avatar-qc.xhscdn.com/avatar/1040g2jo31p8hqqor26kg5q70jlksaj0ec2nejg0,485,357,306,18,海南,"http://sns-webpic-qc.xhscdn.com/202512052008/08c9df773cbe6c5ea29f24067a63d7d4/1040g2sg31pdo0m67icf05q70jlksaj0e1mhvq80!nd_dft_wlteh_webp_3,http://sns-webpic-qc.xhscdn.com/202512052008/86a9887ae93a11b5eac606b324050936/1040g2sg31pdo0m67ichg5q70jlksaj0ejdv5b38!nd_dft_wlteh_webp_3,http://sns-webpic-qc.xhscdn.com/202512052008/96f08524954e2a0434dbe627a1198ab2/1040g2sg31pdo0m67icgg5q70jlksaj0eoto130o!nd_dft_wlteh_webp_3,http://sns-webpic-qc.xhscdn.com/202512052008/9d02586ee03a1fc455460c396da20575/1040g2sg31pdo0m67icig5q70jlksaj0efi6baug!nd_dft_wlteh_webp_3","中综复习,307中综,中医考研,中综,中医综合,中综考研,中医综合考研,307中医综合,中医综合307,极限考研",1764936490162,https://www.xiaohongshu.com/explore/69291851000000001e007495?xsec_token=ABaY3SbIb3HkJpjitPATEut_rX3fTVBOfTbd13drYuPok=&xsec_source=pc_search,考研,ABaY3SbIb3HkJpjitPATEut_rX3fTVBOfTbd13drYuPok=
692f0b4a000000001b033837,normal,12.20考研英语，玩呗！反正重复率89%,#26考研[话题]# #考研英语[话题]# #考研复习[话题]# #研究生考试[话题]# #考研英语单词[话题]# #考研英语阅读[话题]# #考研英语备考[话题]# #考研英语写作[话题]# #考研备考[话题]# #考研英语资料[话题]#,,1764690762000,1764690763000,68ad5b70000000001a02735e,月倾浅,https://sns-avatar-qc.xhscdn.com/avatar/87afe09f-6c57-324f-8198-678fcda4100a,462,376,222,49,江西,"http://sns-webpic-qc.xhscdn.com/202512052008/92b26643a0659b2ccd0f14c4615c705f/notes_pre_post/1040g3k031pjkbtah4o605q5dbdo6ksquhj63kbg!nd_dft_wlteh_webp_3,http://sns-webpic-qc.xhscdn.com/202512052008/1d1690f3c5828806d6df83cfc031db1a/notes_pre_post/1040g3k031pjkbtg54k6g5q5dbdo6ksqu73s42mo!nd_dft_wlteh_webp_3,http://sns-webpic-qc.xhscdn.com/202512052008/ad3c094afdcbce90f0d862c92eb66086/notes_pre_post/1040g3k831pjkbtg2kad05q5dbdo6ksqu846mpl0!nd_dft_wlteh_webp_3,http://sns-webpic-qc.xhscdn.com/202512052008/6380db3f7c2890ba915b6b2f3feeb87b/notes_pre_post/1040g3k831pjkbtg1koa05q5dbdo6ksqurh59f2g!nd_dft_wlteh_webp_3,http://sns-webpic-qc.xhscdn.com/202512052008/6e1881030c56e6e2e0137016744a7928/notes_pre_post/1040g3k031pjkbtfu4m605q5dbdo6ksqugvetk5o!nd_dft_wlteh_webp_3,http://sns-webpic-qc.xhscdn.com/202512052008/df045431e451255b604a5be45ae53f08/notes_pre_post/1040g3k831pjkbtddkodg5q5dbdo6ksqurcohn1g!nd_dft_wlteh_webp_3,http://sns-webpic-qc.xhscdn.com/202512052008/bb99e98741d3e05b7fcf5407cd097787/notes_pre_post/1040g3k831pjkbtbm4kd05q5dbdo6ksqu7i7e1a8!nd_dft_wlteh_webp_3,http://sns-webpic-qc.xhscdn.com/202512052008/b843ca29ad7de7ba11556219e87ebf8f/notes_pre_post/1040g3k831pjkbtau4odg5q5dbdo6ksquj1h227o!nd_dft_wlteh_webp_3,http://sns-webpic-qc.xhscdn.com/202512052008/5a4b015a763ecb972c3593ee56991938/notes_pre_post/1040g3k831pjkbtar4od05q5dbdo6ksqur6kci90!nd_dft_wlteh_webp_3,http://sns-webpic-qc.xhscdn.com/202512052008/045e9e213fe25854830ddacabe270ad9/notes_pre_post/1040g3k831pjkbtar4k605q5dbdo6ksquoim01s0!nd_dft_wlteh_webp_3","26考研,考研英语,考研复习,研究生考试,考研英语单词,考研英语阅读,考研英语备考,考研英语写作,考研备考,考研英语资料",1764936490166,https://www.xiaohongshu.com/explore/692f0b4a000000001b033837?xsec_token=ABdxrvuGA19he87I-O_idpkd7WBYTt7IIfrWMEF6u96Zk=&xsec_source=pc_search,考研,ABdxrvuGA19he87I-O_idpkd7WBYTt7IIfrWMEF6u96Zk=
6678335d000000001d017d5c,normal,亲测暑假玩命学顶别人一年,"暑假开始准备来得及
前提要玩命学
如果你可以
请跟我一起从暑假翻身逆袭⬇️
	
🕒作息时间表：
	
【上午】
7:00—7:20 起床洗漱➕早饭
7:20—8:00背单词➕长难句打卡
8:00—10:30 听政治强化课/完成课堂作业
10:40—12:00 背专业课一
【中午】
12:00—12:30吃饭
12:30—13:00放空
13:00—13:30睡觉
【下午】
13:40—14:20做两篇阅读
14:20—15:30看阅读真题解析
15:40—17:00背专业课二
17:00–17:30复盘前一天内容
17:30–18:30吃饭➕电话时间📞
【晚上】
18:30–19:10 洗漱➕冲澡🚿
19:10–19:40 做题
19:50—22:30 专业课 背就完了
22:30—23:00写明日背诵计划➕今天复盘
23:00😴😴
	
🚩暑假到考前任务：
	
1️⃣暑假：
	
【专业课】：用最后一页模版背，每天背10页。
复盘：6+1六天新内容，周天复盘本周内容。第二天抽半小时重看第一天内容。效果会很好！
	
【政治】：集中上完强化课，开始做1000题和刷题计划。做之前复盘笔记📝+思维导图，上完一节做前一节课的题，做完及时复盘。
	
【英语】：每天背150词+2阅读+翻译长难句。
	
2️⃣9-10月：
	
【专业课】：2轮背诵，用模版默写复盘。
英语：每天2篇阅读，看周思成老师小作文课。每天背150词+2阅读+翻译长难句
	
【政治】：上技巧班+做题，每天跟腿姐带背，看背诵手册。（先不管大题）
	
3️⃣11–12月：
	
【专业课】：买答题纸练排版，每天默写练手感。
	
【英语】：选一周练小三门，看周思成老师大作文课。
	
【政治】：做模拟题，看腿姐冲刺押题课，把9页纸背烂！
	
既然在这里遇到就和茹茹一起走下去吧～[爱心R]
之后分享更多宝藏
跟宝贝们一起420+
	
#考研[话题]# #考研经验分享[话题]# #考研打卡[话题]#",,1719153501000,1719301208000,5e82a1f300000000010039c6,茹茹爱学习,https://sns-avatar-qc.xhscdn.com/avatar/1000g2jo2qsmri94ji00g5nk2k7pg8ee6h1debe0,4.9万,2.1万,940,1311,,"http://sns-webpic-qc.xhscdn.com/202512022220/07be29a37c5999a92c0e8b7849bee528/1040g2sg314d2geig6k705nk2k7pg8ee603mgu6g!nd_dft_wlteh_webp_3,http://sns-webpic-qc.xhscdn.com/202512022220/e19fdde24e64bfc8f4b6587886467ede/1040g2sg314d2geig6k7g5nk2k7pg8ee6tjlcf6o!nd_dft_wlteh_webp_3,http://sns-webpic-qc.xhscdn.com/202512022220/c0b6290b641e96bffa17dc74302b0edc/1040g2sg314d2geig6k805nk2k7pg8ee6b2selto!nd_dft_wlteh_webp_3,http://sns-webpic-qc.xhscdn.com/202512022220/375a74a68ff58fe4c5d3bc1b61c8f95e/1040g2sg314d2geig6k8g5nk2k7pg8ee6pkk196g!nd_dft_wlteh_webp_3,http://sns-webpic-qc.xhscdn.com/202512022220/943f0e3525f7b31f204610d1ea86ff4a/1040g2sg314d2geig6k905nk2k7pg8ee6qhaoe88!nd_dft_wlteh_webp_3,http://sns-webpic-qc.xhscdn.com/202512022220/e424b9ef54437c60240bf7c6b60ae977/1040g2sg314d2geig6k9g5nk2k7pg8ee6et53vo0!nd_dft_wgth_webp_3,http://sns-webpic-qc.xhscdn.com/202512022220/633a8d9d0827b5957ef51a20412038a9/1040g2sg314d2geig6ka05nk2k7pg8ee6rnlu9jo!nd_dft_wlteh_webp_3","考研,考研经验分享,考研打卡",1764685260325,https://www.xiaohongshu.com/explore/6678335d000000001d017d5c?xsec_token=ABTjjgWQUVh6XVsylI9I_-trr5medUPwCX59gR18c9ivI=&xsec_source=pc_search,考研,ABTjjgWQUVh6XVsylI9I_-trr5medUPwCX59gR18c9ivI=
68f1b8d00000000004013959,normal,少听别人说，自己做决定。,"标题起得有点太大奥。
	
1，我读了一个很普通的三本，被英语专业录取。那会儿老师不让我复读他说浪费时间，大专实际，更快赚钱。其实是他认为我没有升本的潜力吧。当我拿到录取通知书的时候我记得他的表情，几分笑，几分不可思议。他押的几个好学生落榜了。
	
2，我考了一个985院校的口译硕士。是我们本科学校可以说有史以来为数不多的，甚至第一人。（我们学校原来是大专，后来升成三本，导师劝我也是有点子道理的）导师宣讲考研的时候，也劝过“有些学生不要好高骛远，要从实际出发，要多跟往届学姐学长取经，多拿一手资料。” 我也不听劝，不报考研政治考研英语课，自己网上搜索我想去的学校，评估自己的实力，长处，短板。锁定目标以后每天看该校的口译考试侧重点。（有学校侧重实用日常，有学校侧重政治政策）。然后，就考上了。就在众人的错愕中，考上了。
	
3，我高考结束就打工。大学寒暑假也打工。我就自己去各种超市问，赚点零花钱。考研结束也打工。赚零花钱，赚生活费。还不老少呢。朋友们也不想跟着我去面试去跑，那会儿老坐很久的公交车。
	
4，关于减肥。没有朋友成功，只有我。快130斤的我，饮食运动结合，瘦成50kg ，由于大骨头，我身高168，就没有再瘦，已经穿s号了。我挺满意。
	
5，毕业就去北京，小城市的我不想一辈子待在家里。然后自己出国，然后一直就没回家。
	
没有朋友像我这样。我也不玩抖音，小红书也前阵子才下载的。毕业自己出国工作过几年。资料都自己整理申请。由于反对声音太多，我也不跟别人过多讨论。后来来新西兰上学实习都是自己打电话问打电话预约，工作也非常快搞定。我不看小红书人们怎么说，因为耽误事。
	
我的朋友还有亲人，尤其亲人通过我的父母想我传达了很多所谓的为我好的忠言逆耳的话糙理不糙的生活哲理。不乏考教师，结婚，生孩子，看看人家等等。我都当耳旁风，任它吹。因为风总会停。
	
我现在快38了，我过挺好。#新西兰[话题]# #减肥[话题]##考研[话题]# #人生感悟[话题]#",,1760671952000,1760687629000,6732d26e0000000001003b16,momo,https://sns-avatar-qc.xhscdn.com/avatar/1040g2jo31faklh9i6a5g5ppiq9n08eomi316ch8,3.2万,1.3万,787,1427,,http://sns-webpic-qc.xhscdn.com/202512022220/4521ef223abef9f5f6778883229def45/1040g00831nno1namlm005ppiq9n08eomohr01jg!nd_dft_wlteh_webp_3,"新西兰,减肥,考研,人生感悟",1764685261212,https://www.xiaohongshu.com/explore/68f1b8d00000000004013959?xsec_token=AB55U98GkrVqcpNE9QWF5zG9ayPqwcaXNKw__OTZpphwE=&xsec_source=pc_search,考研,AB55U98GkrVqcpNE9QWF5zG9ayPqwcaXNKw__OTZpphwE=
67a9c8e80000000029010843,normal,26考研避雷贴英语篇！淋过雨给大家打一把伞,"现在2月份，26考研的也陆陆续续的开始准备了，但还没有开学，大家也只能看看学习经验贴，做做学习计划。
-
我考完25考研初试也有一个多月了，这一路备考其实还是有很多成长，也有遗憾的地方，零零散散写了一些备考的建议，如果大家觉得有帮助，可以点个小星星和收藏，之后继续给大家分享！！
“没有哪条路是顺畅的，既然选择了开始考研，就不要回头往前走就行了。”
希望大家都能有一个好结果！！
#考研英语[话题]# #考研英语经验贴[话题]# #考研准备[话题]# #考研经验[话题]# #考研经验分享[话题]# #考研资料分享[话题]# #考研英语课[话题]# #考研备考攻略[话题]# #考研是留给有准备的人[话题]# #考研过来人的避坑法则[话题]#",,1739180264000,1739180264000,5d083ea1000000001100d6d9,Xixi🍒,https://sns-avatar-qc.xhscdn.com/avatar/613c31025b73cc0909c56a78.jpg,2.1万,2.5万,547,1378,,"http://sns-webpic-qc.xhscdn.com/202512022220/378e1e9e9b8a2c881355af400847e9b9/1040g00831dng0hevh6005n887qgk9lmpqc70490!nd_dft_wlteh_webp_3,http://sns-webpic-qc.xhscdn.com/202512022220/08379af8f9d04f8942c25a6fd2a7bd57/1040g00831dng0hevh60g5n887qgk9lmpbd3gem0!nd_dft_wlteh_webp_3,http://sns-webpic-qc.xhscdn.com/202512022220/919fc7f285433ba0924d47730eb1909b/1040g00831dng0hevh6105n887qgk9lmp9ji8h5g!nd_dft_wlteh_webp_3,http://sns-webpic-qc.xhscdn.com/202512022220/0183cb397a30bf07ea8416d466d91ea7/1040g00831dng0hevh61g5n887qgk9lmpphfp4ko!nd_dft_wlteh_webp_3,http://sns-webpic-qc.xhscdn.com/202512022220/0c9e061a5cd92b68e78a77dc6cfae68c/1040g00831dng0hevh6205n887qgk9lmpesjg9co!nd_dft_wlteh_webp_3,http://sns-webpic-qc.xhscdn.com/202512022220/6e2eb39045df9642de02d37b7ad9f39f/1040g00831dng0hevh62g5n887qgk9lmp85alh2g!nd_dft_wlteh_webp_3","考研英语,考研英语经验贴,考研准备,考研经验,考研经验分享,考研资料分享,考研英语课,考研备考攻略,考研是留给有准备的人,考研过来人的避坑法则",1764685261226,https://www.xiaohongshu.com/explore/67a9c8e80000000029010843?xsec_token=AByxxBeG2gZ0dUzhcN6rdEK590yxgh2gxXmmBw9F7UVmk=&xsec_source=pc_search,考研,AByxxBeG2gZ0dUzhcN6rdEK590yxgh2gxXmmBw9F7UVmk=
68a5964c000000001b03ff3f,normal,因为考研上岸了，所以说点xhs上搜不到的,"大家好，我是双非一战423分上岸985的乌冬面，英一89分，思政80分，在备考期间，我看了很多网上的经验帖，发现很多要么是重复基础流程，要么是极端个例经验，真正能结合学科特点、具有落地实用性的方法好像没怎么出现过，但其实有些经验技巧是xhs不会教实际上却很有用的，所以今天我就从英语、政治、专业课的学习方法，以及心态建议、整体学习规划等方面，给大家分享一些实实在在的备考技巧。
#考研[话题]# #26考研[话题]# #考研上岸经验[话题]# #考研经验分享[话题]# #考研规划[话题]# #备考经验[话题]# #考研人[话题]#",,1755682380000,1755682381000,6698c8f9000000000d02493d,努力读研的乌冬面,https://sns-avatar-qc.xhscdn.com/avatar/1040g2jo315boq02ghe405pb6ku5v08d4d50dnmg,2.1万,2.3万,241,1382,,"http://sns-webpic-qc.xhscdn.com/202512022220/680b3e15069e9db8b4d4aa89da0d677a/notes_pre_post/1040g3k831ldcql0g58c05pkop3sjci9tdl2f64g!nd_dft_wlteh_webp_3,http://sns-webpic-qc.xhscdn.com/202512022220/6c412997a08b555f0feabc236d812e6d/notes_pre_post/1040g3k031ldcql0g586g5pkop3sjci9tto1v8ro!nd_dft_wlteh_webp_3,http://sns-webpic-qc.xhscdn.com/202512022220/b56ecc53693b1147d8bdba7f093cec3b/notes_pre_post/1040g3k031ldcql0g58205pkop3sjci9tnn09ibo!nd_dft_wlteh_webp_3,http://sns-webpic-qc.xhscdn.com/202512022220/406eebf75c70301f478a656279e86c0d/notes_pre_post/1040g3k831ldcqme658005pkop3sjci9t7ta52m0!nd_dft_wlteh_webp_3,http://sns-webpic-qc.xhscdn.com/202512022220/c011fc873621935dbc08cdda1d855557/notes_pre_post/1040g3k031ldcql0g585g5pkop3sjci9th9f253o!nd_dft_wlteh_webp_3,http://sns-webpic-qc.xhscdn.com/202512022220/418c4fce4926f781185a03f46998066a/notes_pre_post/1040g3k831ldcqloflm005pkop3sjci9t1ejj468!nd_dft_wlteh_webp_3,http://sns-webpic-qc.xhscdn.com/202512022220/1d7acf9e52d6a0bbdc13db6e0de88f10/notes_pre_post/1040g3k031ldcql445o005pkop3sjci9tblve50o!nd_dft_wlteh_webp_3","考研,26考研,考研上岸经验,考研经验分享,考研规划,备考经验,考研人",1764685261229,https://www.xiaohongshu.com/explore/68a5964c000000001b03ff3f?xsec_token=ABLDHfGFHsvFFW7QDJswSA0EMtB_Yrvx1THp-2xgV-cP0=&xsec_source=pc_search,考研,ABLDHfGFHsvFFW7QDJswSA0EMtB_Yrvx1THp-2xgV-cP0=
689c1c40000000001d00a6a7,video,难走的路才是上坡路📈,"最后这段路，总有人说“时间不够了”“还有好多没看完”。可你有没有发现？那些让你焦虑的“未完成”，恰恰是你咬着牙走到现在的证据☀️
	
你记不清刷了多少题、背了多少页笔记，却记得凌晨台灯的光、深夜走廊的脚步声。那些被你反复标注的重点、写满批注的错题，早就悄悄在你心里搭好了框架。你以为的“学不完”，不过是知识在扎根时的阵痛——越往后，越密集，越深刻💪
	
别慌，也别停。考研从不是“学完所有”的游戏，而是“在坚持里靠近更好”的修行。现在的每一页翻书、每一次默写，都是在给最后那场考试攒底气。你走过的每一步都算数，那些看似没覆盖的知识点，早被你在日复一日的坚持里，织成了一张足够结实的网🕸️
	
再咬咬牙，再撑一撑。当你觉得“快熬不住”的时候，其实已经站在了离上岸最近的地方。加油，那个在深夜里仍在发光的你，值得一个闪闪发光的未来！✨
#难走的路都是上坡路[话题]# #难走的路从不拥挤[话题]# #自己选的路跪着也要走完[话题]# #道路是曲折的前途是光明的[话题]##考研政治[话题]# #考研政治腿姐[话题]#",http://sns-video-bd.xhscdn.com/pre_post/1040g0cg31l44gm1sjq004bs1h30jlbkgvoqacgo,1755061312000,1755061313000,5bf2413ae2b930000105ae90,oo雪顶气泡oo,https://sns-avatar-qc.xhscdn.com/avatar/1040g2jo31p7si3cu26004bs1h30jlbkg5861ie8,1.9万,4012,203,169,,http://sns-webpic-qc.xhscdn.com/202512022220/5a2667fb138a9949a797cc406ae469e8/1040g2sg31l44gm21iae04bs1h30jlbkg06vbd80!nd_dft_wlteh_webp_3,"难走的路都是上坡路,难走的路从不拥挤,自己选的路跪着也要走完,道路是曲折的前途是光明的,考研政治,考研政治腿姐",1764685261236,https://www.xiaohongshu.com/explore/689c1c40000000001d00a6a7?xsec_token=ABIWMXYaW6yljxT9F_igVqn8YNKqDYrrZsxp6dgtmB-H4=&xsec_source=pc_search,考研,ABIWMXYaW6yljxT9F_igVqn8YNKqDYrrZsxp6dgtmB-H4=
691e9afd000000001e03ab75,normal,就这么把肖四肖八吃透,"马不停蹄复盘第二套 今天又是收获满满
肖八的知识点涉及真的好广泛
并且考察的设问点基本也不会重复
复盘两套之后感觉做题会更有自信很多
谢谢大家对我的认可 电子版评价也蛮好的 第二套更啦
我会继续努力的
#考研政治[话题]# #笔记[话题]# #政治[话题]# #26考研[话题]##肖八[话题]# #学习日常[话题]# #考研[话题]# #背诵手册[话题]# #肖四[话题]# #肖秀荣[话题]#",,1763613437000,1763613438000,660e6a2b000000000600c3dd,咕咕蘑咕,https://sns-avatar-qc.xhscdn.com/avatar/1040g2jo31b3au9ufng005pged8lhhgutc0s9o7g,1.6万,1.1万,268,1504,江苏,"http://sns-webpic-qc.xhscdn.com/202512022220/d0fe732b7f5b787620fa00b7fcedfa7e/note_pre_post_uhdr/1040g3r831p3ig984is705pged8lhhgutkfmt0g8!nd_dft_wlteh_webp_3,http://sns-webpic-qc.xhscdn.com/202512022220/81953905f84c1549691e3170462c99dc/notes_uhdr/1040g3qo31p3il5jc2u7g5pged8lhhgut199139g!nd_dft_wlteh_webp_3,http://sns-webpic-qc.xhscdn.com/202512022220/01454105b22f4ec72bfd6525731bde3c/notes_uhdr/1040g3qo31p3il5jc2u705pged8lhhguturisk90!nd_dft_wlteh_webp_3","考研政治,笔记,政治,26考研,肖八,学习日常,考研,背诵手册,肖四,肖秀荣",1764685261242,https://www.xiaohongshu.com/explore/691e9afd000000001e03ab75?xsec_token=AB4PGOUy9oImxB-nA7oq9kZQDSEILdBQcVeoKFNmqD538=&xsec_source=pc_search,考研,AB4PGOUy9oImxB-nA7oq9kZQDSEILdBQcVeoKFNmqD538=
689db508000000001d03a77b,normal,这句话杀死了我考研期间的所有幻想,"趁现在还来得及，希望你立刻马上，行动起来！！！
#26考研[话题]# #我的考研[话题]# #考研[话题]# #考研加油[话题]#",,1755165960000,1755576741000,68764b49000000001d017a83,森野芝芝,https://sns-avatar-qc.xhscdn.com/avatar/1040g2jo31lbv9rqc5o605q3m9d4nauk3f7fdjgg,1.5万,8415,163,597,,"http://sns-webpic-qc.xhscdn.com/202512022220/b703d3b82c2f17785c3951055e3c41a9/1040g00831l5mik1hiu6g5q3m9d4nauk3sh93m7g!nd_dft_wlteh_webp_3,http://sns-webpic-qc.xhscdn.com/202512022220/53f111147605a8d5ea65bd456848a10d/1040g00831l5mik1hiu405q3m9d4nauk3t0k59m0!nd_dft_wlteh_webp_3,http://sns-webpic-qc.xhscdn.com/202512022220/8dde9f470ab80391af0dfeaa6cf28c39/1040g00831l5mik1hiu605q3m9d4nauk37081rao!nd_dft_wlteh_webp_3,http://sns-webpic-qc.xhscdn.com/202512022220/ad6f68f0455de4bfc2de03c7f3d5a2e7/1040g00831l5mik1hiu5g5q3m9d4nauk3td6b5so!nd_dft_wlteh_webp_3","26考研,我的考研,考研,考研加油",1764685261245,https://www.xiaohongshu.com/explore/689db508000000001d03a77b?xsec_token=ABKB9u9w6p61BaJZBa6NzKSDbcqDoBQAxrRCCWidFuxpU=&xsec_source=pc_search,考研,ABKB9u9w6p61BaJZBa6NzKSDbcqDoBQAxrRCCWidFuxpU=
69199cce0000000004002c54,normal,因为前两年一直在混 已经很久没像高中那样用心投入学习 一想到明年初要开始跟大家一起去图书馆备考咋觉得有点兴奋[微笑R]不要骂我 我知道备考很痛苦 希望明年我自己看到这篇帖子不会觉得自己有病#考研[话题]#,因为前两年一直在混 已经很久没像高中那样用心投入学习 一想到明年初要开始跟大家一起去图书馆备考咋觉得有点兴奋[微笑R]不要骂我 我知道备考很痛苦 希望明年我自己看到这篇帖子不会觉得自己有病#考研[话题]#,,1763286222000,1763286222000,660685fa000000000b032ee0,提前焦虑就是贷款赤石,https://sns-avatar-qc.xhscdn.com/avatar/1040g2jo31nul8i596m005pg6gnt2ubn0go90u98,1.2万,6060,2533,667,湖南,http://sns-webpic-qc.xhscdn.com/202512022220/3c226ac6f1e1ce0499ad2e5457d94a67/1040g2sg31oumhtq11ge05pg6gnt2ubn02ivvb1o!nd_dft_wlteh_webp_3,考研,1764685261255,https://www.xiaohongshu.com/explore/69199cce0000000004002c54?xsec_token=ABRVcy1Noqx5Tm6gwcLOqiRhBTdVPVDPvMjZROFSQWHqw=&xsec_source=pc_search,考研,ABRVcy1Noqx5Tm6gwcLOqiRhBTdVPVDPvMjZROFSQWHqw=
68e7e041000000000302d727,video,请务必极致的相信自己,"明天考研报名，今天不多说了，做就不要怕，怕就别做。我当时选复旦，我就极致相信自己。哪怕最后我考不上我也能接受，因为我问心无愧了。如今我在学校一个月了，完全不能祛魅，很幸福很充实，体验不过来，今天刚上完口琴课，后天还能体验高尔夫，之后再去学射箭。最近参加了好几场学校音乐节，我就是一个爱玩的人，完全满足我对复旦的幻想。所以最后这段时间，拼尽全力，别留遗憾。
#请相信自己[话题]# #请务必一而再再而三救自己[话题]# #不要怀疑自己[话题]# #不要给自己设限[话题]# #考研上岸经验[话题]# #enfp[话题]# #考研上岸[话题]# #复旦大学[话题]# #相信自己一定能行[话题]#",http://sns-video-bd.xhscdn.com/pre_post/1040g0cg31ne473hu58l05o7qfl0086flvchh33o,1760026689000,1760026690000,60fa7d4000000000010019f5,懒觉毛毛,https://sns-avatar-qc.xhscdn.com/avatar/1040g2jo31hohbv3l3q005o7qfl0086flvfu38co,9369,1901,199,171,,http://sns-webpic-qc.xhscdn.com/202512022221/e536288138afafbdbc558649ff39384f/1040g00831ne473i45m005o7qfl0086flit4dj2o!nd_dft_wlteh_webp_3,"请相信自己,请务必一而再再而三救自己,不要怀疑自己,不要给自己设限,考研上岸经验,enfp,考研上岸,复旦大学,相信自己一定能行",1764685261262,https://www.xiaohongshu.com/explore/68e7e041000000000302d727?xsec_token=AB6xh2mX7kIbFnhGWeA_4ShFSPKVr336FTF2wUlEfrv74=&xsec_source=pc_search,考研,AB6xh2mX7kIbFnhGWeA_4ShFSPKVr336FTF2wUlEfrv74=
692c8362000000001902678d,video,如果考研你快坚持不下去了,那请你一定看完这个视频，相信会给你一点力量#考研加油[话题]# #考研[话题]#,http://sns-video-bd.xhscdn.com/1040g00g31ph586tuig005n2usk06ijnnjsmv420,1764524898000,1764524899000,5c5ee500000000001a014ef7,兔兔不秃,https://sns-avatar-qc.xhscdn.com/avatar/61de739c2d65ecf280bc15fc.jpg,6846,1082,762,651,甘肃,http://sns-webpic-qc.xhscdn.com/202512022230/890a1c7fe6b28046b89eeefd61a94fea/1040g2sg31ph586tuio705n2usk06ijnnn15rctg!nd_dft_wlteh_webp_3,"考研加油,考研",1764685850978,https://www.xiaohongshu.com/explore/692c8362000000001902678d?xsec_token=AB3pw5HPgKU69T9KztkZxERVIBwlKElRhyEnNqsYJY6uU=&xsec_source=pc_search,考研,AB3pw5HPgKU69T9KztkZxERVIBwlKElRhyEnNqsYJY6uU=
6826f8a3000000000303a09a,normal,考研英语核心高频500词,"给大家整理了一份考研英语核心高频词汇！
一共500个，附带音标和考频~
每天背下50个，10天就背完啦！
#高中英语笔记[话题]# #词根词缀[话题]# #每天背单词[话题]# #考研英语一[话题]#",,1747384483000,1747384484000,6596c5e10000000022007ace,Star.⭐_⭐,https://sns-avatar-qc.xhscdn.com/avatar/1040g2jo31hhki7kk3q6g5pcmongogume2v4lgr0,6113,5187,183,699,,"http://sns-webpic-qc.xhscdn.com/202512022230/f8e198a2adc8e6e42584ff5f9ee81b8a/notes_pre_post/1040g3k831hho2ac3ji605pcmongogume9srnmlo!nd_dft_wlteh_webp_3,http://sns-webpic-qc.xhscdn.com/202512022230/2fc0c30c57cfc8a28ccd4ab63270ac67/notes_pre_post/1040g3k031hho2ac43q605pcmongogumeadig0ko!nd_dft_wlteh_webp_3,http://sns-webpic-qc.xhscdn.com/202512022230/9df1b171179da1e873f1705e42afae25/notes_pre_post/1040g3k031hho2agc3o6g5pcmongogume7stkab8!nd_dft_wlteh_webp_3,http://sns-webpic-qc.xhscdn.com/202512022230/c8183aeb4d4d77d4073ece4a1359be2b/notes_pre_post/1040g3k031hho2agc3s605pcmongogume6bnr00g!nd_dft_wlteh_webp_3,http://sns-webpic-qc.xhscdn.com/202512022230/12a4aaadf33fe0bc554b803bacee5f7c/notes_pre_post/1040g3k031hho2ag63u6g5pcmongogumeq0of15o!nd_dft_wlteh_webp_3,http://sns-webpic-qc.xhscdn.com/202512022230/afb177ab091a330434a956d39646ad8c/notes_pre_post/1040g3k031hho2afq3u605pcmongogumeiqfcr40!nd_dft_wlteh_webp_3","高中英语笔记,词根词缀,每天背单词,考研英语一",1764685850987,https://www.xiaohongshu.com/explore/6826f8a3000000000303a09a?xsec_token=ABu8ELIyT_VfwucGUgVDAmxbfh8mMBWgBApJ3NpaTg5Uw=&xsec_source=pc_search,考研,ABu8ELIyT_VfwucGUgVDAmxbfh8mMBWgBApJ3NpaTg5Uw=
6916a6cd000000001b031bba,normal,柴荣老师阅读方法论总结！,"柴荣老师阅读方法论总结来啦！很长，整理了很久，大家认真看👀完哦！
看完之后用《考研英语真题真刷》二刷的时候看看做题方法能不能用上！如果有不理解的一定要结合真题真刷里有解析多看看哦！
#26考研[话题]# #考研经验分享[话题]# #考研[话题]# #考研英语长难句[话题]# #考研英语[话题]# #考研英语阅读[话题]# #考研英语真题[话题]# #考研英语真题真刷[话题]# #考研英语绿皮书[话题]# #英语阅读理解[话题]#",,1763283901000,1764226037000,67c67bc2000000000a03d842,考研的momo,https://sns-avatar-qc.xhscdn.com/avatar/1040g2jo31em85bdulk005pu6ff12nm220nqe0b0,5736,5212,53,569,山东,"http://sns-webpic-qc.xhscdn.com/202512022230/5177929ae4d75e7795a41dec46117f48/1040g2sg31orq3a01hge05pu6ff12nm220ktnpe0!nd_dft_wlteh_webp_3,http://sns-webpic-qc.xhscdn.com/202512022230/7473c6ea5ffa42996012f2a5decc9a54/1040g2sg31orq3a01hgeg5pu6ff12nm22drg5rt0!nd_dft_wlteh_webp_3,http://sns-webpic-qc.xhscdn.com/202512022230/dd23913e54535598bd021316ded1d072/1040g2sg31orq3a01hgf05pu6ff12nm22p5sv9gg!nd_dft_wlteh_webp_3,http://sns-webpic-qc.xhscdn.com/202512022230/1abf8e4d7adb6686a1e3499659936f84/1040g2sg31orq3a01hgfg5pu6ff12nm22d9dpgao!nd_dft_wlteh_webp_3,http://sns-webpic-qc.xhscdn.com/202512022230/90c854c87ed10117388acc144358ae24/1040g2sg31orq3a01hgg05pu6ff12nm22au07tg8!nd_dft_wlteh_webp_3,http://sns-webpic-qc.xhscdn.com/202512022230/5a146d94a112adfc976e9e4fe247726f/1040g2sg31orq3a01hggg5pu6ff12nm22mnk83k0!nd_dft_wlteh_webp_3,http://sns-webpic-qc.xhscdn.com/202512022230/a5f141afec4303954e0e05a29d1709d8/1040g2sg31orq3a01hgh05pu6ff12nm22j6l3pao!nd_dft_wlteh_webp_3,http://sns-webpic-qc.xhscdn.com/202512022230/9ae86eac297171980b5c336c2f67ec87/1040g2sg31orq3a01hghg5pu6ff12nm221cajshg!nd_dft_wlteh_webp_3,http://sns-webpic-qc.xhscdn.com/202512022230/5890a6139877a01b276ac96854a0ad86/1040g2sg31orq3a01hgi05pu6ff12nm22j1dcamg!nd_dft_wlteh_webp_3,http://sns-webpic-qc.xhscdn.com/202512022230/b5160d9ad91b76664ff348b4939a3ecc/1040g2sg31orq3a01hgig5pu6ff12nm2279t61p8!nd_dft_wlteh_webp_3,http://sns-webpic-qc.xhscdn.com/202512022230/9c7aeed1901e0875d07afc1616ab95e4/1040g2sg31orq3a01hgj05pu6ff12nm22jrusbo0!nd_dft_wlteh_webp_3,http://sns-webpic-qc.xhscdn.com/202512022230/4c1c76db2efe3615c7c57bc682a79c56/1040g2sg31orq3a01hgjg5pu6ff12nm22k9225mg!nd_dft_wlteh_webp_3,http://sns-webpic-qc.xhscdn.com/202512022230/9f5544febe87f03dfd8fa55b7ad6aeb4/1040g2sg31orq3a01hgk05pu6ff12nm22dqmmotg!nd_dft_wlteh_webp_3,http://sns-webpic-qc.xhscdn.com/202512022230/1bcc64969ede14955a267649e4a5ff6d/1040g2sg31orq3a01hgkg5pu6ff12nm225ao6hbo!nd_dft_wlteh_webp_3,http://sns-webpic-qc.xhscdn.com/202512022230/9f371bb603a2a058fbb3ba4fa89cd925/1040g2sg31orq3a1thg705pu6ff12nm226laljoo!nd_dft_wlteh_webp_3,http://sns-webpic-qc.xhscdn.com/202512022230/80561b0ad363d353bba7c951324ae895/1040g2sg31orq3a1thg7g5pu6ff12nm2285ihtm8!nd_dft_wlteh_webp_3,http://sns-webpic-qc.xhscdn.com/202512022230/2008b56395ec6f25e1c220eb082b4862/1040g2sg31orq3a1thg805pu6ff12nm224mvkclg!nd_dft_wlteh_webp_3,http://sns-webpic-qc.xhscdn.com/202512022230/8cd33a685dd9b8c25ecee09ab1cdd2e5/1040g2sg31orq3a1thg8g5pu6ff12nm220fll6a8!nd_dft_wlteh_webp_3","26考研,考研经验分享,考研,考研英语长难句,考研英语,考研英语阅读,考研英语真题,考研英语真题真刷,考研英语绿皮书,英语阅读理解",1764685850994,https://www.xiaohongshu.com/explore/6916a6cd000000001b031bba?xsec_token=ABZOxJ2QvR6_x322n06Pq2CaXOrfdhHDN2g-s13D87tXs=&xsec_source=pc_search,考研,ABZOxJ2QvR6_x322n06Pq2CaXOrfdhHDN2g-s13D87tXs=
692953ed000000001f0042c6,normal,"老己，
还剩21天了你咋还不早起#26考研[话题]#","老己，
还剩21天了你咋还不早起#26考研[话题]#",,1764316141000,1764316142000,63121ee8000000001200211f,幸运分子,https://sns-avatar-qc.xhscdn.com/avatar/1040g2jo31p9b8pu23c005ooi3rk4g88v52mgtc0,4557,377,1915,868,山东,http://sns-webpic-qc.xhscdn.com/202512022230/b9e3fc51f8d75c47ae3c6e9db4331746/1040g00831pe1kjl4io005ooi3rk4g88vqll08k0!nd_dft_wlteh_webp_3,26考研,1764685851014,https://www.xiaohongshu.com/explore/692953ed000000001f0042c6?xsec_token=ABaY3SbIb3HkJpjitPATEut9xfbribdUFi8N7UCIRvy1k=&xsec_source=pc_search,考研,ABaY3SbIb3HkJpjitPATEut9xfbribdUFi8N7UCIRvy1k=
691fc0e1000000001e0224f3,normal,有没有去年上岸的考研人现身说法，去年你们也这样感觉四面漏风，要完蛋了吗？（不考数学）[哭惹R][哭惹R][哭惹R] #考研人的心理状态[话题]# #考研人[话题]# #26考研[话题]# #很担心考研人的精神状态[话题]#,有没有去年上岸的考研人现身说法，去年你们也这样感觉四面漏风，要完蛋了吗？（不考数学）[哭惹R][哭惹R][哭惹R] #考研人的心理状态[话题]# #考研人[话题]# #26考研[话题]# #很担心考研人的精神状态[话题]#,,1763688673000,1763688673000,67fb667d000000000801482d,`~´,https://sns-avatar-qc.xhscdn.com/avatar/1040g2jo31p9uuco1jc5g5pvrcpui2i1dnkjn28g,4056,1664,1439,271,四川,http://sns-webpic-qc.xhscdn.com/202512022230/3b973bc915cdb5c4289e481124ff0052/1040g00831p4mgslj2o6g5pvrcpui2i1dn5peui8!nd_dft_wlteh_webp_3,"考研人的心理状态,考研人,26考研,很担心考研人的精神状态",1764685851033,https://www.xiaohongshu.com/explore/691fc0e1000000001e0224f3?xsec_token=AB1s-5Saa0LG7aVo-CQei3JiPY6Tk4YFWQt6vYRkzyfUw=&xsec_source=pc_search,考研,AB1s-5Saa0LG7aVo-CQei3JiPY6Tk4YFWQt6vYRkzyfUw=
690772630000000003038117,video,能解决的事急什么？不能解决的事又急什么？,"解决自己能解决的事，剩下的顺其自然。问心无愧即可。
#复旦大学[话题]# #考研上岸经验[话题]# #enfp[话题]# #请务必一而再再而三救自己[话题]# #事与愿违必定另有安排[话题]#",http://sns-video-bd.xhscdn.com/pre_post/1040g0cg31ocustri06005o7qfl0086flb2md88o,1762095715000,1762095715000,60fa7d4000000000010019f5,懒觉毛毛,https://sns-avatar-qc.xhscdn.com/avatar/1040g2jo31hohbv3l3q005o7qfl0086flvfu38co,3709,774,82,73,上海,http://sns-webpic-qc.xhscdn.com/202512022230/e8affb429aa1df3d002893865fb358c1/1040g00831ocustrhg6005o7qfl0086flhlr6qs0!nd_dft_wlteh_webp_3,"复旦大学,考研上岸经验,enfp,请务必一而再再而三救自己,事与愿违必定另有安排",1764685851039,https://www.xiaohongshu.com/explore/690772630000000003038117?xsec_token=ABJ3RHwNBqi2ZjleDPNZqaNamxhznbjTe_ftK1JmThtlw=&xsec_source=pc_search,考研,ABJ3RHwNBqi2ZjleDPNZqaNamxhznbjTe_ftK1JmThtlw=
